ISO-10303-21;
HEADER;
/* Generated by software containing ST-Developer
 * from STEP Tools, Inc. (www.steptools.com) 
 */
/* OPTION: using custom schema-name function */

FILE_DESCRIPTION(
/* description */ (''),
/* implementation_level */ '2;1');

FILE_NAME(
/* name */ '',
/* time_stamp */ '2017-12-08T10:19:55+08:00',
/* author */ (''),
/* organization */ (''),
/* preprocessor_version */ 'ST-DEVELOPER v15',
/* originating_system */ 'SIEMENS PLM Software NX 8.5',
/* authorisation */ '');

FILE_SCHEMA (('CONFIG_CONTROL_DESIGN'));
ENDSEC;

DATA;
#10=CONTEXT_DEPENDENT_SHAPE_REPRESENTATION(#12,#182);
#11=NEXT_ASSEMBLY_USAGE_OCCURRENCE('1001',' ','86340536000_A',#184,#183,
$);
#12=(
REPRESENTATION_RELATIONSHIP(' ',' ',#200,#201)
REPRESENTATION_RELATIONSHIP_WITH_TRANSFORMATION(#13)
SHAPE_REPRESENTATION_RELATIONSHIP()
);
#13=ITEM_DEFINED_TRANSFORMATION(' ',' ',#9076,#9889);
#14=SHAPE_REPRESENTATION_RELATIONSHIP('MODEL',
'relationship between 86340536000_a-MODEL and 86340536000_a-MODEL',#200,
#16);
#15=SHAPE_REPRESENTATION_RELATIONSHIP('None',
'relationship between 45274461000_c-None and 45274461000_c-None',#201,#17);
#16=ADVANCED_BREP_SHAPE_REPRESENTATION('86340536000_a-MODEL',(#2106),#15543);
#17=ADVANCED_BREP_SHAPE_REPRESENTATION('45274461000_c-None',(#2099,#2100,
#2101,#2102,#2103,#2104,#2105),#15542);
#18=CC_DESIGN_APPROVAL(#46,(#183));
#19=CC_DESIGN_APPROVAL(#47,(#187));
#20=CC_DESIGN_APPROVAL(#48,(#63));
#21=CC_DESIGN_APPROVAL(#49,(#184));
#22=CC_DESIGN_APPROVAL(#50,(#188));
#23=CC_DESIGN_APPROVAL(#51,(#64));
#24=CC_DESIGN_APPROVAL(#52,(#65));
#25=APPROVAL_PERSON_ORGANIZATION(#149,#46,#32);
#26=APPROVAL_PERSON_ORGANIZATION(#150,#47,#33);
#27=APPROVAL_PERSON_ORGANIZATION(#151,#48,#34);
#28=APPROVAL_PERSON_ORGANIZATION(#156,#49,#35);
#29=APPROVAL_PERSON_ORGANIZATION(#157,#50,#36);
#30=APPROVAL_PERSON_ORGANIZATION(#158,#51,#37);
#31=APPROVAL_PERSON_ORGANIZATION(#160,#52,#38);
#32=APPROVAL_ROLE('approver');
#33=APPROVAL_ROLE('approver');
#34=APPROVAL_ROLE('approver');
#35=APPROVAL_ROLE('approver');
#36=APPROVAL_ROLE('approver');
#37=APPROVAL_ROLE('approver');
#38=APPROVAL_ROLE('approver');
#39=APPROVAL_DATE_TIME(#81,#46);
#40=APPROVAL_DATE_TIME(#82,#47);
#41=APPROVAL_DATE_TIME(#83,#48);
#42=APPROVAL_DATE_TIME(#86,#49);
#43=APPROVAL_DATE_TIME(#87,#50);
#44=APPROVAL_DATE_TIME(#88,#51);
#45=APPROVAL_DATE_TIME(#90,#52);
#46=APPROVAL(#53,' ');
#47=APPROVAL(#54,' ');
#48=APPROVAL(#55,' ');
#49=APPROVAL(#56,' ');
#50=APPROVAL(#57,' ');
#51=APPROVAL(#58,' ');
#52=APPROVAL(#59,' ');
#53=APPROVAL_STATUS('not_yet_approved');
#54=APPROVAL_STATUS('not_yet_approved');
#55=APPROVAL_STATUS('not_yet_approved');
#56=APPROVAL_STATUS('not_yet_approved');
#57=APPROVAL_STATUS('not_yet_approved');
#58=APPROVAL_STATUS('not_yet_approved');
#59=APPROVAL_STATUS('not_yet_approved');
#60=CC_DESIGN_SECURITY_CLASSIFICATION(#63,(#187));
#61=CC_DESIGN_SECURITY_CLASSIFICATION(#64,(#188));
#62=CC_DESIGN_SECURITY_CLASSIFICATION(#65,(#11));
#63=SECURITY_CLASSIFICATION(' ',' ',#66);
#64=SECURITY_CLASSIFICATION(' ',' ',#67);
#65=SECURITY_CLASSIFICATION(' ',' ',#68);
#66=SECURITY_CLASSIFICATION_LEVEL('confidential');
#67=SECURITY_CLASSIFICATION_LEVEL('confidential');
#68=SECURITY_CLASSIFICATION_LEVEL('confidential');
#69=CC_DESIGN_DATE_AND_TIME_ASSIGNMENT(#79,#74,(#183));
#70=CC_DESIGN_DATE_AND_TIME_ASSIGNMENT(#80,#75,(#63));
#71=CC_DESIGN_DATE_AND_TIME_ASSIGNMENT(#84,#76,(#184));
#72=CC_DESIGN_DATE_AND_TIME_ASSIGNMENT(#85,#77,(#64));
#73=CC_DESIGN_DATE_AND_TIME_ASSIGNMENT(#89,#78,(#65));
#74=DATE_TIME_ROLE('creation_date');
#75=DATE_TIME_ROLE('classification_date');
#76=DATE_TIME_ROLE('creation_date');
#77=DATE_TIME_ROLE('classification_date');
#78=DATE_TIME_ROLE('classification_date');
#79=DATE_AND_TIME(#115,#91);
#80=DATE_AND_TIME(#116,#92);
#81=DATE_AND_TIME(#117,#93);
#82=DATE_AND_TIME(#118,#94);
#83=DATE_AND_TIME(#119,#95);
#84=DATE_AND_TIME(#120,#96);
#85=DATE_AND_TIME(#121,#97);
#86=DATE_AND_TIME(#122,#98);
#87=DATE_AND_TIME(#123,#99);
#88=DATE_AND_TIME(#124,#100);
#89=DATE_AND_TIME(#125,#101);
#90=DATE_AND_TIME(#126,#102);
#91=LOCAL_TIME(0,0,0.,#103);
#92=LOCAL_TIME(0,0,0.,#104);
#93=LOCAL_TIME(0,0,0.,#105);
#94=LOCAL_TIME(0,0,0.,#106);
#95=LOCAL_TIME(0,0,0.,#107);
#96=LOCAL_TIME(0,0,0.,#108);
#97=LOCAL_TIME(0,0,0.,#109);
#98=LOCAL_TIME(0,0,0.,#110);
#99=LOCAL_TIME(0,0,0.,#111);
#100=LOCAL_TIME(0,0,0.,#112);
#101=LOCAL_TIME(0,0,0.,#113);
#102=LOCAL_TIME(0,0,0.,#114);
#103=COORDINATED_UNIVERSAL_TIME_OFFSET(0,0,.BEHIND.);
#104=COORDINATED_UNIVERSAL_TIME_OFFSET(0,0,.BEHIND.);
#105=COORDINATED_UNIVERSAL_TIME_OFFSET(0,0,.BEHIND.);
#106=COORDINATED_UNIVERSAL_TIME_OFFSET(0,0,.BEHIND.);
#107=COORDINATED_UNIVERSAL_TIME_OFFSET(0,0,.BEHIND.);
#108=COORDINATED_UNIVERSAL_TIME_OFFSET(0,0,.BEHIND.);
#109=COORDINATED_UNIVERSAL_TIME_OFFSET(0,0,.BEHIND.);
#110=COORDINATED_UNIVERSAL_TIME_OFFSET(0,0,.BEHIND.);
#111=COORDINATED_UNIVERSAL_TIME_OFFSET(0,0,.BEHIND.);
#112=COORDINATED_UNIVERSAL_TIME_OFFSET(0,0,.BEHIND.);
#113=COORDINATED_UNIVERSAL_TIME_OFFSET(0,0,.BEHIND.);
#114=COORDINATED_UNIVERSAL_TIME_OFFSET(0,0,.BEHIND.);
#115=CALENDAR_DATE(0,1,1);
#116=CALENDAR_DATE(0,1,1);
#117=CALENDAR_DATE(0,1,1);
#118=CALENDAR_DATE(0,1,1);
#119=CALENDAR_DATE(0,1,1);
#120=CALENDAR_DATE(0,1,1);
#121=CALENDAR_DATE(0,1,1);
#122=CALENDAR_DATE(0,1,1);
#123=CALENDAR_DATE(0,1,1);
#124=CALENDAR_DATE(0,1,1);
#125=CALENDAR_DATE(0,1,1);
#126=CALENDAR_DATE(0,1,1);
#127=CC_DESIGN_PERSON_AND_ORGANIZATION_ASSIGNMENT(#145,#136,(#183,#187));
#128=CC_DESIGN_PERSON_AND_ORGANIZATION_ASSIGNMENT(#146,#137,(#191));
#129=CC_DESIGN_PERSON_AND_ORGANIZATION_ASSIGNMENT(#147,#138,(#187));
#130=CC_DESIGN_PERSON_AND_ORGANIZATION_ASSIGNMENT(#148,#139,(#63));
#131=CC_DESIGN_PERSON_AND_ORGANIZATION_ASSIGNMENT(#152,#140,(#184,#188));
#132=CC_DESIGN_PERSON_AND_ORGANIZATION_ASSIGNMENT(#153,#141,(#192));
#133=CC_DESIGN_PERSON_AND_ORGANIZATION_ASSIGNMENT(#154,#142,(#188));
#134=CC_DESIGN_PERSON_AND_ORGANIZATION_ASSIGNMENT(#155,#143,(#64));
#135=CC_DESIGN_PERSON_AND_ORGANIZATION_ASSIGNMENT(#159,#144,(#65));
#136=PERSON_AND_ORGANIZATION_ROLE('creator');
#137=PERSON_AND_ORGANIZATION_ROLE('design_owner');
#138=PERSON_AND_ORGANIZATION_ROLE('design_supplier');
#139=PERSON_AND_ORGANIZATION_ROLE('classification_officer');
#140=PERSON_AND_ORGANIZATION_ROLE('creator');
#141=PERSON_AND_ORGANIZATION_ROLE('design_owner');
#142=PERSON_AND_ORGANIZATION_ROLE('design_supplier');
#143=PERSON_AND_ORGANIZATION_ROLE('classification_officer');
#144=PERSON_AND_ORGANIZATION_ROLE('classification_officer');
#145=PERSON_AND_ORGANIZATION(#177,#161);
#146=PERSON_AND_ORGANIZATION(#177,#162);
#147=PERSON_AND_ORGANIZATION(#177,#163);
#148=PERSON_AND_ORGANIZATION(#177,#164);
#149=PERSON_AND_ORGANIZATION(#177,#165);
#150=PERSON_AND_ORGANIZATION(#177,#166);
#151=PERSON_AND_ORGANIZATION(#177,#167);
#152=PERSON_AND_ORGANIZATION(#177,#168);
#153=PERSON_AND_ORGANIZATION(#177,#169);
#154=PERSON_AND_ORGANIZATION(#177,#170);
#155=PERSON_AND_ORGANIZATION(#177,#171);
#156=PERSON_AND_ORGANIZATION(#177,#172);
#157=PERSON_AND_ORGANIZATION(#177,#173);
#158=PERSON_AND_ORGANIZATION(#177,#174);
#159=PERSON_AND_ORGANIZATION(#177,#175);
#160=PERSON_AND_ORGANIZATION(#177,#176);
#161=ORGANIZATION(' ',' ',' ');
#162=ORGANIZATION(' ',' ',' ');
#163=ORGANIZATION(' ',' ',' ');
#164=ORGANIZATION(' ',' ',' ');
#165=ORGANIZATION(' ',' ',' ');
#166=ORGANIZATION(' ',' ',' ');
#167=ORGANIZATION(' ',' ',' ');
#168=ORGANIZATION(' ',' ',' ');
#169=ORGANIZATION(' ',' ',' ');
#170=ORGANIZATION(' ',' ',' ');
#171=ORGANIZATION(' ',' ',' ');
#172=ORGANIZATION(' ',' ',' ');
#173=ORGANIZATION(' ',' ',' ');
#174=ORGANIZATION(' ',' ',' ');
#175=ORGANIZATION(' ',' ',' ');
#176=ORGANIZATION(' ',' ',' ');
#177=PERSON(' ',' ',' ',(' '),$,$);
#178=SHAPE_DEFINITION_REPRESENTATION(#180,#200);
#179=SHAPE_DEFINITION_REPRESENTATION(#181,#201);
#180=PRODUCT_DEFINITION_SHAPE('','',#183);
#181=PRODUCT_DEFINITION_SHAPE('','',#184);
#182=PRODUCT_DEFINITION_SHAPE(' ','NAUO PRDDFN',#11);
#183=PRODUCT_DEFINITION(' ','',#187,#185);
#184=PRODUCT_DEFINITION(' ','',#188,#186);
#185=DESIGN_CONTEXT('',#199,'design');
#186=DESIGN_CONTEXT('',#199,'design');
#187=PRODUCT_DEFINITION_FORMATION_WITH_SPECIFIED_SOURCE(' ',' ',#191,
 .NOT_KNOWN.);
#188=PRODUCT_DEFINITION_FORMATION_WITH_SPECIFIED_SOURCE(' ',' ',#192,
 .NOT_KNOWN.);
#189=PRODUCT_RELATED_PRODUCT_CATEGORY('detail','',(#191));
#190=PRODUCT_RELATED_PRODUCT_CATEGORY('detail','',(#192));
#191=PRODUCT('86340536000_a','86340536000_a',' ',(#196));
#192=PRODUCT('45274461000_c','45274461000_c',' ',(#197));
#193=PRODUCT_CATEGORY('part',' ');
#194=PRODUCT_CATEGORY(' ','');
#195=PRODUCT_CATEGORY(' ','');
#196=MECHANICAL_CONTEXT(' ',#199,'mechanical');
#197=MECHANICAL_CONTEXT(' ',#199,'mechanical');
#198=APPLICATION_PROTOCOL_DEFINITION('international standard',
'config_control_design',2010,#199);
#199=APPLICATION_CONTEXT(
'configuration controlled 3D designs of mechanical parts and assemblie
s');
#200=SHAPE_REPRESENTATION('86340536000_a-MODEL',(#9076),#15543);
#201=SHAPE_REPRESENTATION('45274461000_c-None',(#9076,#9889),#15542);
#202=VERTEX_LOOP('',#7458);
#203=CONICAL_SURFACE('',#9847,0.5,45.0000000000001);
#204=CONICAL_SURFACE('',#9850,0.5,45.);
#205=CONICAL_SURFACE('',#9853,0.5,45.);
#206=CONICAL_SURFACE('',#9855,0.5,45.);
#207=CONICAL_SURFACE('',#9876,0.5,11.3099324740202);
#208=CONICAL_SURFACE('',#9878,0.2,2.60256220249981);
#209=SPHERICAL_SURFACE('',#9802,0.3);
#210=SPHERICAL_SURFACE('',#9804,0.3);
#211=SPHERICAL_SURFACE('',#9823,0.3);
#212=SPHERICAL_SURFACE('',#9825,0.3);
#213=SPHERICAL_SURFACE('',#9837,0.3);
#214=SPHERICAL_SURFACE('',#9843,0.3);
#215=SPHERICAL_SURFACE('',#9863,1.80625);
#216=ELLIPSE('',#9259,0.725140732294533,0.125);
#217=ELLIPSE('',#9262,0.0290056292917813,0.005);
#218=ELLIPSE('',#9519,0.282842712474619,0.2);
#219=ELLIPSE('',#9527,0.282842712474619,0.2);
#220=ELLIPSE('',#9591,0.32310988842807,0.3);
#221=ELLIPSE('',#9592,0.32310988842807,0.3);
#222=ELLIPSE('',#9594,0.32310988842807,0.3);
#223=ELLIPSE('',#9595,0.32310988842807,0.3);
#224=ELLIPSE('',#9644,0.200111080264048,0.2);
#225=ELLIPSE('',#9645,0.200111080264048,0.2);
#226=ELLIPSE('',#9655,0.200111080264048,0.2);
#227=ELLIPSE('',#9656,0.200111080264048,0.2);
#228=ELLIPSE('',#9882,0.282842712474619,0.2);
#229=(
BOUNDED_SURFACE()
B_SPLINE_SURFACE(3,3,((#12798,#12799,#12800,#12801),(#12802,#12803,#12804,
#12805),(#12806,#12807,#12808,#12809),(#12810,#12811,#12812,#12813)),
 .UNSPECIFIED.,.F.,.F.,.F.)
B_SPLINE_SURFACE_WITH_KNOTS((4,4),(4,4),(0.,1.),(0.,1.),.UNSPECIFIED.)
GEOMETRIC_REPRESENTATION_ITEM()
RATIONAL_B_SPLINE_SURFACE(((1.,0.804737854124365,0.804737854124365,1.),
(0.83885836293677,0.675061078904014,0.675061078904014,0.83885836293677),
(0.83885836293677,0.675061078904014,0.675061078904014,0.83885836293677),
(1.,0.804737854124365,0.804737854124365,1.)))
REPRESENTATION_ITEM('')
SURFACE()
);
#230=(
BOUNDED_SURFACE()
B_SPLINE_SURFACE(3,3,((#12819,#12820,#12821,#12822),(#12823,#12824,#12825,
#12826),(#12827,#12828,#12829,#12830),(#12831,#12832,#12833,#12834)),
 .UNSPECIFIED.,.F.,.F.,.F.)
B_SPLINE_SURFACE_WITH_KNOTS((4,4),(4,4),(0.,1.),(0.,1.),.UNSPECIFIED.)
GEOMETRIC_REPRESENTATION_ITEM()
RATIONAL_B_SPLINE_SURFACE(((1.,0.804737854124365,0.804737854124365,1.),
(0.83885836293677,0.675061078904014,0.675061078904014,0.83885836293677),
(0.83885836293677,0.675061078904014,0.675061078904014,0.83885836293677),
(1.,0.804737854124365,0.804737854124365,1.)))
REPRESENTATION_ITEM('')
SURFACE()
);
#231=(
BOUNDED_SURFACE()
B_SPLINE_SURFACE(3,3,((#12836,#12837,#12838,#12839),(#12840,#12841,#12842,
#12843),(#12844,#12845,#12846,#12847),(#12848,#12849,#12850,#12851)),
 .UNSPECIFIED.,.F.,.F.,.F.)
B_SPLINE_SURFACE_WITH_KNOTS((4,4),(4,4),(0.,1.),(0.,1.),.UNSPECIFIED.)
GEOMETRIC_REPRESENTATION_ITEM()
RATIONAL_B_SPLINE_SURFACE(((1.,0.804737854124365,0.804737854124365,1.),
(0.83885836293677,0.675061078904014,0.675061078904014,0.83885836293677),
(0.83885836293677,0.675061078904014,0.675061078904014,0.83885836293677),
(1.,0.804737854124365,0.804737854124365,1.)))
REPRESENTATION_ITEM('')
SURFACE()
);
#232=(
BOUNDED_SURFACE()
B_SPLINE_SURFACE(3,3,((#12856,#12857,#12858,#12859),(#12860,#12861,#12862,
#12863),(#12864,#12865,#12866,#12867),(#12868,#12869,#12870,#12871)),
 .UNSPECIFIED.,.F.,.F.,.F.)
B_SPLINE_SURFACE_WITH_KNOTS((4,4),(4,4),(0.,1.),(0.,1.),.UNSPECIFIED.)
GEOMETRIC_REPRESENTATION_ITEM()
RATIONAL_B_SPLINE_SURFACE(((1.,0.804737854124365,0.804737854124365,1.),
(0.83885836293677,0.675061078904014,0.675061078904014,0.83885836293677),
(0.83885836293677,0.675061078904014,0.675061078904014,0.83885836293677),
(1.,0.804737854124365,0.804737854124365,1.)))
REPRESENTATION_ITEM('')
SURFACE()
);
#233=(
BOUNDED_SURFACE()
B_SPLINE_SURFACE(3,3,((#12874,#12875,#12876,#12877),(#12878,#12879,#12880,
#12881),(#12882,#12883,#12884,#12885),(#12886,#12887,#12888,#12889)),
 .UNSPECIFIED.,.F.,.F.,.F.)
B_SPLINE_SURFACE_WITH_KNOTS((4,4),(4,4),(0.,1.),(0.,1.),.UNSPECIFIED.)
GEOMETRIC_REPRESENTATION_ITEM()
RATIONAL_B_SPLINE_SURFACE(((1.,0.804737854124365,0.804737854124365,1.),
(0.838858362936769,0.675061078904013,0.675061078904013,0.838858362936769),
(0.838858362936769,0.675061078904013,0.675061078904013,0.838858362936769),
(1.,0.804737854124365,0.804737854124365,1.)))
REPRESENTATION_ITEM('')
SURFACE()
);
#234=(
BOUNDED_SURFACE()
B_SPLINE_SURFACE(3,3,((#12895,#12896,#12897,#12898),(#12899,#12900,#12901,
#12902),(#12903,#12904,#12905,#12906),(#12907,#12908,#12909,#12910)),
 .UNSPECIFIED.,.F.,.F.,.F.)
B_SPLINE_SURFACE_WITH_KNOTS((4,4),(4,4),(0.,1.),(0.,1.),.UNSPECIFIED.)
GEOMETRIC_REPRESENTATION_ITEM()
RATIONAL_B_SPLINE_SURFACE(((1.,0.804737854124365,0.804737854124365,1.),
(0.838858362936769,0.675061078904013,0.675061078904013,0.838858362936769),
(0.838858362936769,0.675061078904013,0.675061078904013,0.838858362936769),
(1.,0.804737854124365,0.804737854124365,1.)))
REPRESENTATION_ITEM('')
SURFACE()
);
#235=(
BOUNDED_SURFACE()
B_SPLINE_SURFACE(3,3,((#12912,#12913,#12914,#12915),(#12916,#12917,#12918,
#12919),(#12920,#12921,#12922,#12923),(#12924,#12925,#12926,#12927)),
 .UNSPECIFIED.,.F.,.F.,.F.)
B_SPLINE_SURFACE_WITH_KNOTS((4,4),(4,4),(0.,1.),(0.,1.),.UNSPECIFIED.)
GEOMETRIC_REPRESENTATION_ITEM()
RATIONAL_B_SPLINE_SURFACE(((1.,0.804737854124365,0.804737854124365,1.),
(0.83885836293677,0.675061078904014,0.675061078904014,0.83885836293677),
(0.83885836293677,0.675061078904014,0.675061078904014,0.83885836293677),
(1.,0.804737854124365,0.804737854124365,1.)))
REPRESENTATION_ITEM('')
SURFACE()
);
#236=(
BOUNDED_SURFACE()
B_SPLINE_SURFACE(3,3,((#12932,#12933,#12934,#12935),(#12936,#12937,#12938,
#12939),(#12940,#12941,#12942,#12943),(#12944,#12945,#12946,#12947)),
 .UNSPECIFIED.,.F.,.F.,.F.)
B_SPLINE_SURFACE_WITH_KNOTS((4,4),(4,4),(0.,1.),(0.,1.),.UNSPECIFIED.)
GEOMETRIC_REPRESENTATION_ITEM()
RATIONAL_B_SPLINE_SURFACE(((1.,0.804737854124365,0.804737854124365,1.),
(0.83885836293677,0.675061078904014,0.675061078904014,0.83885836293677),
(0.83885836293677,0.675061078904014,0.675061078904014,0.83885836293677),
(1.,0.804737854124365,0.804737854124365,1.)))
REPRESENTATION_ITEM('')
SURFACE()
);
#237=(
BOUNDED_SURFACE()
B_SPLINE_SURFACE(3,3,((#12984,#12985,#12986,#12987),(#12988,#12989,#12990,
#12991),(#12992,#12993,#12994,#12995),(#12996,#12997,#12998,#12999)),
 .UNSPECIFIED.,.F.,.F.,.F.)
B_SPLINE_SURFACE_WITH_KNOTS((4,4),(4,4),(0.,1.),(0.,1.),.UNSPECIFIED.)
GEOMETRIC_REPRESENTATION_ITEM()
RATIONAL_B_SPLINE_SURFACE(((1.,0.804737854124365,0.804737854124365,1.),
(0.83885836293677,0.675061078904014,0.675061078904014,0.83885836293677),
(0.83885836293677,0.675061078904014,0.675061078904014,0.83885836293677),
(1.,0.804737854124365,0.804737854124365,1.)))
REPRESENTATION_ITEM('')
SURFACE()
);
#238=(
BOUNDED_SURFACE()
B_SPLINE_SURFACE(3,3,((#13005,#13006,#13007,#13008),(#13009,#13010,#13011,
#13012),(#13013,#13014,#13015,#13016),(#13017,#13018,#13019,#13020)),
 .UNSPECIFIED.,.F.,.F.,.F.)
B_SPLINE_SURFACE_WITH_KNOTS((4,4),(4,4),(0.,1.),(0.,1.),.UNSPECIFIED.)
GEOMETRIC_REPRESENTATION_ITEM()
RATIONAL_B_SPLINE_SURFACE(((1.,0.804737854124365,0.804737854124365,1.),
(0.83885836293677,0.675061078904014,0.675061078904014,0.83885836293677),
(0.83885836293677,0.675061078904014,0.675061078904014,0.83885836293677),
(1.,0.804737854124365,0.804737854124365,1.)))
REPRESENTATION_ITEM('')
SURFACE()
);
#239=(
BOUNDED_SURFACE()
B_SPLINE_SURFACE(3,3,((#13022,#13023,#13024,#13025),(#13026,#13027,#13028,
#13029),(#13030,#13031,#13032,#13033),(#13034,#13035,#13036,#13037)),
 .UNSPECIFIED.,.F.,.F.,.F.)
B_SPLINE_SURFACE_WITH_KNOTS((4,4),(4,4),(0.,1.),(0.,1.),.UNSPECIFIED.)
GEOMETRIC_REPRESENTATION_ITEM()
RATIONAL_B_SPLINE_SURFACE(((1.,0.804737854124365,0.804737854124365,1.),
(0.83885836293677,0.675061078904014,0.675061078904014,0.83885836293677),
(0.83885836293677,0.675061078904014,0.675061078904014,0.83885836293677),
(1.,0.804737854124365,0.804737854124365,1.)))
REPRESENTATION_ITEM('')
SURFACE()
);
#240=(
BOUNDED_SURFACE()
B_SPLINE_SURFACE(3,3,((#13042,#13043,#13044,#13045),(#13046,#13047,#13048,
#13049),(#13050,#13051,#13052,#13053),(#13054,#13055,#13056,#13057)),
 .UNSPECIFIED.,.F.,.F.,.F.)
B_SPLINE_SURFACE_WITH_KNOTS((4,4),(4,4),(0.,1.),(0.,1.),.UNSPECIFIED.)
GEOMETRIC_REPRESENTATION_ITEM()
RATIONAL_B_SPLINE_SURFACE(((1.,0.804737854124365,0.804737854124365,1.),
(0.83885836293677,0.675061078904014,0.675061078904014,0.83885836293677),
(0.83885836293677,0.675061078904014,0.675061078904014,0.83885836293677),
(1.,0.804737854124365,0.804737854124365,1.)))
REPRESENTATION_ITEM('')
SURFACE()
);
#241=(
BOUNDED_SURFACE()
B_SPLINE_SURFACE(3,3,((#13060,#13061,#13062,#13063),(#13064,#13065,#13066,
#13067),(#13068,#13069,#13070,#13071),(#13072,#13073,#13074,#13075)),
 .UNSPECIFIED.,.F.,.F.,.F.)
B_SPLINE_SURFACE_WITH_KNOTS((4,4),(4,4),(0.,1.),(0.,1.),.UNSPECIFIED.)
GEOMETRIC_REPRESENTATION_ITEM()
RATIONAL_B_SPLINE_SURFACE(((1.,0.804737854124365,0.804737854124365,1.),
(0.838858362936769,0.675061078904013,0.675061078904013,0.838858362936769),
(0.838858362936769,0.675061078904013,0.675061078904013,0.838858362936769),
(1.,0.804737854124365,0.804737854124365,1.)))
REPRESENTATION_ITEM('')
SURFACE()
);
#242=(
BOUNDED_SURFACE()
B_SPLINE_SURFACE(3,3,((#13081,#13082,#13083,#13084),(#13085,#13086,#13087,
#13088),(#13089,#13090,#13091,#13092),(#13093,#13094,#13095,#13096)),
 .UNSPECIFIED.,.F.,.F.,.F.)
B_SPLINE_SURFACE_WITH_KNOTS((4,4),(4,4),(0.,1.),(0.,1.),.UNSPECIFIED.)
GEOMETRIC_REPRESENTATION_ITEM()
RATIONAL_B_SPLINE_SURFACE(((1.,0.804737854124365,0.804737854124365,1.),
(0.838858362936769,0.675061078904013,0.675061078904013,0.838858362936769),
(0.838858362936769,0.675061078904013,0.675061078904013,0.838858362936769),
(1.,0.804737854124365,0.804737854124365,1.)))
REPRESENTATION_ITEM('')
SURFACE()
);
#243=(
BOUNDED_SURFACE()
B_SPLINE_SURFACE(3,3,((#13098,#13099,#13100,#13101),(#13102,#13103,#13104,
#13105),(#13106,#13107,#13108,#13109),(#13110,#13111,#13112,#13113)),
 .UNSPECIFIED.,.F.,.F.,.F.)
B_SPLINE_SURFACE_WITH_KNOTS((4,4),(4,4),(0.,1.),(0.,1.),.UNSPECIFIED.)
GEOMETRIC_REPRESENTATION_ITEM()
RATIONAL_B_SPLINE_SURFACE(((1.,0.804737854124365,0.804737854124365,1.),
(0.83885836293677,0.675061078904014,0.675061078904014,0.83885836293677),
(0.83885836293677,0.675061078904014,0.675061078904014,0.83885836293677),
(1.,0.804737854124365,0.804737854124365,1.)))
REPRESENTATION_ITEM('')
SURFACE()
);
#244=(
BOUNDED_SURFACE()
B_SPLINE_SURFACE(3,3,((#13118,#13119,#13120,#13121),(#13122,#13123,#13124,
#13125),(#13126,#13127,#13128,#13129),(#13130,#13131,#13132,#13133)),
 .UNSPECIFIED.,.F.,.F.,.F.)
B_SPLINE_SURFACE_WITH_KNOTS((4,4),(4,4),(0.,1.),(0.,1.),.UNSPECIFIED.)
GEOMETRIC_REPRESENTATION_ITEM()
RATIONAL_B_SPLINE_SURFACE(((1.,0.804737854124365,0.804737854124365,1.),
(0.83885836293677,0.675061078904014,0.675061078904014,0.83885836293677),
(0.83885836293677,0.675061078904014,0.675061078904014,0.83885836293677),
(1.,0.804737854124365,0.804737854124365,1.)))
REPRESENTATION_ITEM('')
SURFACE()
);
#245=(
BOUNDED_SURFACE()
B_SPLINE_SURFACE(3,3,((#13705,#13706,#13707,#13708),(#13709,#13710,#13711,
#13712),(#13713,#13714,#13715,#13716),(#13717,#13718,#13719,#13720)),
 .UNSPECIFIED.,.F.,.F.,.F.)
B_SPLINE_SURFACE_WITH_KNOTS((4,4),(4,4),(0.,1.),(0.,1.),.UNSPECIFIED.)
GEOMETRIC_REPRESENTATION_ITEM()
RATIONAL_B_SPLINE_SURFACE(((1.,0.804737854124365,0.804737854124365,1.),
(0.881055890838499,0.709019026957004,0.709019026957004,0.881055890838499),
(0.881055890838499,0.709019026957004,0.709019026957004,0.881055890838499),
(1.,0.804737854124365,0.804737854124365,1.)))
REPRESENTATION_ITEM('')
SURFACE()
);
#246=(
BOUNDED_SURFACE()
B_SPLINE_SURFACE(3,3,((#13726,#13727,#13728,#13729),(#13730,#13731,#13732,
#13733),(#13734,#13735,#13736,#13737),(#13738,#13739,#13740,#13741)),
 .UNSPECIFIED.,.F.,.F.,.F.)
B_SPLINE_SURFACE_WITH_KNOTS((4,4),(4,4),(0.,1.),(0.,1.),.UNSPECIFIED.)
GEOMETRIC_REPRESENTATION_ITEM()
RATIONAL_B_SPLINE_SURFACE(((1.,0.804737854124364,0.804737854124364,1.),
(0.881055890838499,0.709019026957004,0.709019026957004,0.881055890838499),
(0.881055890838499,0.709019026957004,0.709019026957004,0.881055890838499),
(1.,0.804737854124364,0.804737854124364,1.)))
REPRESENTATION_ITEM('')
SURFACE()
);
#247=(
BOUNDED_SURFACE()
B_SPLINE_SURFACE(3,3,((#13743,#13744,#13745,#13746),(#13747,#13748,#13749,
#13750),(#13751,#13752,#13753,#13754),(#13755,#13756,#13757,#13758)),
 .UNSPECIFIED.,.F.,.F.,.F.)
B_SPLINE_SURFACE_WITH_KNOTS((4,4),(4,4),(0.,1.),(0.,1.),.UNSPECIFIED.)
GEOMETRIC_REPRESENTATION_ITEM()
RATIONAL_B_SPLINE_SURFACE(((1.,0.804737854124365,0.804737854124365,1.),
(0.881055890838499,0.709019026957005,0.709019026957005,0.881055890838499),
(0.881055890838499,0.709019026957005,0.709019026957005,0.881055890838499),
(1.,0.804737854124365,0.804737854124365,1.)))
REPRESENTATION_ITEM('')
SURFACE()
);
#248=(
BOUNDED_SURFACE()
B_SPLINE_SURFACE(3,3,((#13763,#13764,#13765,#13766),(#13767,#13768,#13769,
#13770),(#13771,#13772,#13773,#13774),(#13775,#13776,#13777,#13778)),
 .UNSPECIFIED.,.F.,.F.,.F.)
B_SPLINE_SURFACE_WITH_KNOTS((4,4),(4,4),(0.,1.),(0.,1.),.UNSPECIFIED.)
GEOMETRIC_REPRESENTATION_ITEM()
RATIONAL_B_SPLINE_SURFACE(((1.,0.804737854124364,0.804737854124364,1.),
(0.881055890838499,0.709019026957003,0.709019026957003,0.881055890838499),
(0.881055890838499,0.709019026957003,0.709019026957003,0.881055890838499),
(1.,0.804737854124364,0.804737854124364,1.)))
REPRESENTATION_ITEM('')
SURFACE()
);
#249=(
BOUNDED_SURFACE()
B_SPLINE_SURFACE(3,3,((#13781,#13782,#13783,#13784),(#13785,#13786,#13787,
#13788),(#13789,#13790,#13791,#13792),(#13793,#13794,#13795,#13796)),
 .UNSPECIFIED.,.F.,.F.,.F.)
B_SPLINE_SURFACE_WITH_KNOTS((4,4),(4,4),(0.,1.),(0.,1.),.UNSPECIFIED.)
GEOMETRIC_REPRESENTATION_ITEM()
RATIONAL_B_SPLINE_SURFACE(((1.,0.804737854124365,0.804737854124365,1.),
(0.881055890838499,0.709019026957005,0.709019026957005,0.881055890838499),
(0.881055890838499,0.709019026957005,0.709019026957005,0.881055890838499),
(1.,0.804737854124365,0.804737854124365,1.)))
REPRESENTATION_ITEM('')
SURFACE()
);
#250=(
BOUNDED_SURFACE()
B_SPLINE_SURFACE(3,3,((#13802,#13803,#13804,#13805),(#13806,#13807,#13808,
#13809),(#13810,#13811,#13812,#13813),(#13814,#13815,#13816,#13817)),
 .UNSPECIFIED.,.F.,.F.,.F.)
B_SPLINE_SURFACE_WITH_KNOTS((4,4),(4,4),(0.,1.),(0.,1.),.UNSPECIFIED.)
GEOMETRIC_REPRESENTATION_ITEM()
RATIONAL_B_SPLINE_SURFACE(((1.,0.804737854124364,0.804737854124364,1.),
(0.881055890838499,0.709019026957003,0.709019026957003,0.881055890838499),
(0.881055890838499,0.709019026957003,0.709019026957003,0.881055890838499),
(1.,0.804737854124364,0.804737854124364,1.)))
REPRESENTATION_ITEM('')
SURFACE()
);
#251=(
BOUNDED_SURFACE()
B_SPLINE_SURFACE(3,3,((#13819,#13820,#13821,#13822),(#13823,#13824,#13825,
#13826),(#13827,#13828,#13829,#13830),(#13831,#13832,#13833,#13834)),
 .UNSPECIFIED.,.F.,.F.,.F.)
B_SPLINE_SURFACE_WITH_KNOTS((4,4),(4,4),(0.,1.),(0.,1.),.UNSPECIFIED.)
GEOMETRIC_REPRESENTATION_ITEM()
RATIONAL_B_SPLINE_SURFACE(((1.,0.804737854124365,0.804737854124365,1.),
(0.881055890838499,0.709019026957005,0.709019026957005,0.881055890838499),
(0.881055890838499,0.709019026957005,0.709019026957005,0.881055890838499),
(1.,0.804737854124365,0.804737854124365,1.)))
REPRESENTATION_ITEM('')
SURFACE()
);
#252=(
BOUNDED_SURFACE()
B_SPLINE_SURFACE(3,3,((#13839,#13840,#13841,#13842),(#13843,#13844,#13845,
#13846),(#13847,#13848,#13849,#13850),(#13851,#13852,#13853,#13854)),
 .UNSPECIFIED.,.F.,.F.,.F.)
B_SPLINE_SURFACE_WITH_KNOTS((4,4),(4,4),(0.,1.),(0.,1.),.UNSPECIFIED.)
GEOMETRIC_REPRESENTATION_ITEM()
RATIONAL_B_SPLINE_SURFACE(((1.,0.804737854124364,0.804737854124364,1.),
(0.881055890838499,0.709019026957004,0.709019026957004,0.881055890838499),
(0.881055890838499,0.709019026957004,0.709019026957004,0.881055890838499),
(1.,0.804737854124364,0.804737854124364,1.)))
REPRESENTATION_ITEM('')
SURFACE()
);
#253=(
BOUNDED_SURFACE()
B_SPLINE_SURFACE(3,3,((#13858,#13859,#13860,#13861),(#13862,#13863,#13864,
#13865),(#13866,#13867,#13868,#13869),(#13870,#13871,#13872,#13873)),
 .UNSPECIFIED.,.F.,.F.,.F.)
B_SPLINE_SURFACE_WITH_KNOTS((4,4),(4,4),(0.,1.),(0.,1.),.UNSPECIFIED.)
GEOMETRIC_REPRESENTATION_ITEM()
RATIONAL_B_SPLINE_SURFACE(((1.,0.804737854124364,0.804737854124364,1.),
(0.90097954553088,0.725052346080465,0.725052346080465,0.90097954553088),
(0.90097954553088,0.725052346080465,0.725052346080465,0.90097954553088),
(1.,0.804737854124364,0.804737854124364,1.)))
REPRESENTATION_ITEM('')
SURFACE()
);
#254=(
BOUNDED_SURFACE()
B_SPLINE_SURFACE(3,3,((#13877,#13878,#13879,#13880),(#13881,#13882,#13883,
#13884),(#13885,#13886,#13887,#13888),(#13889,#13890,#13891,#13892)),
 .UNSPECIFIED.,.F.,.F.,.F.)
B_SPLINE_SURFACE_WITH_KNOTS((4,4),(4,4),(0.,1.),(0.,1.),.UNSPECIFIED.)
GEOMETRIC_REPRESENTATION_ITEM()
RATIONAL_B_SPLINE_SURFACE(((1.,0.804737854124364,0.804737854124364,1.),
(0.90097954553088,0.725052346080466,0.725052346080466,0.90097954553088),
(0.90097954553088,0.725052346080466,0.725052346080466,0.90097954553088),
(1.,0.804737854124364,0.804737854124364,1.)))
REPRESENTATION_ITEM('')
SURFACE()
);
#255=(
BOUNDED_SURFACE()
B_SPLINE_SURFACE(3,3,((#13897,#13898,#13899,#13900),(#13901,#13902,#13903,
#13904),(#13905,#13906,#13907,#13908),(#13909,#13910,#13911,#13912)),
 .UNSPECIFIED.,.F.,.F.,.F.)
B_SPLINE_SURFACE_WITH_KNOTS((4,4),(4,4),(0.,1.),(0.,1.),.UNSPECIFIED.)
GEOMETRIC_REPRESENTATION_ITEM()
RATIONAL_B_SPLINE_SURFACE(((1.,0.804737854124364,0.804737854124364,1.),
(0.90097954553088,0.725052346080465,0.725052346080465,0.90097954553088),
(0.90097954553088,0.725052346080465,0.725052346080465,0.90097954553088),
(1.,0.804737854124364,0.804737854124364,1.)))
REPRESENTATION_ITEM('')
SURFACE()
);
#256=(
BOUNDED_SURFACE()
B_SPLINE_SURFACE(3,3,((#13916,#13917,#13918,#13919),(#13920,#13921,#13922,
#13923),(#13924,#13925,#13926,#13927),(#13928,#13929,#13930,#13931)),
 .UNSPECIFIED.,.F.,.F.,.F.)
B_SPLINE_SURFACE_WITH_KNOTS((4,4),(4,4),(0.,1.),(0.,1.),.UNSPECIFIED.)
GEOMETRIC_REPRESENTATION_ITEM()
RATIONAL_B_SPLINE_SURFACE(((1.,0.804737854124364,0.804737854124364,1.),
(0.90097954553088,0.725052346080466,0.725052346080466,0.90097954553088),
(0.90097954553088,0.725052346080466,0.725052346080466,0.90097954553088),
(1.,0.804737854124364,0.804737854124364,1.)))
REPRESENTATION_ITEM('')
SURFACE()
);
#257=(
BOUNDED_SURFACE()
B_SPLINE_SURFACE(3,3,((#15436,#15437,#15438,#15439,#15440,#15441,#15442),
(#15443,#15444,#15445,#15446,#15447,#15448,#15449),(#15450,#15451,#15452,
#15453,#15454,#15455,#15456),(#15457,#15458,#15459,#15460,#15461,#15462,
#15463)),.UNSPECIFIED.,.F.,.T.,.F.)
B_SPLINE_SURFACE_WITH_KNOTS((4,4),(1,3,3,3,1),(0.,1.),(-0.5,0.,0.5,1.,1.5),
 .UNSPECIFIED.)
GEOMETRIC_REPRESENTATION_ITEM()
RATIONAL_B_SPLINE_SURFACE(((1.,0.333333333333333,0.333333333333333,1.,0.333333333333333,
0.333333333333333,1.),(0.930518356241068,0.310172785413689,0.310172785413689,
0.930518356241068,0.310172785413689,0.310172785413689,0.930518356241068),
(0.930518356241068,0.310172785413689,0.310172785413689,0.930518356241068,
0.310172785413689,0.310172785413689,0.930518356241068),(1.,0.333333333333333,
0.333333333333333,1.,0.333333333333333,0.333333333333333,1.)))
REPRESENTATION_ITEM('')
SURFACE()
);
#258=(
BOUNDED_SURFACE()
B_SPLINE_SURFACE(3,3,((#15502,#15503,#15504,#15505),(#15506,#15507,#15508,
#15509),(#15510,#15511,#15512,#15513),(#15514,#15515,#15516,#15517)),
 .UNSPECIFIED.,.F.,.F.,.F.)
B_SPLINE_SURFACE_WITH_KNOTS((4,4),(4,4),(0.,1.),(0.,1.),.UNSPECIFIED.)
GEOMETRIC_REPRESENTATION_ITEM()
RATIONAL_B_SPLINE_SURFACE(((1.,0.804737854124365,0.804737854124365,1.),
(0.804737854124364,0.647603013860687,0.647603013860687,0.804737854124364),
(0.804737854124364,0.647603013860687,0.647603013860687,0.804737854124364),
(1.,0.804737854124365,0.804737854124365,1.)))
REPRESENTATION_ITEM('')
SURFACE()
);
#259=(
BOUNDED_SURFACE()
B_SPLINE_SURFACE(3,3,((#15524,#15525,#15526,#15527),(#15528,#15529,#15530,
#15531),(#15532,#15533,#15534,#15535),(#15536,#15537,#15538,#15539)),
 .UNSPECIFIED.,.F.,.F.,.F.)
B_SPLINE_SURFACE_WITH_KNOTS((4,4),(4,4),(0.,1.),(0.,1.),.UNSPECIFIED.)
GEOMETRIC_REPRESENTATION_ITEM()
RATIONAL_B_SPLINE_SURFACE(((1.,0.804737854124365,0.804737854124365,1.),
(0.804737854124365,0.647603013860688,0.647603013860688,0.804737854124365),
(0.804737854124365,0.647603013860688,0.647603013860688,0.804737854124365),
(1.,0.804737854124365,0.804737854124365,1.)))
REPRESENTATION_ITEM('')
SURFACE()
);
#260=B_SPLINE_CURVE_WITH_KNOTS('',3,(#12657,#12658,#12659,#12660,#12661,
#12662,#12663),.UNSPECIFIED.,.F.,.F.,(4,3,4),(0.,0.562542376314632,1.),
 .UNSPECIFIED.);
#261=B_SPLINE_CURVE_WITH_KNOTS('',3,(#12665,#12666,#12667,#12668,#12669,
#12670,#12671,#12672,#12673,#12674),.UNSPECIFIED.,.F.,.F.,(4,3,3,4),(0.,
0.381402045761611,0.763971615111438,1.),.UNSPECIFIED.);
#262=B_SPLINE_CURVE_WITH_KNOTS('',3,(#13206,#13207,#13208,#13209),
 .UNSPECIFIED.,.F.,.F.,(4,4),(0.,1.),.UNSPECIFIED.);
#263=B_SPLINE_CURVE_WITH_KNOTS('',3,(#13213,#13214,#13215,#13216),
 .UNSPECIFIED.,.F.,.F.,(4,4),(0.,1.),.UNSPECIFIED.);
#264=B_SPLINE_CURVE_WITH_KNOTS('',3,(#13225,#13226,#13227,#13228,#13229,
#13230,#13231),.UNSPECIFIED.,.F.,.F.,(4,3,4),(0.,0.545099200632735,1.),
 .UNSPECIFIED.);
#265=B_SPLINE_CURVE_WITH_KNOTS('',3,(#13236,#13237,#13238,#13239,#13240,
#13241,#13242),.UNSPECIFIED.,.F.,.F.,(4,3,4),(0.,0.544790021630691,1.),
 .UNSPECIFIED.);
#266=B_SPLINE_CURVE_WITH_KNOTS('',3,(#13428,#13429,#13430,#13431,#13432,
#13433,#13434),.UNSPECIFIED.,.F.,.F.,(4,3,4),(0.,0.529982746520854,1.),
 .UNSPECIFIED.);
#267=B_SPLINE_CURVE_WITH_KNOTS('',3,(#13439,#13440,#13441,#13442),
 .UNSPECIFIED.,.F.,.F.,(4,4),(0.,1.),.UNSPECIFIED.);
#268=B_SPLINE_CURVE_WITH_KNOTS('',3,(#13447,#13448,#13449,#13450,#13451,
#13452,#13453,#13454,#13455,#13456),.UNSPECIFIED.,.F.,.F.,(4,3,3,4),(0.,
0.381416614348297,0.763990044240332,1.),.UNSPECIFIED.);
#269=B_SPLINE_CURVE_WITH_KNOTS('',3,(#13617,#13618,#13619,#13620),
 .UNSPECIFIED.,.F.,.F.,(4,4),(0.,1.),.UNSPECIFIED.);
#270=TOROIDAL_SURFACE('',#9093,0.275,0.125);
#271=TOROIDAL_SURFACE('',#9384,0.155,0.125);
#272=TOROIDAL_SURFACE('',#9386,0.17,0.1);
#273=TOROIDAL_SURFACE('',#9472,0.275,0.125);
#274=TOROIDAL_SURFACE('',#9635,0.5,0.3);
#275=TOROIDAL_SURFACE('',#9639,0.5,0.3);
#276=TOROIDAL_SURFACE('',#9835,0.6,0.3);
#277=TOROIDAL_SURFACE('',#9864,2.0171922964497,0.5);
#278=TOROIDAL_SURFACE('',#9888,0.441115595868593,0.2);
#279=LINE('',#12436,#1189);
#280=LINE('',#12441,#1190);
#281=LINE('',#12443,#1191);
#282=LINE('',#12445,#1192);
#283=LINE('',#12451,#1193);
#284=LINE('',#12455,#1194);
#285=LINE('',#12462,#1195);
#286=LINE('',#12465,#1196);
#287=LINE('',#12467,#1197);
#288=LINE('',#12471,#1198);
#289=LINE('',#12474,#1199);
#290=LINE('',#12476,#1200);
#291=LINE('',#12480,#1201);
#292=LINE('',#12482,#1202);
#293=LINE('',#12484,#1203);
#294=LINE('',#12486,#1204);
#295=LINE('',#12488,#1205);
#296=LINE('',#12489,#1206);
#297=LINE('',#12491,#1207);
#298=LINE('',#12494,#1208);
#299=LINE('',#12496,#1209);
#300=LINE('',#12498,#1210);
#301=LINE('',#12500,#1211);
#302=LINE('',#12503,#1212);
#303=LINE('',#12505,#1213);
#304=LINE('',#12507,#1214);
#305=LINE('',#12509,#1215);
#306=LINE('',#12514,#1216);
#307=LINE('',#12518,#1217);
#308=LINE('',#12522,#1218);
#309=LINE('',#12525,#1219);
#310=LINE('',#12530,#1220);
#311=LINE('',#12534,#1221);
#312=LINE('',#12538,#1222);
#313=LINE('',#12541,#1223);
#314=LINE('',#12546,#1224);
#315=LINE('',#12548,#1225);
#316=LINE('',#12551,#1226);
#317=LINE('',#12552,#1227);
#318=LINE('',#12556,#1228);
#319=LINE('',#12558,#1229);
#320=LINE('',#12560,#1230);
#321=LINE('',#12562,#1231);
#322=LINE('',#12566,#1232);
#323=LINE('',#12568,#1233);
#324=LINE('',#12571,#1234);
#325=LINE('',#12572,#1235);
#326=LINE('',#12574,#1236);
#327=LINE('',#12576,#1237);
#328=LINE('',#12578,#1238);
#329=LINE('',#12580,#1239);
#330=LINE('',#12585,#1240);
#331=LINE('',#12589,#1241);
#332=LINE('',#12593,#1242);
#333=LINE('',#12596,#1243);
#334=LINE('',#12601,#1244);
#335=LINE('',#12605,#1245);
#336=LINE('',#12609,#1246);
#337=LINE('',#12614,#1247);
#338=LINE('',#12616,#1248);
#339=LINE('',#12620,#1249);
#340=LINE('',#12622,#1250);
#341=LINE('',#12624,#1251);
#342=LINE('',#12627,#1252);
#343=LINE('',#12628,#1253);
#344=LINE('',#12629,#1254);
#345=LINE('',#12632,#1255);
#346=LINE('',#12634,#1256);
#347=LINE('',#12635,#1257);
#348=LINE('',#12637,#1258);
#349=LINE('',#12639,#1259);
#350=LINE('',#12643,#1260);
#351=LINE('',#12650,#1261);
#352=LINE('',#12654,#1262);
#353=LINE('',#12656,#1263);
#354=LINE('',#12675,#1264);
#355=LINE('',#12677,#1265);
#356=LINE('',#12679,#1266);
#357=LINE('',#12681,#1267);
#358=LINE('',#12683,#1268);
#359=LINE('',#12685,#1269);
#360=LINE('',#12687,#1270);
#361=LINE('',#12690,#1271);
#362=LINE('',#12692,#1272);
#363=LINE('',#12695,#1273);
#364=LINE('',#12697,#1274);
#365=LINE('',#12699,#1275);
#366=LINE('',#12700,#1276);
#367=LINE('',#12702,#1277);
#368=LINE('',#12704,#1278);
#369=LINE('',#12708,#1279);
#370=LINE('',#12714,#1280);
#371=LINE('',#12718,#1281);
#372=LINE('',#12720,#1282);
#373=LINE('',#12722,#1283);
#374=LINE('',#12724,#1284);
#375=LINE('',#12726,#1285);
#376=LINE('',#12728,#1286);
#377=LINE('',#12730,#1287);
#378=LINE('',#12732,#1288);
#379=LINE('',#12734,#1289);
#380=LINE('',#12739,#1290);
#381=LINE('',#12740,#1291);
#382=LINE('',#12744,#1292);
#383=LINE('',#12748,#1293);
#384=LINE('',#12752,#1294);
#385=LINE('',#12754,#1295);
#386=LINE('',#12755,#1296);
#387=LINE('',#12757,#1297);
#388=LINE('',#12759,#1298);
#389=LINE('',#12762,#1299);
#390=LINE('',#12767,#1300);
#391=LINE('',#12771,#1301);
#392=LINE('',#12775,#1302);
#393=LINE('',#12779,#1303);
#394=LINE('',#12784,#1304);
#395=LINE('',#12788,#1305);
#396=LINE('',#12792,#1306);
#397=LINE('',#12948,#1307);
#398=LINE('',#12953,#1308);
#399=LINE('',#12957,#1309);
#400=LINE('',#12961,#1310);
#401=LINE('',#12965,#1311);
#402=LINE('',#12970,#1312);
#403=LINE('',#12974,#1313);
#404=LINE('',#12978,#1314);
#405=LINE('',#13143,#1315);
#406=LINE('',#13146,#1316);
#407=LINE('',#13148,#1317);
#408=LINE('',#13150,#1318);
#409=LINE('',#13152,#1319);
#410=LINE('',#13157,#1320);
#411=LINE('',#13161,#1321);
#412=LINE('',#13166,#1322);
#413=LINE('',#13170,#1323);
#414=LINE('',#13172,#1324);
#415=LINE('',#13174,#1325);
#416=LINE('',#13176,#1326);
#417=LINE('',#13178,#1327);
#418=LINE('',#13180,#1328);
#419=LINE('',#13182,#1329);
#420=LINE('',#13187,#1330);
#421=LINE('',#13189,#1331);
#422=LINE('',#13191,#1332);
#423=LINE('',#13193,#1333);
#424=LINE('',#13195,#1334);
#425=LINE('',#13197,#1335);
#426=LINE('',#13199,#1336);
#427=LINE('',#13203,#1337);
#428=LINE('',#13204,#1338);
#429=LINE('',#13218,#1339);
#430=LINE('',#13234,#1340);
#431=LINE('',#13244,#1341);
#432=LINE('',#13247,#1342);
#433=LINE('',#13249,#1343);
#434=LINE('',#13251,#1344);
#435=LINE('',#13256,#1345);
#436=LINE('',#13258,#1346);
#437=LINE('',#13260,#1347);
#438=LINE('',#13263,#1348);
#439=LINE('',#13265,#1349);
#440=LINE('',#13267,#1350);
#441=LINE('',#13271,#1351);
#442=LINE('',#13272,#1352);
#443=LINE('',#13274,#1353);
#444=LINE('',#13276,#1354);
#445=LINE('',#13278,#1355);
#446=LINE('',#13279,#1356);
#447=LINE('',#13281,#1357);
#448=LINE('',#13283,#1358);
#449=LINE('',#13287,#1359);
#450=LINE('',#13291,#1360);
#451=LINE('',#13294,#1361);
#452=LINE('',#13298,#1362);
#453=LINE('',#13300,#1363);
#454=LINE('',#13302,#1364);
#455=LINE('',#13304,#1365);
#456=LINE('',#13306,#1366);
#457=LINE('',#13308,#1367);
#458=LINE('',#13309,#1368);
#459=LINE('',#13311,#1369);
#460=LINE('',#13313,#1370);
#461=LINE('',#13317,#1371);
#462=LINE('',#13323,#1372);
#463=LINE('',#13327,#1373);
#464=LINE('',#13329,#1374);
#465=LINE('',#13331,#1375);
#466=LINE('',#13333,#1376);
#467=LINE('',#13335,#1377);
#468=LINE('',#13337,#1378);
#469=LINE('',#13339,#1379);
#470=LINE('',#13341,#1380);
#471=LINE('',#13343,#1381);
#472=LINE('',#13345,#1382);
#473=LINE('',#13349,#1383);
#474=LINE('',#13353,#1384);
#475=LINE('',#13358,#1385);
#476=LINE('',#13360,#1386);
#477=LINE('',#13362,#1387);
#478=LINE('',#13364,#1388);
#479=LINE('',#13366,#1389);
#480=LINE('',#13368,#1390);
#481=LINE('',#13370,#1391);
#482=LINE('',#13372,#1392);
#483=LINE('',#13374,#1393);
#484=LINE('',#13378,#1394);
#485=LINE('',#13384,#1395);
#486=LINE('',#13388,#1396);
#487=LINE('',#13390,#1397);
#488=LINE('',#13392,#1398);
#489=LINE('',#13394,#1399);
#490=LINE('',#13396,#1400);
#491=LINE('',#13398,#1401);
#492=LINE('',#13400,#1402);
#493=LINE('',#13402,#1403);
#494=LINE('',#13404,#1404);
#495=LINE('',#13406,#1405);
#496=LINE('',#13409,#1406);
#497=LINE('',#13411,#1407);
#498=LINE('',#13412,#1408);
#499=LINE('',#13414,#1409);
#500=LINE('',#13418,#1410);
#501=LINE('',#13422,#1411);
#502=LINE('',#13426,#1412);
#503=LINE('',#13436,#1413);
#504=LINE('',#13446,#1414);
#505=LINE('',#13458,#1415);
#506=LINE('',#13460,#1416);
#507=LINE('',#13463,#1417);
#508=LINE('',#13465,#1418);
#509=LINE('',#13467,#1419);
#510=LINE('',#13469,#1420);
#511=LINE('',#13474,#1421);
#512=LINE('',#13476,#1422);
#513=LINE('',#13479,#1423);
#514=LINE('',#13481,#1424);
#515=LINE('',#13482,#1425);
#516=LINE('',#13486,#1426);
#517=LINE('',#13489,#1427);
#518=LINE('',#13491,#1428);
#519=LINE('',#13493,#1429);
#520=LINE('',#13497,#1430);
#521=LINE('',#13501,#1431);
#522=LINE('',#13503,#1432);
#523=LINE('',#13505,#1433);
#524=LINE('',#13509,#1434);
#525=LINE('',#13514,#1435);
#526=LINE('',#13518,#1436);
#527=LINE('',#13520,#1437);
#528=LINE('',#13522,#1438);
#529=LINE('',#13526,#1439);
#530=LINE('',#13530,#1440);
#531=LINE('',#13532,#1441);
#532=LINE('',#13534,#1442);
#533=LINE('',#13537,#1443);
#534=LINE('',#13541,#1444);
#535=LINE('',#13542,#1445);
#536=LINE('',#13545,#1446);
#537=LINE('',#13547,#1447);
#538=LINE('',#13550,#1448);
#539=LINE('',#13555,#1449);
#540=LINE('',#13558,#1450);
#541=LINE('',#13559,#1451);
#542=LINE('',#13560,#1452);
#543=LINE('',#13563,#1453);
#544=LINE('',#13567,#1454);
#545=LINE('',#13571,#1455);
#546=LINE('',#13577,#1456);
#547=LINE('',#13581,#1457);
#548=LINE('',#13583,#1458);
#549=LINE('',#13585,#1459);
#550=LINE('',#13587,#1460);
#551=LINE('',#13589,#1461);
#552=LINE('',#13591,#1462);
#553=LINE('',#13593,#1463);
#554=LINE('',#13596,#1464);
#555=LINE('',#13598,#1465);
#556=LINE('',#13599,#1466);
#557=LINE('',#13603,#1467);
#558=LINE('',#13607,#1468);
#559=LINE('',#13610,#1469);
#560=LINE('',#13615,#1470);
#561=LINE('',#13621,#1471);
#562=LINE('',#13625,#1472);
#563=LINE('',#13634,#1473);
#564=LINE('',#13635,#1474);
#565=LINE('',#13637,#1475);
#566=LINE('',#13643,#1476);
#567=LINE('',#13648,#1477);
#568=LINE('',#13652,#1478);
#569=LINE('',#13656,#1479);
#570=LINE('',#13660,#1480);
#571=LINE('',#13666,#1481);
#572=LINE('',#13671,#1482);
#573=LINE('',#13675,#1483);
#574=LINE('',#13679,#1484);
#575=LINE('',#13686,#1485);
#576=LINE('',#13687,#1486);
#577=LINE('',#13691,#1487);
#578=LINE('',#13696,#1488);
#579=LINE('',#13697,#1489);
#580=LINE('',#13701,#1490);
#581=LINE('',#13947,#1491);
#582=LINE('',#13952,#1492);
#583=LINE('',#13954,#1493);
#584=LINE('',#13958,#1494);
#585=LINE('',#13962,#1495);
#586=LINE('',#13966,#1496);
#587=LINE('',#13973,#1497);
#588=LINE('',#13980,#1498);
#589=LINE('',#13984,#1499);
#590=LINE('',#13988,#1500);
#591=LINE('',#13994,#1501);
#592=LINE('',#14000,#1502);
#593=LINE('',#14004,#1503);
#594=LINE('',#14008,#1504);
#595=LINE('',#14017,#1505);
#596=LINE('',#14018,#1506);
#597=LINE('',#14020,#1507);
#598=LINE('',#14022,#1508);
#599=LINE('',#14026,#1509);
#600=LINE('',#14028,#1510);
#601=LINE('',#14030,#1511);
#602=LINE('',#14034,#1512);
#603=LINE('',#14038,#1513);
#604=LINE('',#14040,#1514);
#605=LINE('',#14042,#1515);
#606=LINE('',#14046,#1516);
#607=LINE('',#14050,#1517);
#608=LINE('',#14052,#1518);
#609=LINE('',#14054,#1519);
#610=LINE('',#14058,#1520);
#611=LINE('',#14060,#1521);
#612=LINE('',#14062,#1522);
#613=LINE('',#14066,#1523);
#614=LINE('',#14068,#1524);
#615=LINE('',#14070,#1525);
#616=LINE('',#14074,#1526);
#617=LINE('',#14078,#1527);
#618=LINE('',#14080,#1528);
#619=LINE('',#14082,#1529);
#620=LINE('',#14086,#1530);
#621=LINE('',#14090,#1531);
#622=LINE('',#14092,#1532);
#623=LINE('',#14097,#1533);
#624=LINE('',#14101,#1534);
#625=LINE('',#14103,#1535);
#626=LINE('',#14105,#1536);
#627=LINE('',#14107,#1537);
#628=LINE('',#14109,#1538);
#629=LINE('',#14112,#1539);
#630=LINE('',#14113,#1540);
#631=LINE('',#14117,#1541);
#632=LINE('',#14119,#1542);
#633=LINE('',#14121,#1543);
#634=LINE('',#14123,#1544);
#635=LINE('',#14125,#1545);
#636=LINE('',#14127,#1546);
#637=LINE('',#14129,#1547);
#638=LINE('',#14131,#1548);
#639=LINE('',#14133,#1549);
#640=LINE('',#14135,#1550);
#641=LINE('',#14137,#1551);
#642=LINE('',#14139,#1552);
#643=LINE('',#14141,#1553);
#644=LINE('',#14143,#1554);
#645=LINE('',#14145,#1555);
#646=LINE('',#14147,#1556);
#647=LINE('',#14149,#1557);
#648=LINE('',#14151,#1558);
#649=LINE('',#14153,#1559);
#650=LINE('',#14155,#1560);
#651=LINE('',#14157,#1561);
#652=LINE('',#14162,#1562);
#653=LINE('',#14166,#1563);
#654=LINE('',#14168,#1564);
#655=LINE('',#14170,#1565);
#656=LINE('',#14172,#1566);
#657=LINE('',#14174,#1567);
#658=LINE('',#14177,#1568);
#659=LINE('',#14178,#1569);
#660=LINE('',#14182,#1570);
#661=LINE('',#14184,#1571);
#662=LINE('',#14187,#1572);
#663=LINE('',#14189,#1573);
#664=LINE('',#14191,#1574);
#665=LINE('',#14193,#1575);
#666=LINE('',#14195,#1576);
#667=LINE('',#14197,#1577);
#668=LINE('',#14200,#1578);
#669=LINE('',#14202,#1579);
#670=LINE('',#14204,#1580);
#671=LINE('',#14206,#1581);
#672=LINE('',#14208,#1582);
#673=LINE('',#14210,#1583);
#674=LINE('',#14213,#1584);
#675=LINE('',#14214,#1585);
#676=LINE('',#14216,#1586);
#677=LINE('',#14218,#1587);
#678=LINE('',#14220,#1588);
#679=LINE('',#14222,#1589);
#680=LINE('',#14224,#1590);
#681=LINE('',#14226,#1591);
#682=LINE('',#14228,#1592);
#683=LINE('',#14230,#1593);
#684=LINE('',#14232,#1594);
#685=LINE('',#14235,#1595);
#686=LINE('',#14236,#1596);
#687=LINE('',#14238,#1597);
#688=LINE('',#14240,#1598);
#689=LINE('',#14242,#1599);
#690=LINE('',#14245,#1600);
#691=LINE('',#14246,#1601);
#692=LINE('',#14248,#1602);
#693=LINE('',#14250,#1603);
#694=LINE('',#14252,#1604);
#695=LINE('',#14254,#1605);
#696=LINE('',#14256,#1606);
#697=LINE('',#14258,#1607);
#698=LINE('',#14261,#1608);
#699=LINE('',#14262,#1609);
#700=LINE('',#14264,#1610);
#701=LINE('',#14267,#1611);
#702=LINE('',#14268,#1612);
#703=LINE('',#14270,#1613);
#704=LINE('',#14272,#1614);
#705=LINE('',#14274,#1615);
#706=LINE('',#14276,#1616);
#707=LINE('',#14278,#1617);
#708=LINE('',#14280,#1618);
#709=LINE('',#14282,#1619);
#710=LINE('',#14284,#1620);
#711=LINE('',#14286,#1621);
#712=LINE('',#14287,#1622);
#713=LINE('',#14289,#1623);
#714=LINE('',#14291,#1624);
#715=LINE('',#14293,#1625);
#716=LINE('',#14295,#1626);
#717=LINE('',#14297,#1627);
#718=LINE('',#14299,#1628);
#719=LINE('',#14301,#1629);
#720=LINE('',#14303,#1630);
#721=LINE('',#14305,#1631);
#722=LINE('',#14307,#1632);
#723=LINE('',#14309,#1633);
#724=LINE('',#14311,#1634);
#725=LINE('',#14313,#1635);
#726=LINE('',#14315,#1636);
#727=LINE('',#14317,#1637);
#728=LINE('',#14319,#1638);
#729=LINE('',#14321,#1639);
#730=LINE('',#14323,#1640);
#731=LINE('',#14325,#1641);
#732=LINE('',#14327,#1642);
#733=LINE('',#14329,#1643);
#734=LINE('',#14331,#1644);
#735=LINE('',#14335,#1645);
#736=LINE('',#14337,#1646);
#737=LINE('',#14339,#1647);
#738=LINE('',#14342,#1648);
#739=LINE('',#14343,#1649);
#740=LINE('',#14345,#1650);
#741=LINE('',#14347,#1651);
#742=LINE('',#14349,#1652);
#743=LINE('',#14351,#1653);
#744=LINE('',#14353,#1654);
#745=LINE('',#14355,#1655);
#746=LINE('',#14357,#1656);
#747=LINE('',#14359,#1657);
#748=LINE('',#14361,#1658);
#749=LINE('',#14363,#1659);
#750=LINE('',#14365,#1660);
#751=LINE('',#14367,#1661);
#752=LINE('',#14369,#1662);
#753=LINE('',#14371,#1663);
#754=LINE('',#14373,#1664);
#755=LINE('',#14375,#1665);
#756=LINE('',#14379,#1666);
#757=LINE('',#14381,#1667);
#758=LINE('',#14383,#1668);
#759=LINE('',#14385,#1669);
#760=LINE('',#14388,#1670);
#761=LINE('',#14389,#1671);
#762=LINE('',#14391,#1672);
#763=LINE('',#14393,#1673);
#764=LINE('',#14394,#1674);
#765=LINE('',#14396,#1675);
#766=LINE('',#14398,#1676);
#767=LINE('',#14400,#1677);
#768=LINE('',#14402,#1678);
#769=LINE('',#14404,#1679);
#770=LINE('',#14406,#1680);
#771=LINE('',#14408,#1681);
#772=LINE('',#14410,#1682);
#773=LINE('',#14412,#1683);
#774=LINE('',#14414,#1684);
#775=LINE('',#14416,#1685);
#776=LINE('',#14418,#1686);
#777=LINE('',#14420,#1687);
#778=LINE('',#14422,#1688);
#779=LINE('',#14424,#1689);
#780=LINE('',#14426,#1690);
#781=LINE('',#14428,#1691);
#782=LINE('',#14430,#1692);
#783=LINE('',#14432,#1693);
#784=LINE('',#14438,#1694);
#785=LINE('',#14443,#1695);
#786=LINE('',#14447,#1696);
#787=LINE('',#14451,#1697);
#788=LINE('',#14455,#1698);
#789=LINE('',#14460,#1699);
#790=LINE('',#14462,#1700);
#791=LINE('',#14464,#1701);
#792=LINE('',#14471,#1702);
#793=LINE('',#14475,#1703);
#794=LINE('',#14476,#1704);
#795=LINE('',#14478,#1705);
#796=LINE('',#14480,#1706);
#797=LINE('',#14484,#1707);
#798=LINE('',#14488,#1708);
#799=LINE('',#14492,#1709);
#800=LINE('',#14494,#1710);
#801=LINE('',#14498,#1711);
#802=LINE('',#14500,#1712);
#803=LINE('',#14502,#1713);
#804=LINE('',#14504,#1714);
#805=LINE('',#14506,#1715);
#806=LINE('',#14508,#1716);
#807=LINE('',#14510,#1717);
#808=LINE('',#14512,#1718);
#809=LINE('',#14514,#1719);
#810=LINE('',#14516,#1720);
#811=LINE('',#14518,#1721);
#812=LINE('',#14522,#1722);
#813=LINE('',#14524,#1723);
#814=LINE('',#14528,#1724);
#815=LINE('',#14530,#1725);
#816=LINE('',#14534,#1726);
#817=LINE('',#14536,#1727);
#818=LINE('',#14538,#1728);
#819=LINE('',#14540,#1729);
#820=LINE('',#14542,#1730);
#821=LINE('',#14544,#1731);
#822=LINE('',#14546,#1732);
#823=LINE('',#14548,#1733);
#824=LINE('',#14550,#1734);
#825=LINE('',#14552,#1735);
#826=LINE('',#14556,#1736);
#827=LINE('',#14558,#1737);
#828=LINE('',#14560,#1738);
#829=LINE('',#14564,#1739);
#830=LINE('',#14566,#1740);
#831=LINE('',#14570,#1741);
#832=LINE('',#14572,#1742);
#833=LINE('',#14576,#1743);
#834=LINE('',#14578,#1744);
#835=LINE('',#14580,#1745);
#836=LINE('',#14582,#1746);
#837=LINE('',#14584,#1747);
#838=LINE('',#14586,#1748);
#839=LINE('',#14588,#1749);
#840=LINE('',#14592,#1750);
#841=LINE('',#14594,#1751);
#842=LINE('',#14595,#1752);
#843=LINE('',#14597,#1753);
#844=LINE('',#14598,#1754);
#845=LINE('',#14600,#1755);
#846=LINE('',#14602,#1756);
#847=LINE('',#14603,#1757);
#848=LINE('',#14617,#1758);
#849=LINE('',#14620,#1759);
#850=LINE('',#14622,#1760);
#851=LINE('',#14624,#1761);
#852=LINE('',#14625,#1762);
#853=LINE('',#14628,#1763);
#854=LINE('',#14630,#1764);
#855=LINE('',#14632,#1765);
#856=LINE('',#14633,#1766);
#857=LINE('',#14636,#1767);
#858=LINE('',#14640,#1768);
#859=LINE('',#14642,#1769);
#860=LINE('',#14644,#1770);
#861=LINE('',#14648,#1771);
#862=LINE('',#14650,#1772);
#863=LINE('',#14652,#1773);
#864=LINE('',#14656,#1774);
#865=LINE('',#14658,#1775);
#866=LINE('',#14660,#1776);
#867=LINE('',#14662,#1777);
#868=LINE('',#14664,#1778);
#869=LINE('',#14666,#1779);
#870=LINE('',#14668,#1780);
#871=LINE('',#14670,#1781);
#872=LINE('',#14672,#1782);
#873=LINE('',#14674,#1783);
#874=LINE('',#14676,#1784);
#875=LINE('',#14680,#1785);
#876=LINE('',#14681,#1786);
#877=LINE('',#14684,#1787);
#878=LINE('',#14686,#1788);
#879=LINE('',#14688,#1789);
#880=LINE('',#14689,#1790);
#881=LINE('',#14692,#1791);
#882=LINE('',#14694,#1792);
#883=LINE('',#14696,#1793);
#884=LINE('',#14697,#1794);
#885=LINE('',#14700,#1795);
#886=LINE('',#14702,#1796);
#887=LINE('',#14704,#1797);
#888=LINE('',#14706,#1798);
#889=LINE('',#14709,#1799);
#890=LINE('',#14711,#1800);
#891=LINE('',#14713,#1801);
#892=LINE('',#14715,#1802);
#893=LINE('',#14717,#1803);
#894=LINE('',#14719,#1804);
#895=LINE('',#14721,#1805);
#896=LINE('',#14723,#1806);
#897=LINE('',#14725,#1807);
#898=LINE('',#14727,#1808);
#899=LINE('',#14729,#1809);
#900=LINE('',#14731,#1810);
#901=LINE('',#14733,#1811);
#902=LINE('',#14735,#1812);
#903=LINE('',#14737,#1813);
#904=LINE('',#14739,#1814);
#905=LINE('',#14742,#1815);
#906=LINE('',#14744,#1816);
#907=LINE('',#14746,#1817);
#908=LINE('',#14748,#1818);
#909=LINE('',#14751,#1819);
#910=LINE('',#14753,#1820);
#911=LINE('',#14754,#1821);
#912=LINE('',#14756,#1822);
#913=LINE('',#14758,#1823);
#914=LINE('',#14760,#1824);
#915=LINE('',#14762,#1825);
#916=LINE('',#14765,#1826);
#917=LINE('',#14767,#1827);
#918=LINE('',#14769,#1828);
#919=LINE('',#14771,#1829);
#920=LINE('',#14774,#1830);
#921=LINE('',#14778,#1831);
#922=LINE('',#14779,#1832);
#923=LINE('',#14783,#1833);
#924=LINE('',#14785,#1834);
#925=LINE('',#14787,#1835);
#926=LINE('',#14791,#1836);
#927=LINE('',#14793,#1837);
#928=LINE('',#14795,#1838);
#929=LINE('',#14799,#1839);
#930=LINE('',#14804,#1840);
#931=LINE('',#14805,#1841);
#932=LINE('',#14808,#1842);
#933=LINE('',#14809,#1843);
#934=LINE('',#14812,#1844);
#935=LINE('',#14813,#1845);
#936=LINE('',#14815,#1846);
#937=LINE('',#14817,#1847);
#938=LINE('',#14818,#1848);
#939=LINE('',#14819,#1849);
#940=LINE('',#14821,#1850);
#941=LINE('',#14822,#1851);
#942=LINE('',#14825,#1852);
#943=LINE('',#14826,#1853);
#944=LINE('',#14827,#1854);
#945=LINE('',#14829,#1855);
#946=LINE('',#14830,#1856);
#947=LINE('',#14833,#1857);
#948=LINE('',#14836,#1858);
#949=LINE('',#14839,#1859);
#950=LINE('',#14841,#1860);
#951=LINE('',#14842,#1861);
#952=LINE('',#14844,#1862);
#953=LINE('',#14846,#1863);
#954=LINE('',#14851,#1864);
#955=LINE('',#14854,#1865);
#956=LINE('',#14856,#1866);
#957=LINE('',#14858,#1867);
#958=LINE('',#14860,#1868);
#959=LINE('',#14861,#1869);
#960=LINE('',#14863,#1870);
#961=LINE('',#14865,#1871);
#962=LINE('',#14868,#1872);
#963=LINE('',#14871,#1873);
#964=LINE('',#14873,#1874);
#965=LINE('',#14875,#1875);
#966=LINE('',#14877,#1876);
#967=LINE('',#14878,#1877);
#968=LINE('',#14880,#1878);
#969=LINE('',#14882,#1879);
#970=LINE('',#14885,#1880);
#971=LINE('',#14888,#1881);
#972=LINE('',#14890,#1882);
#973=LINE('',#14892,#1883);
#974=LINE('',#14894,#1884);
#975=LINE('',#14895,#1885);
#976=LINE('',#14897,#1886);
#977=LINE('',#14898,#1887);
#978=LINE('',#14902,#1888);
#979=LINE('',#14905,#1889);
#980=LINE('',#14907,#1890);
#981=LINE('',#14909,#1891);
#982=LINE('',#14911,#1892);
#983=LINE('',#14912,#1893);
#984=LINE('',#14914,#1894);
#985=LINE('',#14916,#1895);
#986=LINE('',#14919,#1896);
#987=LINE('',#14921,#1897);
#988=LINE('',#14923,#1898);
#989=LINE('',#14925,#1899);
#990=LINE('',#14927,#1900);
#991=LINE('',#14929,#1901);
#992=LINE('',#14931,#1902);
#993=LINE('',#14933,#1903);
#994=LINE('',#14936,#1904);
#995=LINE('',#14939,#1905);
#996=LINE('',#14941,#1906);
#997=LINE('',#14943,#1907);
#998=LINE('',#14945,#1908);
#999=LINE('',#14949,#1909);
#1000=LINE('',#14951,#1910);
#1001=LINE('',#14953,#1911);
#1002=LINE('',#14960,#1912);
#1003=LINE('',#14962,#1913);
#1004=LINE('',#14964,#1914);
#1005=LINE('',#14968,#1915);
#1006=LINE('',#14972,#1916);
#1007=LINE('',#14974,#1917);
#1008=LINE('',#14976,#1918);
#1009=LINE('',#14980,#1919);
#1010=LINE('',#14982,#1920);
#1011=LINE('',#14985,#1921);
#1012=LINE('',#14987,#1922);
#1013=LINE('',#14989,#1923);
#1014=LINE('',#14991,#1924);
#1015=LINE('',#14994,#1925);
#1016=LINE('',#14998,#1926);
#1017=LINE('',#15002,#1927);
#1018=LINE('',#15004,#1928);
#1019=LINE('',#15006,#1929);
#1020=LINE('',#15010,#1930);
#1021=LINE('',#15014,#1931);
#1022=LINE('',#15016,#1932);
#1023=LINE('',#15019,#1933);
#1024=LINE('',#15021,#1934);
#1025=LINE('',#15023,#1935);
#1026=LINE('',#15025,#1936);
#1027=LINE('',#15028,#1937);
#1028=LINE('',#15029,#1938);
#1029=LINE('',#15031,#1939);
#1030=LINE('',#15033,#1940);
#1031=LINE('',#15035,#1941);
#1032=LINE('',#15037,#1942);
#1033=LINE('',#15038,#1943);
#1034=LINE('',#15040,#1944);
#1035=LINE('',#15042,#1945);
#1036=LINE('',#15044,#1946);
#1037=LINE('',#15046,#1947);
#1038=LINE('',#15047,#1948);
#1039=LINE('',#15049,#1949);
#1040=LINE('',#15051,#1950);
#1041=LINE('',#15053,#1951);
#1042=LINE('',#15056,#1952);
#1043=LINE('',#15058,#1953);
#1044=LINE('',#15060,#1954);
#1045=LINE('',#15061,#1955);
#1046=LINE('',#15063,#1956);
#1047=LINE('',#15065,#1957);
#1048=LINE('',#15067,#1958);
#1049=LINE('',#15070,#1959);
#1050=LINE('',#15072,#1960);
#1051=LINE('',#15074,#1961);
#1052=LINE('',#15075,#1962);
#1053=LINE('',#15077,#1963);
#1054=LINE('',#15079,#1964);
#1055=LINE('',#15081,#1965);
#1056=LINE('',#15083,#1966);
#1057=LINE('',#15084,#1967);
#1058=LINE('',#15086,#1968);
#1059=LINE('',#15088,#1969);
#1060=LINE('',#15090,#1970);
#1061=LINE('',#15092,#1971);
#1062=LINE('',#15093,#1972);
#1063=LINE('',#15095,#1973);
#1064=LINE('',#15098,#1974);
#1065=LINE('',#15099,#1975);
#1066=LINE('',#15103,#1976);
#1067=LINE('',#15106,#1977);
#1068=LINE('',#15108,#1978);
#1069=LINE('',#15112,#1979);
#1070=LINE('',#15114,#1980);
#1071=LINE('',#15116,#1981);
#1072=LINE('',#15118,#1982);
#1073=LINE('',#15120,#1983);
#1074=LINE('',#15124,#1984);
#1075=LINE('',#15127,#1985);
#1076=LINE('',#15129,#1986);
#1077=LINE('',#15131,#1987);
#1078=LINE('',#15133,#1988);
#1079=LINE('',#15135,#1989);
#1080=LINE('',#15137,#1990);
#1081=LINE('',#15139,#1991);
#1082=LINE('',#15141,#1992);
#1083=LINE('',#15143,#1993);
#1084=LINE('',#15145,#1994);
#1085=LINE('',#15147,#1995);
#1086=LINE('',#15149,#1996);
#1087=LINE('',#15151,#1997);
#1088=LINE('',#15153,#1998);
#1089=LINE('',#15155,#1999);
#1090=LINE('',#15157,#2000);
#1091=LINE('',#15159,#2001);
#1092=LINE('',#15161,#2002);
#1093=LINE('',#15164,#2003);
#1094=LINE('',#15166,#2004);
#1095=LINE('',#15168,#2005);
#1096=LINE('',#15170,#2006);
#1097=LINE('',#15172,#2007);
#1098=LINE('',#15174,#2008);
#1099=LINE('',#15176,#2009);
#1100=LINE('',#15178,#2010);
#1101=LINE('',#15181,#2011);
#1102=LINE('',#15183,#2012);
#1103=LINE('',#15185,#2013);
#1104=LINE('',#15187,#2014);
#1105=LINE('',#15189,#2015);
#1106=LINE('',#15191,#2016);
#1107=LINE('',#15193,#2017);
#1108=LINE('',#15195,#2018);
#1109=LINE('',#15197,#2019);
#1110=LINE('',#15199,#2020);
#1111=LINE('',#15201,#2021);
#1112=LINE('',#15203,#2022);
#1113=LINE('',#15205,#2023);
#1114=LINE('',#15207,#2024);
#1115=LINE('',#15209,#2025);
#1116=LINE('',#15211,#2026);
#1117=LINE('',#15213,#2027);
#1118=LINE('',#15215,#2028);
#1119=LINE('',#15218,#2029);
#1120=LINE('',#15220,#2030);
#1121=LINE('',#15222,#2031);
#1122=LINE('',#15224,#2032);
#1123=LINE('',#15225,#2033);
#1124=LINE('',#15227,#2034);
#1125=LINE('',#15228,#2035);
#1126=LINE('',#15230,#2036);
#1127=LINE('',#15232,#2037);
#1128=LINE('',#15234,#2038);
#1129=LINE('',#15236,#2039);
#1130=LINE('',#15237,#2040);
#1131=LINE('',#15239,#2041);
#1132=LINE('',#15240,#2042);
#1133=LINE('',#15242,#2043);
#1134=LINE('',#15244,#2044);
#1135=LINE('',#15246,#2045);
#1136=LINE('',#15248,#2046);
#1137=LINE('',#15249,#2047);
#1138=LINE('',#15251,#2048);
#1139=LINE('',#15252,#2049);
#1140=LINE('',#15254,#2050);
#1141=LINE('',#15256,#2051);
#1142=LINE('',#15258,#2052);
#1143=LINE('',#15260,#2053);
#1144=LINE('',#15261,#2054);
#1145=LINE('',#15263,#2055);
#1146=LINE('',#15264,#2056);
#1147=LINE('',#15266,#2057);
#1148=LINE('',#15268,#2058);
#1149=LINE('',#15270,#2059);
#1150=LINE('',#15272,#2060);
#1151=LINE('',#15274,#2061);
#1152=LINE('',#15276,#2062);
#1153=LINE('',#15278,#2063);
#1154=LINE('',#15280,#2064);
#1155=LINE('',#15282,#2065);
#1156=LINE('',#15284,#2066);
#1157=LINE('',#15286,#2067);
#1158=LINE('',#15288,#2068);
#1159=LINE('',#15290,#2069);
#1160=LINE('',#15294,#2070);
#1161=LINE('',#15296,#2071);
#1162=LINE('',#15304,#2072);
#1163=LINE('',#15306,#2073);
#1164=LINE('',#15308,#2074);
#1165=LINE('',#15310,#2075);
#1166=LINE('',#15318,#2076);
#1167=LINE('',#15321,#2077);
#1168=LINE('',#15323,#2078);
#1169=LINE('',#15325,#2079);
#1170=LINE('',#15331,#2080);
#1171=LINE('',#15337,#2081);
#1172=LINE('',#15340,#2082);
#1173=LINE('',#15341,#2083);
#1174=LINE('',#15409,#2084);
#1175=LINE('',#15411,#2085);
#1176=LINE('',#15413,#2086);
#1177=LINE('',#15415,#2087);
#1178=LINE('',#15419,#2088);
#1179=LINE('',#15421,#2089);
#1180=LINE('',#15423,#2090);
#1181=LINE('',#15425,#2091);
#1182=LINE('',#15466,#2092);
#1183=LINE('',#15469,#2093);
#1184=LINE('',#15473,#2094);
#1185=LINE('',#15475,#2095);
#1186=LINE('',#15480,#2096);
#1187=LINE('',#15482,#2097);
#1188=LINE('',#15483,#2098);
#1189=VECTOR('',#9902,1.);
#1190=VECTOR('',#9905,1.);
#1191=VECTOR('',#9906,1.);
#1192=VECTOR('',#9909,1.);
#1193=VECTOR('',#9916,1.);
#1194=VECTOR('',#9919,1.);
#1195=VECTOR('',#9932,1.);
#1196=VECTOR('',#9933,1.);
#1197=VECTOR('',#9934,1.);
#1198=VECTOR('',#9939,1.);
#1199=VECTOR('',#9940,1.);
#1200=VECTOR('',#9941,1.);
#1201=VECTOR('',#9946,1.);
#1202=VECTOR('',#9947,1.);
#1203=VECTOR('',#9950,1.);
#1204=VECTOR('',#9951,1.);
#1205=VECTOR('',#9954,1.);
#1206=VECTOR('',#9955,1.);
#1207=VECTOR('',#9958,1.);
#1208=VECTOR('',#9959,1.);
#1209=VECTOR('',#9960,1.);
#1210=VECTOR('',#9961,1.);
#1211=VECTOR('',#9964,1.);
#1212=VECTOR('',#9965,1.);
#1213=VECTOR('',#9966,1.);
#1214=VECTOR('',#9967,1.);
#1215=VECTOR('',#9970,1.);
#1216=VECTOR('',#9973,1.);
#1217=VECTOR('',#9976,1.);
#1218=VECTOR('',#9979,1.);
#1219=VECTOR('',#9982,1.);
#1220=VECTOR('',#9985,1.);
#1221=VECTOR('',#9988,1.);
#1222=VECTOR('',#9991,1.);
#1223=VECTOR('',#9994,1.);
#1224=VECTOR('',#9997,1.);
#1225=VECTOR('',#9998,1.);
#1226=VECTOR('',#10001,1.);
#1227=VECTOR('',#10002,1.);
#1228=VECTOR('',#10005,1.);
#1229=VECTOR('',#10006,1.);
#1230=VECTOR('',#10007,1.);
#1231=VECTOR('',#10008,1.);
#1232=VECTOR('',#10011,1.);
#1233=VECTOR('',#10014,1.);
#1234=VECTOR('',#10015,1.);
#1235=VECTOR('',#10016,1.);
#1236=VECTOR('',#10019,1.);
#1237=VECTOR('',#10020,1.);
#1238=VECTOR('',#10021,1.);
#1239=VECTOR('',#10024,1.);
#1240=VECTOR('',#10027,1.);
#1241=VECTOR('',#10030,1.);
#1242=VECTOR('',#10033,1.);
#1243=VECTOR('',#10036,1.);
#1244=VECTOR('',#10039,1.);
#1245=VECTOR('',#10042,1.);
#1246=VECTOR('',#10045,1.);
#1247=VECTOR('',#10050,1.);
#1248=VECTOR('',#10051,1.);
#1249=VECTOR('',#10054,1.);
#1250=VECTOR('',#10055,1.);
#1251=VECTOR('',#10056,1.);
#1252=VECTOR('',#10059,1.);
#1253=VECTOR('',#10060,1.);
#1254=VECTOR('',#10061,1.);
#1255=VECTOR('',#10064,1.);
#1256=VECTOR('',#10067,1.);
#1257=VECTOR('',#10068,1.);
#1258=VECTOR('',#10071,1.);
#1259=VECTOR('',#10074,1.);
#1260=VECTOR('',#10079,1.);
#1261=VECTOR('',#10086,1.);
#1262=VECTOR('',#10089,1.);
#1263=VECTOR('',#10092,1.);
#1264=VECTOR('',#10095,1.);
#1265=VECTOR('',#10098,1.);
#1266=VECTOR('',#10099,1.);
#1267=VECTOR('',#10100,1.);
#1268=VECTOR('',#10103,1.);
#1269=VECTOR('',#10104,1.);
#1270=VECTOR('',#10105,1.);
#1271=VECTOR('',#10110,1.);
#1272=VECTOR('',#10111,1.);
#1273=VECTOR('',#10116,1.);
#1274=VECTOR('',#10117,1.);
#1275=VECTOR('',#10120,1.);
#1276=VECTOR('',#10121,1.);
#1277=VECTOR('',#10124,1.);
#1278=VECTOR('',#10127,1.);
#1279=VECTOR('',#10132,1.);
#1280=VECTOR('',#10139,1.);
#1281=VECTOR('',#10144,1.);
#1282=VECTOR('',#10147,1.);
#1283=VECTOR('',#10150,1.);
#1284=VECTOR('',#10151,1.);
#1285=VECTOR('',#10152,1.);
#1286=VECTOR('',#10155,1.);
#1287=VECTOR('',#10156,1.);
#1288=VECTOR('',#10157,1.);
#1289=VECTOR('',#10160,1.);
#1290=VECTOR('',#10163,1.);
#1291=VECTOR('',#10164,1.);
#1292=VECTOR('',#10169,1.);
#1293=VECTOR('',#10172,1.);
#1294=VECTOR('',#10175,1.);
#1295=VECTOR('',#10178,1.);
#1296=VECTOR('',#10179,1.);
#1297=VECTOR('',#10182,1.);
#1298=VECTOR('',#10185,1.);
#1299=VECTOR('',#10190,1.);
#1300=VECTOR('',#10193,1.);
#1301=VECTOR('',#10196,1.);
#1302=VECTOR('',#10199,1.);
#1303=VECTOR('',#10204,1.);
#1304=VECTOR('',#10207,1.);
#1305=VECTOR('',#10210,1.);
#1306=VECTOR('',#10213,1.);
#1307=VECTOR('',#10266,1.);
#1308=VECTOR('',#10269,1.);
#1309=VECTOR('',#10272,1.);
#1310=VECTOR('',#10275,1.);
#1311=VECTOR('',#10280,1.);
#1312=VECTOR('',#10283,1.);
#1313=VECTOR('',#10286,1.);
#1314=VECTOR('',#10289,1.);
#1315=VECTOR('',#10360,1.);
#1316=VECTOR('',#10361,1.);
#1317=VECTOR('',#10362,1.);
#1318=VECTOR('',#10363,1.);
#1319=VECTOR('',#10366,1.);
#1320=VECTOR('',#10369,1.);
#1321=VECTOR('',#10374,1.);
#1322=VECTOR('',#10377,1.);
#1323=VECTOR('',#10380,1.);
#1324=VECTOR('',#10381,1.);
#1325=VECTOR('',#10382,1.);
#1326=VECTOR('',#10383,1.);
#1327=VECTOR('',#10384,1.);
#1328=VECTOR('',#10385,1.);
#1329=VECTOR('',#10388,1.);
#1330=VECTOR('',#10391,1.);
#1331=VECTOR('',#10392,1.);
#1332=VECTOR('',#10393,1.);
#1333=VECTOR('',#10394,1.);
#1334=VECTOR('',#10395,1.);
#1335=VECTOR('',#10396,1.);
#1336=VECTOR('',#10397,1.);
#1337=VECTOR('',#10402,1.);
#1338=VECTOR('',#10403,1.);
#1339=VECTOR('',#10408,1.);
#1340=VECTOR('',#10417,1.);
#1341=VECTOR('',#10420,1.);
#1342=VECTOR('',#10421,1.);
#1343=VECTOR('',#10422,1.);
#1344=VECTOR('',#10423,1.);
#1345=VECTOR('',#10430,1.);
#1346=VECTOR('',#10431,1.);
#1347=VECTOR('',#10432,1.);
#1348=VECTOR('',#10437,1.);
#1349=VECTOR('',#10438,1.);
#1350=VECTOR('',#10439,1.);
#1351=VECTOR('',#10444,1.);
#1352=VECTOR('',#10445,1.);
#1353=VECTOR('',#10448,1.);
#1354=VECTOR('',#10451,1.);
#1355=VECTOR('',#10454,1.);
#1356=VECTOR('',#10455,1.);
#1357=VECTOR('',#10458,1.);
#1358=VECTOR('',#10461,1.);
#1359=VECTOR('',#10466,1.);
#1360=VECTOR('',#10471,1.);
#1361=VECTOR('',#10474,1.);
#1362=VECTOR('',#10479,1.);
#1363=VECTOR('',#10482,1.);
#1364=VECTOR('',#10485,1.);
#1365=VECTOR('',#10486,1.);
#1366=VECTOR('',#10487,1.);
#1367=VECTOR('',#10490,1.);
#1368=VECTOR('',#10491,1.);
#1369=VECTOR('',#10494,1.);
#1370=VECTOR('',#10495,1.);
#1371=VECTOR('',#10500,1.);
#1372=VECTOR('',#10507,1.);
#1373=VECTOR('',#10512,1.);
#1374=VECTOR('',#10515,1.);
#1375=VECTOR('',#10518,1.);
#1376=VECTOR('',#10519,1.);
#1377=VECTOR('',#10520,1.);
#1378=VECTOR('',#10523,1.);
#1379=VECTOR('',#10524,1.);
#1380=VECTOR('',#10527,1.);
#1381=VECTOR('',#10528,1.);
#1382=VECTOR('',#10531,1.);
#1383=VECTOR('',#10536,1.);
#1384=VECTOR('',#10541,1.);
#1385=VECTOR('',#10548,1.);
#1386=VECTOR('',#10551,1.);
#1387=VECTOR('',#10552,1.);
#1388=VECTOR('',#10553,1.);
#1389=VECTOR('',#10556,1.);
#1390=VECTOR('',#10557,1.);
#1391=VECTOR('',#10560,1.);
#1392=VECTOR('',#10561,1.);
#1393=VECTOR('',#10564,1.);
#1394=VECTOR('',#10569,1.);
#1395=VECTOR('',#10576,1.);
#1396=VECTOR('',#10581,1.);
#1397=VECTOR('',#10584,1.);
#1398=VECTOR('',#10587,1.);
#1399=VECTOR('',#10588,1.);
#1400=VECTOR('',#10589,1.);
#1401=VECTOR('',#10592,1.);
#1402=VECTOR('',#10593,1.);
#1403=VECTOR('',#10594,1.);
#1404=VECTOR('',#10597,1.);
#1405=VECTOR('',#10600,1.);
#1406=VECTOR('',#10605,1.);
#1407=VECTOR('',#10608,1.);
#1408=VECTOR('',#10609,1.);
#1409=VECTOR('',#10612,1.);
#1410=VECTOR('',#10617,1.);
#1411=VECTOR('',#10622,1.);
#1412=VECTOR('',#10625,1.);
#1413=VECTOR('',#10628,1.);
#1414=VECTOR('',#10631,1.);
#1415=VECTOR('',#10632,1.);
#1416=VECTOR('',#10635,1.);
#1417=VECTOR('',#10636,1.);
#1418=VECTOR('',#10637,1.);
#1419=VECTOR('',#10638,1.);
#1420=VECTOR('',#10641,1.);
#1421=VECTOR('',#10644,1.);
#1422=VECTOR('',#10645,1.);
#1423=VECTOR('',#10648,1.);
#1424=VECTOR('',#10649,1.);
#1425=VECTOR('',#10650,1.);
#1426=VECTOR('',#10653,1.);
#1427=VECTOR('',#10656,1.);
#1428=VECTOR('',#10657,1.);
#1429=VECTOR('',#10658,1.);
#1430=VECTOR('',#10661,1.);
#1431=VECTOR('',#10664,1.);
#1432=VECTOR('',#10665,1.);
#1433=VECTOR('',#10666,1.);
#1434=VECTOR('',#10671,1.);
#1435=VECTOR('',#10674,1.);
#1436=VECTOR('',#10677,1.);
#1437=VECTOR('',#10678,1.);
#1438=VECTOR('',#10679,1.);
#1439=VECTOR('',#10682,1.);
#1440=VECTOR('',#10685,1.);
#1441=VECTOR('',#10686,1.);
#1442=VECTOR('',#10687,1.);
#1443=VECTOR('',#10690,1.);
#1444=VECTOR('',#10693,1.);
#1445=VECTOR('',#10694,1.);
#1446=VECTOR('',#10697,1.);
#1447=VECTOR('',#10700,1.);
#1448=VECTOR('',#10703,1.);
#1449=VECTOR('',#10708,1.);
#1450=VECTOR('',#10711,1.);
#1451=VECTOR('',#10712,1.);
#1452=VECTOR('',#10713,1.);
#1453=VECTOR('',#10718,1.);
#1454=VECTOR('',#10723,1.);
#1455=VECTOR('',#10728,1.);
#1456=VECTOR('',#10735,1.);
#1457=VECTOR('',#10738,1.);
#1458=VECTOR('',#10741,1.);
#1459=VECTOR('',#10742,1.);
#1460=VECTOR('',#10743,1.);
#1461=VECTOR('',#10746,1.);
#1462=VECTOR('',#10747,1.);
#1463=VECTOR('',#10750,1.);
#1464=VECTOR('',#10751,1.);
#1465=VECTOR('',#10752,1.);
#1466=VECTOR('',#10753,1.);
#1467=VECTOR('',#10760,1.);
#1468=VECTOR('',#10765,1.);
#1469=VECTOR('',#10766,1.);
#1470=VECTOR('',#10771,1.);
#1471=VECTOR('',#10774,1.);
#1472=VECTOR('',#10781,1.);
#1473=VECTOR('',#10798,1.);
#1474=VECTOR('',#10799,1.);
#1475=VECTOR('',#10802,1.);
#1476=VECTOR('',#10809,1.);
#1477=VECTOR('',#10812,1.);
#1478=VECTOR('',#10815,1.);
#1479=VECTOR('',#10818,1.);
#1480=VECTOR('',#10823,1.);
#1481=VECTOR('',#10830,1.);
#1482=VECTOR('',#10833,1.);
#1483=VECTOR('',#10836,1.);
#1484=VECTOR('',#10839,1.);
#1485=VECTOR('',#10846,1.);
#1486=VECTOR('',#10847,1.);
#1487=VECTOR('',#10850,1.);
#1488=VECTOR('',#10855,1.);
#1489=VECTOR('',#10856,1.);
#1490=VECTOR('',#10859,1.);
#1491=VECTOR('',#10962,1.);
#1492=VECTOR('',#10965,1.);
#1493=VECTOR('',#10966,1.);
#1494=VECTOR('',#10971,1.);
#1495=VECTOR('',#10976,1.);
#1496=VECTOR('',#10979,1.);
#1497=VECTOR('',#10992,1.);
#1498=VECTOR('',#10997,1.);
#1499=VECTOR('',#11000,1.);
#1500=VECTOR('',#11003,1.);
#1501=VECTOR('',#11008,1.);
#1502=VECTOR('',#11013,1.);
#1503=VECTOR('',#11016,1.);
#1504=VECTOR('',#11019,1.);
#1505=VECTOR('',#11028,1.);
#1506=VECTOR('',#11029,1.);
#1507=VECTOR('',#11032,1.);
#1508=VECTOR('',#11033,1.);
#1509=VECTOR('',#11038,1.);
#1510=VECTOR('',#11041,1.);
#1511=VECTOR('',#11042,1.);
#1512=VECTOR('',#11047,1.);
#1513=VECTOR('',#11052,1.);
#1514=VECTOR('',#11055,1.);
#1515=VECTOR('',#11056,1.);
#1516=VECTOR('',#11061,1.);
#1517=VECTOR('',#11066,1.);
#1518=VECTOR('',#11069,1.);
#1519=VECTOR('',#11070,1.);
#1520=VECTOR('',#11075,1.);
#1521=VECTOR('',#11078,1.);
#1522=VECTOR('',#11079,1.);
#1523=VECTOR('',#11084,1.);
#1524=VECTOR('',#11087,1.);
#1525=VECTOR('',#11088,1.);
#1526=VECTOR('',#11093,1.);
#1527=VECTOR('',#11098,1.);
#1528=VECTOR('',#11101,1.);
#1529=VECTOR('',#11102,1.);
#1530=VECTOR('',#11107,1.);
#1531=VECTOR('',#11112,1.);
#1532=VECTOR('',#11115,1.);
#1533=VECTOR('',#11120,1.);
#1534=VECTOR('',#11123,1.);
#1535=VECTOR('',#11126,1.);
#1536=VECTOR('',#11127,1.);
#1537=VECTOR('',#11128,1.);
#1538=VECTOR('',#11131,1.);
#1539=VECTOR('',#11132,1.);
#1540=VECTOR('',#11133,1.);
#1541=VECTOR('',#11138,1.);
#1542=VECTOR('',#11141,1.);
#1543=VECTOR('',#11142,1.);
#1544=VECTOR('',#11143,1.);
#1545=VECTOR('',#11144,1.);
#1546=VECTOR('',#11145,1.);
#1547=VECTOR('',#11146,1.);
#1548=VECTOR('',#11147,1.);
#1549=VECTOR('',#11148,1.);
#1550=VECTOR('',#11149,1.);
#1551=VECTOR('',#11150,1.);
#1552=VECTOR('',#11151,1.);
#1553=VECTOR('',#11152,1.);
#1554=VECTOR('',#11153,1.);
#1555=VECTOR('',#11154,1.);
#1556=VECTOR('',#11155,1.);
#1557=VECTOR('',#11156,1.);
#1558=VECTOR('',#11157,1.);
#1559=VECTOR('',#11158,1.);
#1560=VECTOR('',#11159,1.);
#1561=VECTOR('',#11160,1.);
#1562=VECTOR('',#11165,1.);
#1563=VECTOR('',#11168,1.);
#1564=VECTOR('',#11171,1.);
#1565=VECTOR('',#11172,1.);
#1566=VECTOR('',#11173,1.);
#1567=VECTOR('',#11176,1.);
#1568=VECTOR('',#11177,1.);
#1569=VECTOR('',#11178,1.);
#1570=VECTOR('',#11183,1.);
#1571=VECTOR('',#11186,1.);
#1572=VECTOR('',#11187,1.);
#1573=VECTOR('',#11188,1.);
#1574=VECTOR('',#11189,1.);
#1575=VECTOR('',#11190,1.);
#1576=VECTOR('',#11191,1.);
#1577=VECTOR('',#11194,1.);
#1578=VECTOR('',#11195,1.);
#1579=VECTOR('',#11196,1.);
#1580=VECTOR('',#11197,1.);
#1581=VECTOR('',#11198,1.);
#1582=VECTOR('',#11199,1.);
#1583=VECTOR('',#11202,1.);
#1584=VECTOR('',#11203,1.);
#1585=VECTOR('',#11204,1.);
#1586=VECTOR('',#11207,1.);
#1587=VECTOR('',#11208,1.);
#1588=VECTOR('',#11211,1.);
#1589=VECTOR('',#11212,1.);
#1590=VECTOR('',#11213,1.);
#1591=VECTOR('',#11216,1.);
#1592=VECTOR('',#11219,1.);
#1593=VECTOR('',#11220,1.);
#1594=VECTOR('',#11223,1.);
#1595=VECTOR('',#11224,1.);
#1596=VECTOR('',#11225,1.);
#1597=VECTOR('',#11228,1.);
#1598=VECTOR('',#11229,1.);
#1599=VECTOR('',#11232,1.);
#1600=VECTOR('',#11233,1.);
#1601=VECTOR('',#11234,1.);
#1602=VECTOR('',#11237,1.);
#1603=VECTOR('',#11238,1.);
#1604=VECTOR('',#11241,1.);
#1605=VECTOR('',#11242,1.);
#1606=VECTOR('',#11245,1.);
#1607=VECTOR('',#11248,1.);
#1608=VECTOR('',#11249,1.);
#1609=VECTOR('',#11250,1.);
#1610=VECTOR('',#11253,1.);
#1611=VECTOR('',#11254,1.);
#1612=VECTOR('',#11255,1.);
#1613=VECTOR('',#11258,1.);
#1614=VECTOR('',#11261,1.);
#1615=VECTOR('',#11262,1.);
#1616=VECTOR('',#11263,1.);
#1617=VECTOR('',#11266,1.);
#1618=VECTOR('',#11269,1.);
#1619=VECTOR('',#11270,1.);
#1620=VECTOR('',#11271,1.);
#1621=VECTOR('',#11274,1.);
#1622=VECTOR('',#11275,1.);
#1623=VECTOR('',#11278,1.);
#1624=VECTOR('',#11281,1.);
#1625=VECTOR('',#11284,1.);
#1626=VECTOR('',#11285,1.);
#1627=VECTOR('',#11286,1.);
#1628=VECTOR('',#11287,1.);
#1629=VECTOR('',#11288,1.);
#1630=VECTOR('',#11289,1.);
#1631=VECTOR('',#11290,1.);
#1632=VECTOR('',#11291,1.);
#1633=VECTOR('',#11292,1.);
#1634=VECTOR('',#11293,1.);
#1635=VECTOR('',#11294,1.);
#1636=VECTOR('',#11295,1.);
#1637=VECTOR('',#11296,1.);
#1638=VECTOR('',#11297,1.);
#1639=VECTOR('',#11298,1.);
#1640=VECTOR('',#11299,1.);
#1641=VECTOR('',#11300,1.);
#1642=VECTOR('',#11301,1.);
#1643=VECTOR('',#11302,1.);
#1644=VECTOR('',#11303,1.);
#1645=VECTOR('',#11306,1.);
#1646=VECTOR('',#11307,1.);
#1647=VECTOR('',#11310,1.);
#1648=VECTOR('',#11311,1.);
#1649=VECTOR('',#11312,1.);
#1650=VECTOR('',#11315,1.);
#1651=VECTOR('',#11316,1.);
#1652=VECTOR('',#11317,1.);
#1653=VECTOR('',#11320,1.);
#1654=VECTOR('',#11321,1.);
#1655=VECTOR('',#11324,1.);
#1656=VECTOR('',#11325,1.);
#1657=VECTOR('',#11328,1.);
#1658=VECTOR('',#11329,1.);
#1659=VECTOR('',#11330,1.);
#1660=VECTOR('',#11333,1.);
#1661=VECTOR('',#11334,1.);
#1662=VECTOR('',#11337,1.);
#1663=VECTOR('',#11338,1.);
#1664=VECTOR('',#11341,1.);
#1665=VECTOR('',#11344,1.);
#1666=VECTOR('',#11347,1.);
#1667=VECTOR('',#11350,1.);
#1668=VECTOR('',#11351,1.);
#1669=VECTOR('',#11354,1.);
#1670=VECTOR('',#11355,1.);
#1671=VECTOR('',#11356,1.);
#1672=VECTOR('',#11357,1.);
#1673=VECTOR('',#11360,1.);
#1674=VECTOR('',#11361,1.);
#1675=VECTOR('',#11364,1.);
#1676=VECTOR('',#11367,1.);
#1677=VECTOR('',#11370,1.);
#1678=VECTOR('',#11371,1.);
#1679=VECTOR('',#11372,1.);
#1680=VECTOR('',#11375,1.);
#1681=VECTOR('',#11376,1.);
#1682=VECTOR('',#11379,1.);
#1683=VECTOR('',#11380,1.);
#1684=VECTOR('',#11383,1.);
#1685=VECTOR('',#11384,1.);
#1686=VECTOR('',#11385,1.);
#1687=VECTOR('',#11388,1.);
#1688=VECTOR('',#11389,1.);
#1689=VECTOR('',#11392,1.);
#1690=VECTOR('',#11393,1.);
#1691=VECTOR('',#11396,1.);
#1692=VECTOR('',#11399,1.);
#1693=VECTOR('',#11402,1.);
#1694=VECTOR('',#11409,1.);
#1695=VECTOR('',#11412,1.);
#1696=VECTOR('',#11415,1.);
#1697=VECTOR('',#11418,1.);
#1698=VECTOR('',#11423,1.);
#1699=VECTOR('',#11426,1.);
#1700=VECTOR('',#11427,1.);
#1701=VECTOR('',#11428,1.);
#1702=VECTOR('',#11435,1.);
#1703=VECTOR('',#11438,1.);
#1704=VECTOR('',#11439,1.);
#1705=VECTOR('',#11442,1.);
#1706=VECTOR('',#11443,1.);
#1707=VECTOR('',#11446,1.);
#1708=VECTOR('',#11451,1.);
#1709=VECTOR('',#11454,1.);
#1710=VECTOR('',#11457,1.);
#1711=VECTOR('',#11460,1.);
#1712=VECTOR('',#11463,1.);
#1713=VECTOR('',#11464,1.);
#1714=VECTOR('',#11467,1.);
#1715=VECTOR('',#11468,1.);
#1716=VECTOR('',#11471,1.);
#1717=VECTOR('',#11472,1.);
#1718=VECTOR('',#11475,1.);
#1719=VECTOR('',#11476,1.);
#1720=VECTOR('',#11479,1.);
#1721=VECTOR('',#11482,1.);
#1722=VECTOR('',#11485,1.);
#1723=VECTOR('',#11488,1.);
#1724=VECTOR('',#11491,1.);
#1725=VECTOR('',#11494,1.);
#1726=VECTOR('',#11497,1.);
#1727=VECTOR('',#11500,1.);
#1728=VECTOR('',#11501,1.);
#1729=VECTOR('',#11504,1.);
#1730=VECTOR('',#11505,1.);
#1731=VECTOR('',#11508,1.);
#1732=VECTOR('',#11509,1.);
#1733=VECTOR('',#11512,1.);
#1734=VECTOR('',#11513,1.);
#1735=VECTOR('',#11516,1.);
#1736=VECTOR('',#11519,1.);
#1737=VECTOR('',#11522,1.);
#1738=VECTOR('',#11525,1.);
#1739=VECTOR('',#11528,1.);
#1740=VECTOR('',#11531,1.);
#1741=VECTOR('',#11534,1.);
#1742=VECTOR('',#11537,1.);
#1743=VECTOR('',#11540,1.);
#1744=VECTOR('',#11543,1.);
#1745=VECTOR('',#11544,1.);
#1746=VECTOR('',#11547,1.);
#1747=VECTOR('',#11548,1.);
#1748=VECTOR('',#11551,1.);
#1749=VECTOR('',#11554,1.);
#1750=VECTOR('',#11557,1.);
#1751=VECTOR('',#11560,1.);
#1752=VECTOR('',#11561,1.);
#1753=VECTOR('',#11564,1.);
#1754=VECTOR('',#11565,1.);
#1755=VECTOR('',#11568,1.);
#1756=VECTOR('',#11571,1.);
#1757=VECTOR('',#11572,1.);
#1758=VECTOR('',#11591,1.);
#1759=VECTOR('',#11592,1.);
#1760=VECTOR('',#11593,1.);
#1761=VECTOR('',#11594,1.);
#1762=VECTOR('',#11595,1.);
#1763=VECTOR('',#11596,1.);
#1764=VECTOR('',#11597,1.);
#1765=VECTOR('',#11598,1.);
#1766=VECTOR('',#11599,1.);
#1767=VECTOR('',#11600,1.);
#1768=VECTOR('',#11603,1.);
#1769=VECTOR('',#11604,1.);
#1770=VECTOR('',#11605,1.);
#1771=VECTOR('',#11608,1.);
#1772=VECTOR('',#11609,1.);
#1773=VECTOR('',#11610,1.);
#1774=VECTOR('',#11613,1.);
#1775=VECTOR('',#11614,1.);
#1776=VECTOR('',#11615,1.);
#1777=VECTOR('',#11616,1.);
#1778=VECTOR('',#11617,1.);
#1779=VECTOR('',#11618,1.);
#1780=VECTOR('',#11619,1.);
#1781=VECTOR('',#11620,1.);
#1782=VECTOR('',#11621,1.);
#1783=VECTOR('',#11622,1.);
#1784=VECTOR('',#11623,1.);
#1785=VECTOR('',#11626,1.);
#1786=VECTOR('',#11627,1.);
#1787=VECTOR('',#11628,1.);
#1788=VECTOR('',#11629,1.);
#1789=VECTOR('',#11630,1.);
#1790=VECTOR('',#11631,1.);
#1791=VECTOR('',#11632,1.);
#1792=VECTOR('',#11633,1.);
#1793=VECTOR('',#11634,1.);
#1794=VECTOR('',#11635,1.);
#1795=VECTOR('',#11636,1.);
#1796=VECTOR('',#11637,1.);
#1797=VECTOR('',#11638,1.);
#1798=VECTOR('',#11641,1.);
#1799=VECTOR('',#11642,1.);
#1800=VECTOR('',#11643,1.);
#1801=VECTOR('',#11644,1.);
#1802=VECTOR('',#11647,1.);
#1803=VECTOR('',#11648,1.);
#1804=VECTOR('',#11649,1.);
#1805=VECTOR('',#11652,1.);
#1806=VECTOR('',#11653,1.);
#1807=VECTOR('',#11656,1.);
#1808=VECTOR('',#11657,1.);
#1809=VECTOR('',#11660,1.);
#1810=VECTOR('',#11661,1.);
#1811=VECTOR('',#11662,1.);
#1812=VECTOR('',#11663,1.);
#1813=VECTOR('',#11664,1.);
#1814=VECTOR('',#11667,1.);
#1815=VECTOR('',#11668,1.);
#1816=VECTOR('',#11669,1.);
#1817=VECTOR('',#11670,1.);
#1818=VECTOR('',#11673,1.);
#1819=VECTOR('',#11674,1.);
#1820=VECTOR('',#11675,1.);
#1821=VECTOR('',#11676,1.);
#1822=VECTOR('',#11677,1.);
#1823=VECTOR('',#11678,1.);
#1824=VECTOR('',#11679,1.);
#1825=VECTOR('',#11682,1.);
#1826=VECTOR('',#11683,1.);
#1827=VECTOR('',#11684,1.);
#1828=VECTOR('',#11685,1.);
#1829=VECTOR('',#11688,1.);
#1830=VECTOR('',#11689,1.);
#1831=VECTOR('',#11692,1.);
#1832=VECTOR('',#11693,1.);
#1833=VECTOR('',#11696,1.);
#1834=VECTOR('',#11697,1.);
#1835=VECTOR('',#11698,1.);
#1836=VECTOR('',#11701,1.);
#1837=VECTOR('',#11702,1.);
#1838=VECTOR('',#11703,1.);
#1839=VECTOR('',#11706,1.);
#1840=VECTOR('',#11715,1.);
#1841=VECTOR('',#11716,1.);
#1842=VECTOR('',#11721,1.);
#1843=VECTOR('',#11722,1.);
#1844=VECTOR('',#11727,1.);
#1845=VECTOR('',#11728,1.);
#1846=VECTOR('',#11731,1.);
#1847=VECTOR('',#11734,1.);
#1848=VECTOR('',#11735,1.);
#1849=VECTOR('',#11736,1.);
#1850=VECTOR('',#11739,1.);
#1851=VECTOR('',#11740,1.);
#1852=VECTOR('',#11745,1.);
#1853=VECTOR('',#11746,1.);
#1854=VECTOR('',#11747,1.);
#1855=VECTOR('',#11750,1.);
#1856=VECTOR('',#11751,1.);
#1857=VECTOR('',#11756,1.);
#1858=VECTOR('',#11761,1.);
#1859=VECTOR('',#11766,1.);
#1860=VECTOR('',#11769,1.);
#1861=VECTOR('',#11770,1.);
#1862=VECTOR('',#11773,1.);
#1863=VECTOR('',#11776,1.);
#1864=VECTOR('',#11785,1.);
#1865=VECTOR('',#11786,1.);
#1866=VECTOR('',#11787,1.);
#1867=VECTOR('',#11788,1.);
#1868=VECTOR('',#11791,1.);
#1869=VECTOR('',#11792,1.);
#1870=VECTOR('',#11795,1.);
#1871=VECTOR('',#11798,1.);
#1872=VECTOR('',#11803,1.);
#1873=VECTOR('',#11804,1.);
#1874=VECTOR('',#11805,1.);
#1875=VECTOR('',#11806,1.);
#1876=VECTOR('',#11809,1.);
#1877=VECTOR('',#11810,1.);
#1878=VECTOR('',#11813,1.);
#1879=VECTOR('',#11816,1.);
#1880=VECTOR('',#11821,1.);
#1881=VECTOR('',#11822,1.);
#1882=VECTOR('',#11823,1.);
#1883=VECTOR('',#11824,1.);
#1884=VECTOR('',#11827,1.);
#1885=VECTOR('',#11828,1.);
#1886=VECTOR('',#11831,1.);
#1887=VECTOR('',#11832,1.);
#1888=VECTOR('',#11839,1.);
#1889=VECTOR('',#11840,1.);
#1890=VECTOR('',#11841,1.);
#1891=VECTOR('',#11842,1.);
#1892=VECTOR('',#11845,1.);
#1893=VECTOR('',#11846,1.);
#1894=VECTOR('',#11849,1.);
#1895=VECTOR('',#11852,1.);
#1896=VECTOR('',#11857,1.);
#1897=VECTOR('',#11858,1.);
#1898=VECTOR('',#11859,1.);
#1899=VECTOR('',#11862,1.);
#1900=VECTOR('',#11863,1.);
#1901=VECTOR('',#11864,1.);
#1902=VECTOR('',#11867,1.);
#1903=VECTOR('',#11870,1.);
#1904=VECTOR('',#11875,1.);
#1905=VECTOR('',#11876,1.);
#1906=VECTOR('',#11877,1.);
#1907=VECTOR('',#11878,1.);
#1908=VECTOR('',#11879,1.);
#1909=VECTOR('',#11882,1.);
#1910=VECTOR('',#11883,1.);
#1911=VECTOR('',#11884,1.);
#1912=VECTOR('',#11891,1.);
#1913=VECTOR('',#11892,1.);
#1914=VECTOR('',#11893,1.);
#1915=VECTOR('',#11896,1.);
#1916=VECTOR('',#11899,1.);
#1917=VECTOR('',#11900,1.);
#1918=VECTOR('',#11901,1.);
#1919=VECTOR('',#11904,1.);
#1920=VECTOR('',#11907,1.);
#1921=VECTOR('',#11908,1.);
#1922=VECTOR('',#11909,1.);
#1923=VECTOR('',#11910,1.);
#1924=VECTOR('',#11913,1.);
#1925=VECTOR('',#11914,1.);
#1926=VECTOR('',#11917,1.);
#1927=VECTOR('',#11920,1.);
#1928=VECTOR('',#11921,1.);
#1929=VECTOR('',#11922,1.);
#1930=VECTOR('',#11925,1.);
#1931=VECTOR('',#11928,1.);
#1932=VECTOR('',#11931,1.);
#1933=VECTOR('',#11932,1.);
#1934=VECTOR('',#11933,1.);
#1935=VECTOR('',#11934,1.);
#1936=VECTOR('',#11937,1.);
#1937=VECTOR('',#11938,1.);
#1938=VECTOR('',#11939,1.);
#1939=VECTOR('',#11940,1.);
#1940=VECTOR('',#11941,1.);
#1941=VECTOR('',#11942,1.);
#1942=VECTOR('',#11943,1.);
#1943=VECTOR('',#11944,1.);
#1944=VECTOR('',#11945,1.);
#1945=VECTOR('',#11946,1.);
#1946=VECTOR('',#11947,1.);
#1947=VECTOR('',#11948,1.);
#1948=VECTOR('',#11949,1.);
#1949=VECTOR('',#11950,1.);
#1950=VECTOR('',#11951,1.);
#1951=VECTOR('',#11954,1.);
#1952=VECTOR('',#11955,1.);
#1953=VECTOR('',#11956,1.);
#1954=VECTOR('',#11957,1.);
#1955=VECTOR('',#11958,1.);
#1956=VECTOR('',#11959,1.);
#1957=VECTOR('',#11960,1.);
#1958=VECTOR('',#11963,1.);
#1959=VECTOR('',#11964,1.);
#1960=VECTOR('',#11965,1.);
#1961=VECTOR('',#11966,1.);
#1962=VECTOR('',#11967,1.);
#1963=VECTOR('',#11968,1.);
#1964=VECTOR('',#11969,1.);
#1965=VECTOR('',#11970,1.);
#1966=VECTOR('',#11971,1.);
#1967=VECTOR('',#11972,1.);
#1968=VECTOR('',#11973,1.);
#1969=VECTOR('',#11974,1.);
#1970=VECTOR('',#11975,1.);
#1971=VECTOR('',#11976,1.);
#1972=VECTOR('',#11977,1.);
#1973=VECTOR('',#11980,1.);
#1974=VECTOR('',#11981,1.);
#1975=VECTOR('',#11982,1.);
#1976=VECTOR('',#11987,1.);
#1977=VECTOR('',#11988,1.);
#1978=VECTOR('',#11989,1.);
#1979=VECTOR('',#11992,1.);
#1980=VECTOR('',#11993,1.);
#1981=VECTOR('',#11994,1.);
#1982=VECTOR('',#11995,1.);
#1983=VECTOR('',#11996,1.);
#1984=VECTOR('',#12001,1.);
#1985=VECTOR('',#12002,1.);
#1986=VECTOR('',#12003,1.);
#1987=VECTOR('',#12004,1.);
#1988=VECTOR('',#12005,1.);
#1989=VECTOR('',#12006,1.);
#1990=VECTOR('',#12007,1.);
#1991=VECTOR('',#12008,1.);
#1992=VECTOR('',#12009,1.);
#1993=VECTOR('',#12010,1.);
#1994=VECTOR('',#12011,1.);
#1995=VECTOR('',#12012,1.);
#1996=VECTOR('',#12013,1.);
#1997=VECTOR('',#12014,1.);
#1998=VECTOR('',#12015,1.);
#1999=VECTOR('',#12016,1.);
#2000=VECTOR('',#12017,1.);
#2001=VECTOR('',#12018,1.);
#2002=VECTOR('',#12021,1.);
#2003=VECTOR('',#12022,1.);
#2004=VECTOR('',#12023,1.);
#2005=VECTOR('',#12024,1.);
#2006=VECTOR('',#12025,1.);
#2007=VECTOR('',#12026,1.);
#2008=VECTOR('',#12027,1.);
#2009=VECTOR('',#12028,1.);
#2010=VECTOR('',#12031,1.);
#2011=VECTOR('',#12032,1.);
#2012=VECTOR('',#12033,1.);
#2013=VECTOR('',#12034,1.);
#2014=VECTOR('',#12035,1.);
#2015=VECTOR('',#12036,1.);
#2016=VECTOR('',#12037,1.);
#2017=VECTOR('',#12038,1.);
#2018=VECTOR('',#12039,1.);
#2019=VECTOR('',#12040,1.);
#2020=VECTOR('',#12041,1.);
#2021=VECTOR('',#12042,1.);
#2022=VECTOR('',#12043,1.);
#2023=VECTOR('',#12044,1.);
#2024=VECTOR('',#12045,1.);
#2025=VECTOR('',#12046,1.);
#2026=VECTOR('',#12047,1.);
#2027=VECTOR('',#12048,1.);
#2028=VECTOR('',#12051,1.);
#2029=VECTOR('',#12052,1.);
#2030=VECTOR('',#12053,1.);
#2031=VECTOR('',#12054,1.);
#2032=VECTOR('',#12057,1.);
#2033=VECTOR('',#12058,1.);
#2034=VECTOR('',#12061,1.);
#2035=VECTOR('',#12062,1.);
#2036=VECTOR('',#12065,1.);
#2037=VECTOR('',#12066,1.);
#2038=VECTOR('',#12067,1.);
#2039=VECTOR('',#12070,1.);
#2040=VECTOR('',#12071,1.);
#2041=VECTOR('',#12074,1.);
#2042=VECTOR('',#12075,1.);
#2043=VECTOR('',#12078,1.);
#2044=VECTOR('',#12079,1.);
#2045=VECTOR('',#12080,1.);
#2046=VECTOR('',#12083,1.);
#2047=VECTOR('',#12084,1.);
#2048=VECTOR('',#12087,1.);
#2049=VECTOR('',#12088,1.);
#2050=VECTOR('',#12091,1.);
#2051=VECTOR('',#12092,1.);
#2052=VECTOR('',#12093,1.);
#2053=VECTOR('',#12096,1.);
#2054=VECTOR('',#12097,1.);
#2055=VECTOR('',#12100,1.);
#2056=VECTOR('',#12101,1.);
#2057=VECTOR('',#12104,1.);
#2058=VECTOR('',#12105,1.);
#2059=VECTOR('',#12106,1.);
#2060=VECTOR('',#12109,1.);
#2061=VECTOR('',#12112,1.);
#2062=VECTOR('',#12115,1.);
#2063=VECTOR('',#12118,1.);
#2064=VECTOR('',#12121,1.);
#2065=VECTOR('',#12124,1.);
#2066=VECTOR('',#12127,1.);
#2067=VECTOR('',#12130,1.);
#2068=VECTOR('',#12133,1.);
#2069=VECTOR('',#12134,1.);
#2070=VECTOR('',#12141,1.);
#2071=VECTOR('',#12142,1.);
#2072=VECTOR('',#12155,1.);
#2073=VECTOR('',#12156,1.);
#2074=VECTOR('',#12159,1.);
#2075=VECTOR('',#12160,1.);
#2076=VECTOR('',#12173,1.);
#2077=VECTOR('',#12174,1.);
#2078=VECTOR('',#12175,1.);
#2079=VECTOR('',#12176,1.);
#2080=VECTOR('',#12183,1.);
#2081=VECTOR('',#12192,1.);
#2082=VECTOR('',#12193,1.);
#2083=VECTOR('',#12194,1.);
#2084=VECTOR('',#12325,1.);
#2085=VECTOR('',#12328,1.);
#2086=VECTOR('',#12331,1.);
#2087=VECTOR('',#12334,1.);
#2088=VECTOR('',#12341,1.);
#2089=VECTOR('',#12344,1.);
#2090=VECTOR('',#12347,1.);
#2091=VECTOR('',#12350,1.);
#2092=VECTOR('',#12371,1.);
#2093=VECTOR('',#12372,1.);
#2094=VECTOR('',#12375,1.);
#2095=VECTOR('',#12376,1.);
#2096=VECTOR('',#12381,1.);
#2097=VECTOR('',#12382,1.);
#2098=VECTOR('',#12383,1.);
#2099=MANIFOLD_SOLID_BREP('',#2107);
#2100=MANIFOLD_SOLID_BREP('',#2108);
#2101=MANIFOLD_SOLID_BREP('',#2109);
#2102=MANIFOLD_SOLID_BREP('',#2110);
#2103=MANIFOLD_SOLID_BREP('',#2111);
#2104=MANIFOLD_SOLID_BREP('',#2112);
#2105=MANIFOLD_SOLID_BREP('',#2113);
#2106=MANIFOLD_SOLID_BREP('',#2114);
#2107=CLOSED_SHELL('',(#2892,#2893,#2894));
#2108=CLOSED_SHELL('',(#2895,#2896,#2897,#2898,#2899,#2900));
#2109=CLOSED_SHELL('',(#2901,#2902,#2903,#2904,#2905,#2906,#2907,#2908,
#2909,#2910,#2911,#2912,#2913,#2914,#2915,#2916,#2917,#2918,#2919,#2920,
#2921,#2922,#2923,#2924,#2925,#2926,#2927,#2928,#2929,#2930,#2931,#2932,
#2933,#2934,#2935,#2936,#2937,#2938,#2939,#2940,#2941,#2942,#2943,#2944,
#2945,#2946,#2947,#2948,#2949,#2950,#2951,#2952,#2953,#2954,#2955,#2956,
#2957,#2958,#2959,#2960,#2961,#2962,#2963,#2964,#2965,#2966,#2967,#2968,
#2969,#2970,#2971,#2972,#2973,#2974,#2975,#2976,#2977,#2978,#2979,#2980,
#2981,#2982));
#2110=CLOSED_SHELL('',(#2983,#2984,#2985,#2986,#2987,#2988,#2989,#2990,
#2991,#2992,#2993,#2994,#2995,#2996,#2997,#2998,#2999,#3000,#3001,#3002,
#3003,#3004,#3005,#3006,#3007,#3008,#3009,#3010,#3011,#3012,#3013,#3014,
#3015,#3016,#3017,#3018,#3019,#3020,#3021,#3022,#3023,#3024,#3025,#3026,
#3027,#3028,#3029,#3030,#3031,#3032,#3033,#3034,#3035,#3036,#3037,#3038,
#3039,#3040,#3041,#3042,#3043,#3044,#3045,#3046,#3047,#3048,#3049,#3050,
#3051,#3052,#3053,#3054,#3055,#3056,#3057,#3058,#3059,#3060,#3061,#3062,
#3063,#3064,#3065,#3066,#3067,#3068,#3069,#3070,#3071,#3072,#3073,#3074,
#3075,#3076,#3077,#3078,#3079,#3080,#3081,#3082,#3083,#3084,#3085,#3086,
#3087,#3088,#3089,#3090,#3091,#3092,#3093,#3094,#3095,#3096,#3097));
#2111=CLOSED_SHELL('',(#3098,#3099,#3100));
#2112=CLOSED_SHELL('',(#3101,#3102,#3103,#3104,#3105,#3106));
#2113=CLOSED_SHELL('',(#3107,#3108,#3109,#3110,#3111,#3112,#3113,#3114,
#3115,#3116,#3117,#3118,#3119,#3120,#3121,#3122,#3123,#3124,#3125,#3126,
#3127,#3128,#3129,#3130,#3131,#3132,#3133,#3134,#3135,#3136,#3137,#3138,
#3139,#3140,#3141,#3142,#3143,#3144,#3145,#3146,#3147,#3148,#3149,#3150,
#3151,#3152,#3153,#3154,#3155,#3156,#3157,#3158,#3159,#3160,#3161,#3162,
#3163,#3164,#3165,#3166,#3167,#3168,#3169,#3170,#3171,#3172,#3173,#3174,
#3175,#3176,#3177,#3178,#3179,#3180,#3181,#3182,#3183,#3184,#3185,#3186,
#3187,#3188,#3189,#3190,#3191,#3192,#3193,#3194,#3195,#3196,#3197,#3198,
#3199,#3200,#3201,#3202,#3203,#3204,#3205,#3206,#3207,#3208,#3209,#3210,
#3211,#3212,#3213,#3214,#3215,#3216,#3217,#3218,#3219,#3220,#3221,#3222,
#3223,#3224,#3225,#3226,#3227,#3228,#3229,#3230,#3231,#3232,#3233,#3234,
#3235,#3236,#3237,#3238,#3239,#3240,#3241,#3242,#3243,#3244,#3245,#3246,
#3247,#3248,#3249,#3250,#3251,#3252,#3253,#3254,#3255,#3256,#3257,#3258,
#3259,#3260,#3261,#3262,#3263,#3264,#3265,#3266,#3267,#3268,#3269,#3270,
#3271,#3272,#3273,#3274,#3275,#3276));
#2114=CLOSED_SHELL('',(#3277,#3278,#3279,#3280,#3281,#3282,#3283,#3284,
#3285,#3286,#3287,#3288,#3289,#3290,#3291,#3292,#3293,#3294,#3295,#3296,
#3297,#3298,#3299,#3300,#3301,#3302,#3303,#3304,#3305,#3306,#3307,#3308,
#3309,#3310,#3311,#3312,#3313,#3314,#3315,#3316,#3317,#3318,#3319,#3320,
#3321,#3322,#3323,#3324,#3325,#3326,#3327,#3328,#3329,#3330,#3331,#3332,
#3333,#3334,#3335,#3336,#3337,#3338,#3339,#3340,#3341,#3342,#3343,#3344,
#3345,#3346,#3347,#3348,#3349,#3350,#3351,#3352,#3353,#3354,#3355,#3356,
#3357,#3358,#3359,#3360,#3361,#3362,#3363,#3364,#3365,#3366,#3367,#3368,
#3369,#3370,#3371,#3372,#3373,#3374,#3375,#3376,#3377,#3378,#3379,#3380,
#3381,#3382,#3383,#3384,#3385));
#2115=PLANE('',#9080);
#2116=PLANE('',#9081);
#2117=PLANE('',#9083);
#2118=PLANE('',#9088);
#2119=PLANE('',#9092);
#2120=PLANE('',#9095);
#2121=PLANE('',#9097);
#2122=PLANE('',#9098);
#2123=PLANE('',#9099);
#2124=PLANE('',#9100);
#2125=PLANE('',#9101);
#2126=PLANE('',#9102);
#2127=PLANE('',#9115);
#2128=PLANE('',#9116);
#2129=PLANE('',#9117);
#2130=PLANE('',#9130);
#2131=PLANE('',#9131);
#2132=PLANE('',#9132);
#2133=PLANE('',#9133);
#2134=PLANE('',#9136);
#2135=PLANE('',#9139);
#2136=PLANE('',#9142);
#2137=PLANE('',#9143);
#2138=PLANE('',#9145);
#2139=PLANE('',#9147);
#2140=PLANE('',#9148);
#2141=PLANE('',#9149);
#2142=PLANE('',#9150);
#2143=PLANE('',#9153);
#2144=PLANE('',#9156);
#2145=PLANE('',#9159);
#2146=PLANE('',#9160);
#2147=PLANE('',#9163);
#2148=PLANE('',#9166);
#2149=PLANE('',#9167);
#2150=PLANE('',#9168);
#2151=PLANE('',#9169);
#2152=PLANE('',#9175);
#2153=PLANE('',#9180);
#2154=PLANE('',#9209);
#2155=PLANE('',#9214);
#2156=PLANE('',#9242);
#2157=PLANE('',#9243);
#2158=PLANE('',#9248);
#2159=PLANE('',#9251);
#2160=PLANE('',#9254);
#2161=PLANE('',#9257);
#2162=PLANE('',#9258);
#2163=PLANE('',#9265);
#2164=PLANE('',#9268);
#2165=PLANE('',#9271);
#2166=PLANE('',#9272);
#2167=PLANE('',#9273);
#2168=PLANE('',#9274);
#2169=PLANE('',#9275);
#2170=PLANE('',#9276);
#2171=PLANE('',#9277);
#2172=PLANE('',#9280);
#2173=PLANE('',#9283);
#2174=PLANE('',#9286);
#2175=PLANE('',#9287);
#2176=PLANE('',#9288);
#2177=PLANE('',#9291);
#2178=PLANE('',#9294);
#2179=PLANE('',#9297);
#2180=PLANE('',#9298);
#2181=PLANE('',#9299);
#2182=PLANE('',#9300);
#2183=PLANE('',#9303);
#2184=PLANE('',#9308);
#2185=PLANE('',#9309);
#2186=PLANE('',#9310);
#2187=PLANE('',#9311);
#2188=PLANE('',#9314);
#2189=PLANE('',#9317);
#2190=PLANE('',#9320);
#2191=PLANE('',#9321);
#2192=PLANE('',#9322);
#2193=PLANE('',#9323);
#2194=PLANE('',#9324);
#2195=PLANE('',#9325);
#2196=PLANE('',#9326);
#2197=PLANE('',#9327);
#2198=PLANE('',#9330);
#2199=PLANE('',#9335);
#2200=PLANE('',#9343);
#2201=PLANE('',#9351);
#2202=PLANE('',#9356);
#2203=PLANE('',#9357);
#2204=PLANE('',#9358);
#2205=PLANE('',#9361);
#2206=PLANE('',#9367);
#2207=PLANE('',#9368);
#2208=PLANE('',#9369);
#2209=PLANE('',#9371);
#2210=PLANE('',#9373);
#2211=PLANE('',#9376);
#2212=PLANE('',#9377);
#2213=PLANE('',#9380);
#2214=PLANE('',#9381);
#2215=PLANE('',#9388);
#2216=PLANE('',#9391);
#2217=PLANE('',#9396);
#2218=PLANE('',#9399);
#2219=PLANE('',#9404);
#2220=PLANE('',#9407);
#2221=PLANE('',#9410);
#2222=PLANE('',#9459);
#2223=PLANE('',#9460);
#2224=PLANE('',#9462);
#2225=PLANE('',#9467);
#2226=PLANE('',#9471);
#2227=PLANE('',#9485);
#2228=PLANE('',#9488);
#2229=PLANE('',#9491);
#2230=PLANE('',#9496);
#2231=PLANE('',#9501);
#2232=PLANE('',#9504);
#2233=PLANE('',#9507);
#2234=PLANE('',#9512);
#2235=PLANE('',#9517);
#2236=PLANE('',#9521);
#2237=PLANE('',#9522);
#2238=PLANE('',#9525);
#2239=PLANE('',#9529);
#2240=PLANE('',#9530);
#2241=PLANE('',#9533);
#2242=PLANE('',#9534);
#2243=PLANE('',#9535);
#2244=PLANE('',#9536);
#2245=PLANE('',#9537);
#2246=PLANE('',#9538);
#2247=PLANE('',#9539);
#2248=PLANE('',#9540);
#2249=PLANE('',#9541);
#2250=PLANE('',#9542);
#2251=PLANE('',#9543);
#2252=PLANE('',#9544);
#2253=PLANE('',#9545);
#2254=PLANE('',#9546);
#2255=PLANE('',#9547);
#2256=PLANE('',#9548);
#2257=PLANE('',#9549);
#2258=PLANE('',#9550);
#2259=PLANE('',#9551);
#2260=PLANE('',#9552);
#2261=PLANE('',#9553);
#2262=PLANE('',#9554);
#2263=PLANE('',#9556);
#2264=PLANE('',#9557);
#2265=PLANE('',#9558);
#2266=PLANE('',#9559);
#2267=PLANE('',#9560);
#2268=PLANE('',#9561);
#2269=PLANE('',#9562);
#2270=PLANE('',#9563);
#2271=PLANE('',#9564);
#2272=PLANE('',#9567);
#2273=PLANE('',#9568);
#2274=PLANE('',#9569);
#2275=PLANE('',#9570);
#2276=PLANE('',#9571);
#2277=PLANE('',#9572);
#2278=PLANE('',#9573);
#2279=PLANE('',#9574);
#2280=PLANE('',#9575);
#2281=PLANE('',#9576);
#2282=PLANE('',#9577);
#2283=PLANE('',#9578);
#2284=PLANE('',#9579);
#2285=PLANE('',#9580);
#2286=PLANE('',#9587);
#2287=PLANE('',#9590);
#2288=PLANE('',#9593);
#2289=PLANE('',#9596);
#2290=PLANE('',#9601);
#2291=PLANE('',#9602);
#2292=PLANE('',#9603);
#2293=PLANE('',#9604);
#2294=PLANE('',#9605);
#2295=PLANE('',#9612);
#2296=PLANE('',#9613);
#2297=PLANE('',#9614);
#2298=PLANE('',#9615);
#2299=PLANE('',#9618);
#2300=PLANE('',#9625);
#2301=PLANE('',#9626);
#2302=PLANE('',#9627);
#2303=PLANE('',#9630);
#2304=PLANE('',#9631);
#2305=PLANE('',#9632);
#2306=PLANE('',#9633);
#2307=PLANE('',#9646);
#2308=PLANE('',#9647);
#2309=PLANE('',#9648);
#2310=PLANE('',#9649);
#2311=PLANE('',#9650);
#2312=PLANE('',#9651);
#2313=PLANE('',#9652);
#2314=PLANE('',#9653);
#2315=PLANE('',#9654);
#2316=PLANE('',#9659);
#2317=PLANE('',#9664);
#2318=PLANE('',#9666);
#2319=PLANE('',#9668);
#2320=PLANE('',#9669);
#2321=PLANE('',#9670);
#2322=PLANE('',#9671);
#2323=PLANE('',#9672);
#2324=PLANE('',#9673);
#2325=PLANE('',#9674);
#2326=PLANE('',#9675);
#2327=PLANE('',#9676);
#2328=PLANE('',#9677);
#2329=PLANE('',#9678);
#2330=PLANE('',#9679);
#2331=PLANE('',#9681);
#2332=PLANE('',#9682);
#2333=PLANE('',#9683);
#2334=PLANE('',#9684);
#2335=PLANE('',#9685);
#2336=PLANE('',#9686);
#2337=PLANE('',#9687);
#2338=PLANE('',#9688);
#2339=PLANE('',#9689);
#2340=PLANE('',#9690);
#2341=PLANE('',#9691);
#2342=PLANE('',#9692);
#2343=PLANE('',#9693);
#2344=PLANE('',#9694);
#2345=PLANE('',#9695);
#2346=PLANE('',#9696);
#2347=PLANE('',#9697);
#2348=PLANE('',#9698);
#2349=PLANE('',#9699);
#2350=PLANE('',#9700);
#2351=PLANE('',#9701);
#2352=PLANE('',#9702);
#2353=PLANE('',#9703);
#2354=PLANE('',#9704);
#2355=PLANE('',#9705);
#2356=PLANE('',#9706);
#2357=PLANE('',#9707);
#2358=PLANE('',#9708);
#2359=PLANE('',#9709);
#2360=PLANE('',#9710);
#2361=PLANE('',#9713);
#2362=PLANE('',#9718);
#2363=PLANE('',#9719);
#2364=PLANE('',#9724);
#2365=PLANE('',#9725);
#2366=PLANE('',#9726);
#2367=PLANE('',#9727);
#2368=PLANE('',#9728);
#2369=PLANE('',#9729);
#2370=PLANE('',#9733);
#2371=PLANE('',#9734);
#2372=PLANE('',#9735);
#2373=PLANE('',#9736);
#2374=PLANE('',#9737);
#2375=PLANE('',#9738);
#2376=PLANE('',#9739);
#2377=PLANE('',#9740);
#2378=PLANE('',#9741);
#2379=PLANE('',#9742);
#2380=PLANE('',#9743);
#2381=PLANE('',#9744);
#2382=PLANE('',#9745);
#2383=PLANE('',#9746);
#2384=PLANE('',#9747);
#2385=PLANE('',#9748);
#2386=PLANE('',#9749);
#2387=PLANE('',#9750);
#2388=PLANE('',#9751);
#2389=PLANE('',#9752);
#2390=PLANE('',#9753);
#2391=PLANE('',#9754);
#2392=PLANE('',#9755);
#2393=PLANE('',#9756);
#2394=PLANE('',#9757);
#2395=PLANE('',#9759);
#2396=PLANE('',#9761);
#2397=PLANE('',#9765);
#2398=PLANE('',#9767);
#2399=PLANE('',#9769);
#2400=PLANE('',#9773);
#2401=PLANE('',#9774);
#2402=PLANE('',#9780);
#2403=PLANE('',#9781);
#2404=PLANE('',#9783);
#2405=PLANE('',#9786);
#2406=PLANE('',#9846);
#2407=PLANE('',#9848);
#2408=PLANE('',#9849);
#2409=PLANE('',#9851);
#2410=PLANE('',#9852);
#2411=PLANE('',#9854);
#2412=PLANE('',#9856);
#2413=PLANE('',#9857);
#2414=PLANE('',#9858);
#2415=PLANE('',#9859);
#2416=PLANE('',#9860);
#2417=PLANE('',#9861);
#2418=PLANE('',#9866);
#2419=PLANE('',#9868);
#2420=PLANE('',#9872);
#2421=PLANE('',#9875);
#2422=FACE_OUTER_BOUND('',#3585,.T.);
#2423=FACE_OUTER_BOUND('',#3586,.T.);
#2424=FACE_OUTER_BOUND('',#3587,.T.);
#2425=FACE_OUTER_BOUND('',#3588,.T.);
#2426=FACE_OUTER_BOUND('',#3589,.T.);
#2427=FACE_OUTER_BOUND('',#3590,.T.);
#2428=FACE_OUTER_BOUND('',#3591,.T.);
#2429=FACE_OUTER_BOUND('',#3592,.T.);
#2430=FACE_OUTER_BOUND('',#3593,.T.);
#2431=FACE_OUTER_BOUND('',#3594,.T.);
#2432=FACE_OUTER_BOUND('',#3595,.T.);
#2433=FACE_OUTER_BOUND('',#3596,.T.);
#2434=FACE_OUTER_BOUND('',#3597,.T.);
#2435=FACE_OUTER_BOUND('',#3598,.T.);
#2436=FACE_OUTER_BOUND('',#3599,.T.);
#2437=FACE_OUTER_BOUND('',#3603,.T.);
#2438=FACE_OUTER_BOUND('',#3604,.T.);
#2439=FACE_OUTER_BOUND('',#3608,.T.);
#2440=FACE_OUTER_BOUND('',#3609,.T.);
#2441=FACE_OUTER_BOUND('',#3610,.T.);
#2442=FACE_OUTER_BOUND('',#3611,.T.);
#2443=FACE_OUTER_BOUND('',#3612,.T.);
#2444=FACE_OUTER_BOUND('',#3613,.T.);
#2445=FACE_OUTER_BOUND('',#3614,.T.);
#2446=FACE_OUTER_BOUND('',#3615,.T.);
#2447=FACE_OUTER_BOUND('',#3616,.T.);
#2448=FACE_OUTER_BOUND('',#3617,.T.);
#2449=FACE_OUTER_BOUND('',#3618,.T.);
#2450=FACE_OUTER_BOUND('',#3619,.T.);
#2451=FACE_OUTER_BOUND('',#3620,.T.);
#2452=FACE_OUTER_BOUND('',#3621,.T.);
#2453=FACE_OUTER_BOUND('',#3622,.T.);
#2454=FACE_OUTER_BOUND('',#3623,.T.);
#2455=FACE_OUTER_BOUND('',#3624,.T.);
#2456=FACE_OUTER_BOUND('',#3625,.T.);
#2457=FACE_OUTER_BOUND('',#3626,.T.);
#2458=FACE_OUTER_BOUND('',#3627,.T.);
#2459=FACE_OUTER_BOUND('',#3628,.T.);
#2460=FACE_OUTER_BOUND('',#3629,.T.);
#2461=FACE_OUTER_BOUND('',#3630,.T.);
#2462=FACE_OUTER_BOUND('',#3631,.T.);
#2463=FACE_OUTER_BOUND('',#3632,.T.);
#2464=FACE_OUTER_BOUND('',#3633,.T.);
#2465=FACE_OUTER_BOUND('',#3634,.T.);
#2466=FACE_OUTER_BOUND('',#3635,.T.);
#2467=FACE_OUTER_BOUND('',#3636,.T.);
#2468=FACE_OUTER_BOUND('',#3637,.T.);
#2469=FACE_OUTER_BOUND('',#3638,.T.);
#2470=FACE_OUTER_BOUND('',#3639,.T.);
#2471=FACE_OUTER_BOUND('',#3640,.T.);
#2472=FACE_OUTER_BOUND('',#3641,.T.);
#2473=FACE_OUTER_BOUND('',#3642,.T.);
#2474=FACE_OUTER_BOUND('',#3643,.T.);
#2475=FACE_OUTER_BOUND('',#3644,.T.);
#2476=FACE_OUTER_BOUND('',#3645,.T.);
#2477=FACE_OUTER_BOUND('',#3646,.T.);
#2478=FACE_OUTER_BOUND('',#3647,.T.);
#2479=FACE_OUTER_BOUND('',#3648,.T.);
#2480=FACE_OUTER_BOUND('',#3649,.T.);
#2481=FACE_OUTER_BOUND('',#3650,.T.);
#2482=FACE_OUTER_BOUND('',#3651,.T.);
#2483=FACE_OUTER_BOUND('',#3652,.T.);
#2484=FACE_OUTER_BOUND('',#3653,.T.);
#2485=FACE_OUTER_BOUND('',#3654,.T.);
#2486=FACE_OUTER_BOUND('',#3655,.T.);
#2487=FACE_OUTER_BOUND('',#3656,.T.);
#2488=FACE_OUTER_BOUND('',#3657,.T.);
#2489=FACE_OUTER_BOUND('',#3658,.T.);
#2490=FACE_OUTER_BOUND('',#3659,.T.);
#2491=FACE_OUTER_BOUND('',#3660,.T.);
#2492=FACE_OUTER_BOUND('',#3661,.T.);
#2493=FACE_OUTER_BOUND('',#3662,.T.);
#2494=FACE_OUTER_BOUND('',#3663,.T.);
#2495=FACE_OUTER_BOUND('',#3664,.T.);
#2496=FACE_OUTER_BOUND('',#3665,.T.);
#2497=FACE_OUTER_BOUND('',#3666,.T.);
#2498=FACE_OUTER_BOUND('',#3667,.T.);
#2499=FACE_OUTER_BOUND('',#3668,.T.);
#2500=FACE_OUTER_BOUND('',#3669,.T.);
#2501=FACE_OUTER_BOUND('',#3670,.T.);
#2502=FACE_OUTER_BOUND('',#3671,.T.);
#2503=FACE_OUTER_BOUND('',#3672,.T.);
#2504=FACE_OUTER_BOUND('',#3673,.T.);
#2505=FACE_OUTER_BOUND('',#3674,.T.);
#2506=FACE_OUTER_BOUND('',#3675,.T.);
#2507=FACE_OUTER_BOUND('',#3676,.T.);
#2508=FACE_OUTER_BOUND('',#3677,.T.);
#2509=FACE_OUTER_BOUND('',#3678,.T.);
#2510=FACE_OUTER_BOUND('',#3679,.T.);
#2511=FACE_OUTER_BOUND('',#3680,.T.);
#2512=FACE_OUTER_BOUND('',#3681,.T.);
#2513=FACE_OUTER_BOUND('',#3682,.T.);
#2514=FACE_OUTER_BOUND('',#3683,.T.);
#2515=FACE_OUTER_BOUND('',#3684,.T.);
#2516=FACE_OUTER_BOUND('',#3685,.T.);
#2517=FACE_OUTER_BOUND('',#3686,.T.);
#2518=FACE_OUTER_BOUND('',#3687,.T.);
#2519=FACE_OUTER_BOUND('',#3688,.T.);
#2520=FACE_OUTER_BOUND('',#3689,.T.);
#2521=FACE_OUTER_BOUND('',#3690,.T.);
#2522=FACE_OUTER_BOUND('',#3691,.T.);
#2523=FACE_OUTER_BOUND('',#3692,.T.);
#2524=FACE_OUTER_BOUND('',#3693,.T.);
#2525=FACE_OUTER_BOUND('',#3694,.T.);
#2526=FACE_OUTER_BOUND('',#3695,.T.);
#2527=FACE_OUTER_BOUND('',#3696,.T.);
#2528=FACE_OUTER_BOUND('',#3697,.T.);
#2529=FACE_OUTER_BOUND('',#3698,.T.);
#2530=FACE_OUTER_BOUND('',#3699,.T.);
#2531=FACE_OUTER_BOUND('',#3700,.T.);
#2532=FACE_OUTER_BOUND('',#3701,.T.);
#2533=FACE_OUTER_BOUND('',#3702,.T.);
#2534=FACE_OUTER_BOUND('',#3703,.T.);
#2535=FACE_OUTER_BOUND('',#3704,.T.);
#2536=FACE_OUTER_BOUND('',#3705,.T.);
#2537=FACE_OUTER_BOUND('',#3706,.T.);
#2538=FACE_OUTER_BOUND('',#3707,.T.);
#2539=FACE_OUTER_BOUND('',#3708,.T.);
#2540=FACE_OUTER_BOUND('',#3709,.T.);
#2541=FACE_OUTER_BOUND('',#3710,.T.);
#2542=FACE_OUTER_BOUND('',#3711,.T.);
#2543=FACE_OUTER_BOUND('',#3712,.T.);
#2544=FACE_OUTER_BOUND('',#3713,.T.);
#2545=FACE_OUTER_BOUND('',#3714,.T.);
#2546=FACE_OUTER_BOUND('',#3715,.T.);
#2547=FACE_OUTER_BOUND('',#3716,.T.);
#2548=FACE_OUTER_BOUND('',#3717,.T.);
#2549=FACE_OUTER_BOUND('',#3718,.T.);
#2550=FACE_OUTER_BOUND('',#3719,.T.);
#2551=FACE_OUTER_BOUND('',#3720,.T.);
#2552=FACE_OUTER_BOUND('',#3721,.T.);
#2553=FACE_OUTER_BOUND('',#3722,.T.);
#2554=FACE_OUTER_BOUND('',#3723,.T.);
#2555=FACE_OUTER_BOUND('',#3724,.T.);
#2556=FACE_OUTER_BOUND('',#3725,.T.);
#2557=FACE_OUTER_BOUND('',#3726,.T.);
#2558=FACE_OUTER_BOUND('',#3727,.T.);
#2559=FACE_OUTER_BOUND('',#3728,.T.);
#2560=FACE_OUTER_BOUND('',#3729,.T.);
#2561=FACE_OUTER_BOUND('',#3730,.T.);
#2562=FACE_OUTER_BOUND('',#3731,.T.);
#2563=FACE_OUTER_BOUND('',#3732,.T.);
#2564=FACE_OUTER_BOUND('',#3733,.T.);
#2565=FACE_OUTER_BOUND('',#3734,.T.);
#2566=FACE_OUTER_BOUND('',#3735,.T.);
#2567=FACE_OUTER_BOUND('',#3736,.T.);
#2568=FACE_OUTER_BOUND('',#3737,.T.);
#2569=FACE_OUTER_BOUND('',#3738,.T.);
#2570=FACE_OUTER_BOUND('',#3739,.T.);
#2571=FACE_OUTER_BOUND('',#3740,.T.);
#2572=FACE_OUTER_BOUND('',#3741,.T.);
#2573=FACE_OUTER_BOUND('',#3742,.T.);
#2574=FACE_OUTER_BOUND('',#3743,.T.);
#2575=FACE_OUTER_BOUND('',#3744,.T.);
#2576=FACE_OUTER_BOUND('',#3745,.T.);
#2577=FACE_OUTER_BOUND('',#3746,.T.);
#2578=FACE_OUTER_BOUND('',#3747,.T.);
#2579=FACE_OUTER_BOUND('',#3748,.T.);
#2580=FACE_OUTER_BOUND('',#3749,.T.);
#2581=FACE_OUTER_BOUND('',#3750,.T.);
#2582=FACE_OUTER_BOUND('',#3751,.T.);
#2583=FACE_OUTER_BOUND('',#3752,.T.);
#2584=FACE_OUTER_BOUND('',#3753,.T.);
#2585=FACE_OUTER_BOUND('',#3754,.T.);
#2586=FACE_OUTER_BOUND('',#3755,.T.);
#2587=FACE_OUTER_BOUND('',#3756,.T.);
#2588=FACE_OUTER_BOUND('',#3757,.T.);
#2589=FACE_OUTER_BOUND('',#3758,.T.);
#2590=FACE_OUTER_BOUND('',#3759,.T.);
#2591=FACE_OUTER_BOUND('',#3760,.T.);
#2592=FACE_OUTER_BOUND('',#3761,.T.);
#2593=FACE_OUTER_BOUND('',#3762,.T.);
#2594=FACE_OUTER_BOUND('',#3763,.T.);
#2595=FACE_OUTER_BOUND('',#3764,.T.);
#2596=FACE_OUTER_BOUND('',#3765,.T.);
#2597=FACE_OUTER_BOUND('',#3766,.T.);
#2598=FACE_OUTER_BOUND('',#3767,.T.);
#2599=FACE_OUTER_BOUND('',#3768,.T.);
#2600=FACE_OUTER_BOUND('',#3769,.T.);
#2601=FACE_OUTER_BOUND('',#3770,.T.);
#2602=FACE_OUTER_BOUND('',#3771,.T.);
#2603=FACE_OUTER_BOUND('',#3772,.T.);
#2604=FACE_OUTER_BOUND('',#3773,.T.);
#2605=FACE_OUTER_BOUND('',#3774,.T.);
#2606=FACE_OUTER_BOUND('',#3775,.T.);
#2607=FACE_OUTER_BOUND('',#3776,.T.);
#2608=FACE_OUTER_BOUND('',#3777,.T.);
#2609=FACE_OUTER_BOUND('',#3778,.T.);
#2610=FACE_OUTER_BOUND('',#3779,.T.);
#2611=FACE_OUTER_BOUND('',#3780,.T.);
#2612=FACE_OUTER_BOUND('',#3781,.T.);
#2613=FACE_OUTER_BOUND('',#3782,.T.);
#2614=FACE_OUTER_BOUND('',#3783,.T.);
#2615=FACE_OUTER_BOUND('',#3784,.T.);
#2616=FACE_OUTER_BOUND('',#3785,.T.);
#2617=FACE_OUTER_BOUND('',#3786,.T.);
#2618=FACE_OUTER_BOUND('',#3787,.T.);
#2619=FACE_OUTER_BOUND('',#3788,.T.);
#2620=FACE_OUTER_BOUND('',#3789,.T.);
#2621=FACE_OUTER_BOUND('',#3790,.T.);
#2622=FACE_OUTER_BOUND('',#3791,.T.);
#2623=FACE_OUTER_BOUND('',#3792,.T.);
#2624=FACE_OUTER_BOUND('',#3793,.T.);
#2625=FACE_OUTER_BOUND('',#3796,.T.);
#2626=FACE_OUTER_BOUND('',#3797,.T.);
#2627=FACE_OUTER_BOUND('',#3798,.T.);
#2628=FACE_OUTER_BOUND('',#3799,.T.);
#2629=FACE_OUTER_BOUND('',#3800,.T.);
#2630=FACE_OUTER_BOUND('',#3801,.T.);
#2631=FACE_OUTER_BOUND('',#3802,.T.);
#2632=FACE_OUTER_BOUND('',#3803,.T.);
#2633=FACE_OUTER_BOUND('',#3804,.T.);
#2634=FACE_OUTER_BOUND('',#3805,.T.);
#2635=FACE_OUTER_BOUND('',#3806,.T.);
#2636=FACE_OUTER_BOUND('',#3807,.T.);
#2637=FACE_OUTER_BOUND('',#3808,.T.);
#2638=FACE_OUTER_BOUND('',#3809,.T.);
#2639=FACE_OUTER_BOUND('',#3810,.T.);
#2640=FACE_OUTER_BOUND('',#3811,.T.);
#2641=FACE_OUTER_BOUND('',#3812,.T.);
#2642=FACE_OUTER_BOUND('',#3813,.T.);
#2643=FACE_OUTER_BOUND('',#3814,.T.);
#2644=FACE_OUTER_BOUND('',#3815,.T.);
#2645=FACE_OUTER_BOUND('',#3816,.T.);
#2646=FACE_OUTER_BOUND('',#3817,.T.);
#2647=FACE_OUTER_BOUND('',#3818,.T.);
#2648=FACE_OUTER_BOUND('',#3819,.T.);
#2649=FACE_OUTER_BOUND('',#3820,.T.);
#2650=FACE_OUTER_BOUND('',#3821,.T.);
#2651=FACE_OUTER_BOUND('',#3822,.T.);
#2652=FACE_OUTER_BOUND('',#3823,.T.);
#2653=FACE_OUTER_BOUND('',#3824,.T.);
#2654=FACE_OUTER_BOUND('',#3825,.T.);
#2655=FACE_OUTER_BOUND('',#3826,.T.);
#2656=FACE_OUTER_BOUND('',#3827,.T.);
#2657=FACE_OUTER_BOUND('',#3828,.T.);
#2658=FACE_OUTER_BOUND('',#3829,.T.);
#2659=FACE_OUTER_BOUND('',#3830,.T.);
#2660=FACE_OUTER_BOUND('',#3831,.T.);
#2661=FACE_OUTER_BOUND('',#3832,.T.);
#2662=FACE_OUTER_BOUND('',#3833,.T.);
#2663=FACE_OUTER_BOUND('',#3834,.T.);
#2664=FACE_OUTER_BOUND('',#3835,.T.);
#2665=FACE_OUTER_BOUND('',#3836,.T.);
#2666=FACE_OUTER_BOUND('',#3837,.T.);
#2667=FACE_OUTER_BOUND('',#3838,.T.);
#2668=FACE_OUTER_BOUND('',#3839,.T.);
#2669=FACE_OUTER_BOUND('',#3840,.T.);
#2670=FACE_OUTER_BOUND('',#3841,.T.);
#2671=FACE_OUTER_BOUND('',#3842,.T.);
#2672=FACE_OUTER_BOUND('',#3843,.T.);
#2673=FACE_OUTER_BOUND('',#3844,.T.);
#2674=FACE_OUTER_BOUND('',#3845,.T.);
#2675=FACE_OUTER_BOUND('',#3846,.T.);
#2676=FACE_OUTER_BOUND('',#3847,.T.);
#2677=FACE_OUTER_BOUND('',#3848,.T.);
#2678=FACE_OUTER_BOUND('',#3849,.T.);
#2679=FACE_OUTER_BOUND('',#3850,.T.);
#2680=FACE_OUTER_BOUND('',#3851,.T.);
#2681=FACE_OUTER_BOUND('',#3852,.T.);
#2682=FACE_OUTER_BOUND('',#3853,.T.);
#2683=FACE_OUTER_BOUND('',#3854,.T.);
#2684=FACE_OUTER_BOUND('',#3855,.T.);
#2685=FACE_OUTER_BOUND('',#3856,.T.);
#2686=FACE_OUTER_BOUND('',#3857,.T.);
#2687=FACE_OUTER_BOUND('',#3858,.T.);
#2688=FACE_OUTER_BOUND('',#3859,.T.);
#2689=FACE_OUTER_BOUND('',#3860,.T.);
#2690=FACE_OUTER_BOUND('',#3861,.T.);
#2691=FACE_OUTER_BOUND('',#3862,.T.);
#2692=FACE_OUTER_BOUND('',#3863,.T.);
#2693=FACE_OUTER_BOUND('',#3864,.T.);
#2694=FACE_OUTER_BOUND('',#3865,.T.);
#2695=FACE_OUTER_BOUND('',#3866,.T.);
#2696=FACE_OUTER_BOUND('',#3867,.T.);
#2697=FACE_OUTER_BOUND('',#3868,.T.);
#2698=FACE_OUTER_BOUND('',#3869,.T.);
#2699=FACE_OUTER_BOUND('',#3870,.T.);
#2700=FACE_OUTER_BOUND('',#3871,.T.);
#2701=FACE_OUTER_BOUND('',#3872,.T.);
#2702=FACE_OUTER_BOUND('',#3873,.T.);
#2703=FACE_OUTER_BOUND('',#3874,.T.);
#2704=FACE_OUTER_BOUND('',#3875,.T.);
#2705=FACE_OUTER_BOUND('',#3876,.T.);
#2706=FACE_OUTER_BOUND('',#3877,.T.);
#2707=FACE_OUTER_BOUND('',#3878,.T.);
#2708=FACE_OUTER_BOUND('',#3879,.T.);
#2709=FACE_OUTER_BOUND('',#3886,.T.);
#2710=FACE_OUTER_BOUND('',#3887,.T.);
#2711=FACE_OUTER_BOUND('',#3888,.T.);
#2712=FACE_OUTER_BOUND('',#3889,.T.);
#2713=FACE_OUTER_BOUND('',#3890,.T.);
#2714=FACE_OUTER_BOUND('',#3891,.T.);
#2715=FACE_OUTER_BOUND('',#3892,.T.);
#2716=FACE_OUTER_BOUND('',#3893,.T.);
#2717=FACE_OUTER_BOUND('',#3894,.T.);
#2718=FACE_OUTER_BOUND('',#3895,.T.);
#2719=FACE_OUTER_BOUND('',#3896,.T.);
#2720=FACE_OUTER_BOUND('',#3897,.T.);
#2721=FACE_OUTER_BOUND('',#3898,.T.);
#2722=FACE_OUTER_BOUND('',#3899,.T.);
#2723=FACE_OUTER_BOUND('',#3900,.T.);
#2724=FACE_OUTER_BOUND('',#3901,.T.);
#2725=FACE_OUTER_BOUND('',#3902,.T.);
#2726=FACE_OUTER_BOUND('',#3903,.T.);
#2727=FACE_OUTER_BOUND('',#3904,.T.);
#2728=FACE_OUTER_BOUND('',#3905,.T.);
#2729=FACE_OUTER_BOUND('',#3906,.T.);
#2730=FACE_OUTER_BOUND('',#3907,.T.);
#2731=FACE_OUTER_BOUND('',#3908,.T.);
#2732=FACE_OUTER_BOUND('',#3909,.T.);
#2733=FACE_OUTER_BOUND('',#3910,.T.);
#2734=FACE_OUTER_BOUND('',#3911,.T.);
#2735=FACE_OUTER_BOUND('',#3912,.T.);
#2736=FACE_OUTER_BOUND('',#3913,.T.);
#2737=FACE_OUTER_BOUND('',#3914,.T.);
#2738=FACE_OUTER_BOUND('',#3915,.T.);
#2739=FACE_OUTER_BOUND('',#3935,.T.);
#2740=FACE_OUTER_BOUND('',#3936,.T.);
#2741=FACE_OUTER_BOUND('',#3937,.T.);
#2742=FACE_OUTER_BOUND('',#3938,.T.);
#2743=FACE_OUTER_BOUND('',#3939,.T.);
#2744=FACE_OUTER_BOUND('',#3940,.T.);
#2745=FACE_OUTER_BOUND('',#3941,.T.);
#2746=FACE_OUTER_BOUND('',#3942,.T.);
#2747=FACE_OUTER_BOUND('',#3943,.T.);
#2748=FACE_OUTER_BOUND('',#3944,.T.);
#2749=FACE_OUTER_BOUND('',#3945,.T.);
#2750=FACE_OUTER_BOUND('',#3946,.T.);
#2751=FACE_OUTER_BOUND('',#3947,.T.);
#2752=FACE_OUTER_BOUND('',#3948,.T.);
#2753=FACE_OUTER_BOUND('',#3949,.T.);
#2754=FACE_OUTER_BOUND('',#3950,.T.);
#2755=FACE_OUTER_BOUND('',#3951,.T.);
#2756=FACE_OUTER_BOUND('',#3952,.T.);
#2757=FACE_OUTER_BOUND('',#3953,.T.);
#2758=FACE_OUTER_BOUND('',#3954,.T.);
#2759=FACE_OUTER_BOUND('',#3955,.T.);
#2760=FACE_OUTER_BOUND('',#3956,.T.);
#2761=FACE_OUTER_BOUND('',#3957,.T.);
#2762=FACE_OUTER_BOUND('',#3958,.T.);
#2763=FACE_OUTER_BOUND('',#3959,.T.);
#2764=FACE_OUTER_BOUND('',#3960,.T.);
#2765=FACE_OUTER_BOUND('',#3961,.T.);
#2766=FACE_OUTER_BOUND('',#3962,.T.);
#2767=FACE_OUTER_BOUND('',#3963,.T.);
#2768=FACE_OUTER_BOUND('',#3964,.T.);
#2769=FACE_OUTER_BOUND('',#3965,.T.);
#2770=FACE_OUTER_BOUND('',#3966,.T.);
#2771=FACE_OUTER_BOUND('',#3967,.T.);
#2772=FACE_OUTER_BOUND('',#3968,.T.);
#2773=FACE_OUTER_BOUND('',#3969,.T.);
#2774=FACE_OUTER_BOUND('',#3970,.T.);
#2775=FACE_OUTER_BOUND('',#3971,.T.);
#2776=FACE_OUTER_BOUND('',#3972,.T.);
#2777=FACE_OUTER_BOUND('',#3973,.T.);
#2778=FACE_OUTER_BOUND('',#3974,.T.);
#2779=FACE_OUTER_BOUND('',#3975,.T.);
#2780=FACE_OUTER_BOUND('',#3976,.T.);
#2781=FACE_OUTER_BOUND('',#3977,.T.);
#2782=FACE_OUTER_BOUND('',#3978,.T.);
#2783=FACE_OUTER_BOUND('',#3979,.T.);
#2784=FACE_OUTER_BOUND('',#3980,.T.);
#2785=FACE_OUTER_BOUND('',#3981,.T.);
#2786=FACE_OUTER_BOUND('',#3982,.T.);
#2787=FACE_OUTER_BOUND('',#3983,.T.);
#2788=FACE_OUTER_BOUND('',#3984,.T.);
#2789=FACE_OUTER_BOUND('',#3985,.T.);
#2790=FACE_OUTER_BOUND('',#3986,.T.);
#2791=FACE_OUTER_BOUND('',#3987,.T.);
#2792=FACE_OUTER_BOUND('',#3988,.T.);
#2793=FACE_OUTER_BOUND('',#3989,.T.);
#2794=FACE_OUTER_BOUND('',#3990,.T.);
#2795=FACE_OUTER_BOUND('',#3991,.T.);
#2796=FACE_OUTER_BOUND('',#3992,.T.);
#2797=FACE_OUTER_BOUND('',#3995,.T.);
#2798=FACE_OUTER_BOUND('',#3996,.T.);
#2799=FACE_OUTER_BOUND('',#3997,.T.);
#2800=FACE_OUTER_BOUND('',#3998,.T.);
#2801=FACE_OUTER_BOUND('',#3999,.T.);
#2802=FACE_OUTER_BOUND('',#4000,.T.);
#2803=FACE_OUTER_BOUND('',#4001,.T.);
#2804=FACE_OUTER_BOUND('',#4002,.T.);
#2805=FACE_OUTER_BOUND('',#4005,.T.);
#2806=FACE_OUTER_BOUND('',#4006,.T.);
#2807=FACE_OUTER_BOUND('',#4007,.T.);
#2808=FACE_OUTER_BOUND('',#4008,.T.);
#2809=FACE_OUTER_BOUND('',#4009,.T.);
#2810=FACE_OUTER_BOUND('',#4010,.T.);
#2811=FACE_OUTER_BOUND('',#4011,.T.);
#2812=FACE_OUTER_BOUND('',#4012,.T.);
#2813=FACE_OUTER_BOUND('',#4013,.T.);
#2814=FACE_OUTER_BOUND('',#4014,.T.);
#2815=FACE_OUTER_BOUND('',#4015,.T.);
#2816=FACE_OUTER_BOUND('',#4016,.T.);
#2817=FACE_OUTER_BOUND('',#4017,.T.);
#2818=FACE_OUTER_BOUND('',#4018,.T.);
#2819=FACE_OUTER_BOUND('',#4019,.T.);
#2820=FACE_OUTER_BOUND('',#4020,.T.);
#2821=FACE_OUTER_BOUND('',#4021,.T.);
#2822=FACE_OUTER_BOUND('',#4022,.T.);
#2823=FACE_OUTER_BOUND('',#4023,.T.);
#2824=FACE_OUTER_BOUND('',#4024,.T.);
#2825=FACE_OUTER_BOUND('',#4025,.T.);
#2826=FACE_OUTER_BOUND('',#4026,.T.);
#2827=FACE_OUTER_BOUND('',#4027,.T.);
#2828=FACE_OUTER_BOUND('',#4028,.T.);
#2829=FACE_OUTER_BOUND('',#4029,.T.);
#2830=FACE_OUTER_BOUND('',#4030,.T.);
#2831=FACE_OUTER_BOUND('',#4033,.T.);
#2832=FACE_OUTER_BOUND('',#4034,.T.);
#2833=FACE_OUTER_BOUND('',#4037,.T.);
#2834=FACE_OUTER_BOUND('',#4040,.T.);
#2835=FACE_OUTER_BOUND('',#4041,.T.);
#2836=FACE_OUTER_BOUND('',#4044,.T.);
#2837=FACE_OUTER_BOUND('',#4047,.T.);
#2838=FACE_OUTER_BOUND('',#4048,.T.);
#2839=FACE_OUTER_BOUND('',#4049,.T.);
#2840=FACE_OUTER_BOUND('',#4050,.T.);
#2841=FACE_OUTER_BOUND('',#4051,.T.);
#2842=FACE_OUTER_BOUND('',#4052,.T.);
#2843=FACE_OUTER_BOUND('',#4053,.T.);
#2844=FACE_OUTER_BOUND('',#4054,.T.);
#2845=FACE_OUTER_BOUND('',#4055,.T.);
#2846=FACE_OUTER_BOUND('',#4056,.T.);
#2847=FACE_OUTER_BOUND('',#4057,.T.);
#2848=FACE_OUTER_BOUND('',#4058,.T.);
#2849=FACE_OUTER_BOUND('',#4059,.T.);
#2850=FACE_OUTER_BOUND('',#4060,.T.);
#2851=FACE_OUTER_BOUND('',#4061,.T.);
#2852=FACE_OUTER_BOUND('',#4062,.T.);
#2853=FACE_OUTER_BOUND('',#4063,.T.);
#2854=FACE_OUTER_BOUND('',#4064,.T.);
#2855=FACE_OUTER_BOUND('',#4065,.T.);
#2856=FACE_OUTER_BOUND('',#4066,.T.);
#2857=FACE_OUTER_BOUND('',#4067,.T.);
#2858=FACE_OUTER_BOUND('',#4068,.T.);
#2859=FACE_OUTER_BOUND('',#4069,.T.);
#2860=FACE_OUTER_BOUND('',#4070,.T.);
#2861=FACE_OUTER_BOUND('',#4071,.T.);
#2862=FACE_OUTER_BOUND('',#4072,.T.);
#2863=FACE_OUTER_BOUND('',#4073,.T.);
#2864=FACE_OUTER_BOUND('',#4074,.T.);
#2865=FACE_OUTER_BOUND('',#4075,.T.);
#2866=FACE_OUTER_BOUND('',#4076,.T.);
#2867=FACE_OUTER_BOUND('',#4077,.T.);
#2868=FACE_OUTER_BOUND('',#4078,.T.);
#2869=FACE_OUTER_BOUND('',#4079,.T.);
#2870=FACE_OUTER_BOUND('',#4080,.T.);
#2871=FACE_OUTER_BOUND('',#4081,.T.);
#2872=FACE_OUTER_BOUND('',#4082,.T.);
#2873=FACE_OUTER_BOUND('',#4083,.T.);
#2874=FACE_OUTER_BOUND('',#4084,.T.);
#2875=FACE_OUTER_BOUND('',#4085,.T.);
#2876=FACE_OUTER_BOUND('',#4086,.T.);
#2877=FACE_OUTER_BOUND('',#4087,.T.);
#2878=FACE_OUTER_BOUND('',#4088,.T.);
#2879=FACE_OUTER_BOUND('',#4089,.T.);
#2880=FACE_OUTER_BOUND('',#4090,.T.);
#2881=FACE_OUTER_BOUND('',#4091,.T.);
#2882=FACE_OUTER_BOUND('',#4092,.T.);
#2883=FACE_OUTER_BOUND('',#4094,.T.);
#2884=FACE_OUTER_BOUND('',#4097,.T.);
#2885=FACE_OUTER_BOUND('',#4098,.T.);
#2886=FACE_OUTER_BOUND('',#4107,.T.);
#2887=FACE_OUTER_BOUND('',#4108,.T.);
#2888=FACE_OUTER_BOUND('',#4109,.T.);
#2889=FACE_OUTER_BOUND('',#4110,.T.);
#2890=FACE_OUTER_BOUND('',#4111,.T.);
#2891=FACE_OUTER_BOUND('',#4112,.T.);
#2892=ADVANCED_FACE('',(#3520,#3521),#3386,.T.);
#2893=ADVANCED_FACE('',(#2422),#2115,.F.);
#2894=ADVANCED_FACE('',(#2423),#2116,.T.);
#2895=ADVANCED_FACE('',(#2424),#2117,.T.);
#2896=ADVANCED_FACE('',(#2425),#3387,.T.);
#2897=ADVANCED_FACE('',(#2426),#2118,.F.);
#2898=ADVANCED_FACE('',(#2427),#3388,.F.);
#2899=ADVANCED_FACE('',(#2428),#2119,.F.);
#2900=ADVANCED_FACE('',(#2429),#270,.T.);
#2901=ADVANCED_FACE('',(#2430),#2120,.T.);
#2902=ADVANCED_FACE('',(#2431),#2121,.T.);
#2903=ADVANCED_FACE('',(#2432),#2122,.T.);
#2904=ADVANCED_FACE('',(#2433),#2123,.T.);
#2905=ADVANCED_FACE('',(#2434),#2124,.T.);
#2906=ADVANCED_FACE('',(#2435),#2125,.T.);
#2907=ADVANCED_FACE('',(#2436),#2126,.T.);
#2908=ADVANCED_FACE('',(#3522,#3523,#3524),#2127,.T.);
#2909=ADVANCED_FACE('',(#2437),#2128,.T.);
#2910=ADVANCED_FACE('',(#2438),#2129,.T.);
#2911=ADVANCED_FACE('',(#3525,#3526,#3527),#2130,.T.);
#2912=ADVANCED_FACE('',(#2439),#2131,.T.);
#2913=ADVANCED_FACE('',(#2440),#2132,.T.);
#2914=ADVANCED_FACE('',(#2441),#2133,.T.);
#2915=ADVANCED_FACE('',(#2442),#2134,.T.);
#2916=ADVANCED_FACE('',(#2443),#2135,.T.);
#2917=ADVANCED_FACE('',(#2444),#3389,.T.);
#2918=ADVANCED_FACE('',(#2445),#3390,.F.);
#2919=ADVANCED_FACE('',(#2446),#2136,.T.);
#2920=ADVANCED_FACE('',(#2447),#2137,.T.);
#2921=ADVANCED_FACE('',(#2448),#2138,.T.);
#2922=ADVANCED_FACE('',(#2449),#2139,.T.);
#2923=ADVANCED_FACE('',(#2450),#2140,.T.);
#2924=ADVANCED_FACE('',(#2451),#2141,.T.);
#2925=ADVANCED_FACE('',(#2452),#2142,.T.);
#2926=ADVANCED_FACE('',(#2453),#2143,.T.);
#2927=ADVANCED_FACE('',(#2454),#2144,.T.);
#2928=ADVANCED_FACE('',(#2455),#3391,.T.);
#2929=ADVANCED_FACE('',(#2456),#3392,.F.);
#2930=ADVANCED_FACE('',(#2457),#2145,.T.);
#2931=ADVANCED_FACE('',(#2458),#2146,.T.);
#2932=ADVANCED_FACE('',(#2459),#2147,.T.);
#2933=ADVANCED_FACE('',(#2460),#2148,.T.);
#2934=ADVANCED_FACE('',(#2461),#2149,.T.);
#2935=ADVANCED_FACE('',(#2462),#2150,.F.);
#2936=ADVANCED_FACE('',(#2463),#2151,.F.);
#2937=ADVANCED_FACE('',(#2464),#3393,.T.);
#2938=ADVANCED_FACE('',(#2465),#2152,.T.);
#2939=ADVANCED_FACE('',(#2466),#2153,.T.);
#2940=ADVANCED_FACE('',(#2467),#229,.T.);
#2941=ADVANCED_FACE('',(#2468),#3394,.T.);
#2942=ADVANCED_FACE('',(#2469),#3395,.T.);
#2943=ADVANCED_FACE('',(#2470),#230,.T.);
#2944=ADVANCED_FACE('',(#2471),#231,.T.);
#2945=ADVANCED_FACE('',(#2472),#3396,.T.);
#2946=ADVANCED_FACE('',(#2473),#3397,.T.);
#2947=ADVANCED_FACE('',(#2474),#232,.T.);
#2948=ADVANCED_FACE('',(#2475),#233,.T.);
#2949=ADVANCED_FACE('',(#2476),#3398,.T.);
#2950=ADVANCED_FACE('',(#2477),#3399,.T.);
#2951=ADVANCED_FACE('',(#2478),#234,.T.);
#2952=ADVANCED_FACE('',(#2479),#235,.T.);
#2953=ADVANCED_FACE('',(#2480),#3400,.T.);
#2954=ADVANCED_FACE('',(#2481),#3401,.T.);
#2955=ADVANCED_FACE('',(#2482),#236,.T.);
#2956=ADVANCED_FACE('',(#2483),#2154,.F.);
#2957=ADVANCED_FACE('',(#2484),#2155,.F.);
#2958=ADVANCED_FACE('',(#2485),#237,.T.);
#2959=ADVANCED_FACE('',(#2486),#3402,.F.);
#2960=ADVANCED_FACE('',(#2487),#3403,.F.);
#2961=ADVANCED_FACE('',(#2488),#238,.T.);
#2962=ADVANCED_FACE('',(#2489),#239,.T.);
#2963=ADVANCED_FACE('',(#2490),#3404,.F.);
#2964=ADVANCED_FACE('',(#2491),#3405,.F.);
#2965=ADVANCED_FACE('',(#2492),#240,.T.);
#2966=ADVANCED_FACE('',(#2493),#241,.T.);
#2967=ADVANCED_FACE('',(#2494),#3406,.F.);
#2968=ADVANCED_FACE('',(#2495),#3407,.F.);
#2969=ADVANCED_FACE('',(#2496),#242,.T.);
#2970=ADVANCED_FACE('',(#2497),#243,.T.);
#2971=ADVANCED_FACE('',(#2498),#3408,.F.);
#2972=ADVANCED_FACE('',(#2499),#3409,.F.);
#2973=ADVANCED_FACE('',(#2500),#244,.T.);
#2974=ADVANCED_FACE('',(#2501),#3410,.F.);
#2975=ADVANCED_FACE('',(#2502),#3411,.F.);
#2976=ADVANCED_FACE('',(#2503),#3412,.F.);
#2977=ADVANCED_FACE('',(#2504),#2156,.F.);
#2978=ADVANCED_FACE('',(#2505),#2157,.F.);
#2979=ADVANCED_FACE('',(#2506),#3413,.T.);
#2980=ADVANCED_FACE('',(#2507),#3414,.T.);
#2981=ADVANCED_FACE('',(#2508),#3415,.T.);
#2982=ADVANCED_FACE('',(#2509),#3416,.T.);
#2983=ADVANCED_FACE('',(#2510),#2158,.T.);
#2984=ADVANCED_FACE('',(#2511),#2159,.T.);
#2985=ADVANCED_FACE('',(#2512),#2160,.T.);
#2986=ADVANCED_FACE('',(#2513),#2161,.T.);
#2987=ADVANCED_FACE('',(#2514),#2162,.T.);
#2988=ADVANCED_FACE('',(#2515),#3417,.T.);
#2989=ADVANCED_FACE('',(#2516),#3418,.F.);
#2990=ADVANCED_FACE('',(#2517),#2163,.T.);
#2991=ADVANCED_FACE('',(#2518),#2164,.T.);
#2992=ADVANCED_FACE('',(#2519),#2165,.T.);
#2993=ADVANCED_FACE('',(#2520),#2166,.T.);
#2994=ADVANCED_FACE('',(#2521),#2167,.T.);
#2995=ADVANCED_FACE('',(#2522),#2168,.T.);
#2996=ADVANCED_FACE('',(#2523),#2169,.T.);
#2997=ADVANCED_FACE('',(#2524),#2170,.T.);
#2998=ADVANCED_FACE('',(#2525),#2171,.T.);
#2999=ADVANCED_FACE('',(#2526),#2172,.T.);
#3000=ADVANCED_FACE('',(#2527),#2173,.T.);
#3001=ADVANCED_FACE('',(#2528),#3419,.T.);
#3002=ADVANCED_FACE('',(#2529),#3420,.F.);
#3003=ADVANCED_FACE('',(#2530),#2174,.T.);
#3004=ADVANCED_FACE('',(#2531),#2175,.T.);
#3005=ADVANCED_FACE('',(#2532),#2176,.T.);
#3006=ADVANCED_FACE('',(#2533),#2177,.T.);
#3007=ADVANCED_FACE('',(#2534),#2178,.T.);
#3008=ADVANCED_FACE('',(#2535),#3421,.T.);
#3009=ADVANCED_FACE('',(#2536),#3422,.F.);
#3010=ADVANCED_FACE('',(#2537),#2179,.T.);
#3011=ADVANCED_FACE('',(#2538),#2180,.T.);
#3012=ADVANCED_FACE('',(#2539),#2181,.T.);
#3013=ADVANCED_FACE('',(#2540),#2182,.T.);
#3014=ADVANCED_FACE('',(#2541),#2183,.T.);
#3015=ADVANCED_FACE('',(#2542),#3423,.T.);
#3016=ADVANCED_FACE('',(#2543),#3424,.F.);
#3017=ADVANCED_FACE('',(#2544),#2184,.T.);
#3018=ADVANCED_FACE('',(#2545),#2185,.T.);
#3019=ADVANCED_FACE('',(#2546),#2186,.T.);
#3020=ADVANCED_FACE('',(#2547),#2187,.T.);
#3021=ADVANCED_FACE('',(#2548),#2188,.T.);
#3022=ADVANCED_FACE('',(#2549),#2189,.T.);
#3023=ADVANCED_FACE('',(#2550),#3425,.F.);
#3024=ADVANCED_FACE('',(#2551),#3426,.T.);
#3025=ADVANCED_FACE('',(#2552),#2190,.T.);
#3026=ADVANCED_FACE('',(#2553),#2191,.T.);
#3027=ADVANCED_FACE('',(#2554),#2192,.T.);
#3028=ADVANCED_FACE('',(#2555),#2193,.T.);
#3029=ADVANCED_FACE('',(#2556),#2194,.T.);
#3030=ADVANCED_FACE('',(#2557),#2195,.F.);
#3031=ADVANCED_FACE('',(#2558),#2196,.T.);
#3032=ADVANCED_FACE('',(#2559),#2197,.F.);
#3033=ADVANCED_FACE('',(#2560),#2198,.T.);
#3034=ADVANCED_FACE('',(#2561),#3427,.T.);
#3035=ADVANCED_FACE('',(#2562),#3428,.F.);
#3036=ADVANCED_FACE('',(#2563),#2199,.T.);
#3037=ADVANCED_FACE('',(#2564),#2200,.T.);
#3038=ADVANCED_FACE('',(#2565),#2201,.T.);
#3039=ADVANCED_FACE('',(#2566),#2202,.T.);
#3040=ADVANCED_FACE('',(#2567),#2203,.T.);
#3041=ADVANCED_FACE('',(#2568),#2204,.T.);
#3042=ADVANCED_FACE('',(#2569),#2205,.T.);
#3043=ADVANCED_FACE('',(#2570),#3429,.F.);
#3044=ADVANCED_FACE('',(#2571),#3430,.T.);
#3045=ADVANCED_FACE('',(#2572),#2206,.T.);
#3046=ADVANCED_FACE('',(#2573),#2207,.T.);
#3047=ADVANCED_FACE('',(#2574),#2208,.T.);
#3048=ADVANCED_FACE('',(#2575),#2209,.T.);
#3049=ADVANCED_FACE('',(#2576),#2210,.T.);
#3050=ADVANCED_FACE('',(#2577),#2211,.T.);
#3051=ADVANCED_FACE('',(#2578),#2212,.T.);
#3052=ADVANCED_FACE('',(#2579),#2213,.T.);
#3053=ADVANCED_FACE('',(#2580),#2214,.T.);
#3054=ADVANCED_FACE('',(#2581),#3431,.T.);
#3055=ADVANCED_FACE('',(#2582),#271,.T.);
#3056=ADVANCED_FACE('',(#2583),#272,.T.);
#3057=ADVANCED_FACE('',(#2584),#3432,.T.);
#3058=ADVANCED_FACE('',(#2585),#2215,.T.);
#3059=ADVANCED_FACE('',(#2586),#2216,.T.);
#3060=ADVANCED_FACE('',(#2587),#2217,.T.);
#3061=ADVANCED_FACE('',(#2588),#2218,.T.);
#3062=ADVANCED_FACE('',(#2589),#2219,.T.);
#3063=ADVANCED_FACE('',(#2590),#2220,.F.);
#3064=ADVANCED_FACE('',(#2591),#2221,.F.);
#3065=ADVANCED_FACE('',(#2592),#245,.T.);
#3066=ADVANCED_FACE('',(#2593),#3433,.T.);
#3067=ADVANCED_FACE('',(#2594),#3434,.T.);
#3068=ADVANCED_FACE('',(#2595),#246,.T.);
#3069=ADVANCED_FACE('',(#2596),#247,.T.);
#3070=ADVANCED_FACE('',(#2597),#3435,.T.);
#3071=ADVANCED_FACE('',(#2598),#3436,.T.);
#3072=ADVANCED_FACE('',(#2599),#248,.T.);
#3073=ADVANCED_FACE('',(#2600),#249,.T.);
#3074=ADVANCED_FACE('',(#2601),#3437,.T.);
#3075=ADVANCED_FACE('',(#2602),#3438,.T.);
#3076=ADVANCED_FACE('',(#2603),#250,.T.);
#3077=ADVANCED_FACE('',(#2604),#251,.T.);
#3078=ADVANCED_FACE('',(#2605),#3439,.T.);
#3079=ADVANCED_FACE('',(#2606),#3440,.T.);
#3080=ADVANCED_FACE('',(#2607),#252,.T.);
#3081=ADVANCED_FACE('',(#2608),#3441,.F.);
#3082=ADVANCED_FACE('',(#2609),#253,.T.);
#3083=ADVANCED_FACE('',(#2610),#3442,.F.);
#3084=ADVANCED_FACE('',(#2611),#254,.T.);
#3085=ADVANCED_FACE('',(#2612),#3443,.F.);
#3086=ADVANCED_FACE('',(#2613),#3444,.F.);
#3087=ADVANCED_FACE('',(#2614),#255,.T.);
#3088=ADVANCED_FACE('',(#2615),#3445,.F.);
#3089=ADVANCED_FACE('',(#2616),#256,.T.);
#3090=ADVANCED_FACE('',(#2617),#3446,.F.);
#3091=ADVANCED_FACE('',(#2618),#3447,.F.);
#3092=ADVANCED_FACE('',(#2619),#3448,.F.);
#3093=ADVANCED_FACE('',(#2620),#3449,.F.);
#3094=ADVANCED_FACE('',(#2621),#3450,.T.);
#3095=ADVANCED_FACE('',(#2622),#3451,.T.);
#3096=ADVANCED_FACE('',(#2623),#3452,.T.);
#3097=ADVANCED_FACE('',(#2624),#3453,.T.);
#3098=ADVANCED_FACE('',(#3528,#3529),#3454,.T.);
#3099=ADVANCED_FACE('',(#2625),#2222,.F.);
#3100=ADVANCED_FACE('',(#2626),#2223,.T.);
#3101=ADVANCED_FACE('',(#2627),#2224,.F.);
#3102=ADVANCED_FACE('',(#2628),#3455,.T.);
#3103=ADVANCED_FACE('',(#2629),#2225,.F.);
#3104=ADVANCED_FACE('',(#2630),#3456,.F.);
#3105=ADVANCED_FACE('',(#2631),#2226,.F.);
#3106=ADVANCED_FACE('',(#2632),#273,.T.);
#3107=ADVANCED_FACE('',(#2633),#2227,.T.);
#3108=ADVANCED_FACE('',(#2634),#3457,.T.);
#3109=ADVANCED_FACE('',(#2635),#2228,.T.);
#3110=ADVANCED_FACE('',(#2636),#3458,.T.);
#3111=ADVANCED_FACE('',(#2637),#2229,.T.);
#3112=ADVANCED_FACE('',(#2638),#3459,.T.);
#3113=ADVANCED_FACE('',(#2639),#3460,.F.);
#3114=ADVANCED_FACE('',(#2640),#2230,.T.);
#3115=ADVANCED_FACE('',(#2641),#3461,.F.);
#3116=ADVANCED_FACE('',(#2642),#3462,.T.);
#3117=ADVANCED_FACE('',(#2643),#2231,.T.);
#3118=ADVANCED_FACE('',(#2644),#3463,.T.);
#3119=ADVANCED_FACE('',(#2645),#2232,.T.);
#3120=ADVANCED_FACE('',(#2646),#3464,.T.);
#3121=ADVANCED_FACE('',(#2647),#2233,.T.);
#3122=ADVANCED_FACE('',(#2648),#3465,.T.);
#3123=ADVANCED_FACE('',(#2649),#3466,.F.);
#3124=ADVANCED_FACE('',(#2650),#2234,.T.);
#3125=ADVANCED_FACE('',(#2651),#3467,.F.);
#3126=ADVANCED_FACE('',(#2652),#3468,.T.);
#3127=ADVANCED_FACE('',(#2653),#2235,.T.);
#3128=ADVANCED_FACE('',(#2654),#3469,.T.);
#3129=ADVANCED_FACE('',(#2655),#2236,.F.);
#3130=ADVANCED_FACE('',(#2656),#2237,.F.);
#3131=ADVANCED_FACE('',(#2657),#3470,.T.);
#3132=ADVANCED_FACE('',(#2658),#2238,.T.);
#3133=ADVANCED_FACE('',(#2659),#3471,.T.);
#3134=ADVANCED_FACE('',(#2660),#2239,.F.);
#3135=ADVANCED_FACE('',(#2661),#2240,.F.);
#3136=ADVANCED_FACE('',(#2662),#3472,.T.);
#3137=ADVANCED_FACE('',(#2663),#2241,.F.);
#3138=ADVANCED_FACE('',(#2664),#2242,.F.);
#3139=ADVANCED_FACE('',(#2665),#2243,.F.);
#3140=ADVANCED_FACE('',(#2666),#2244,.F.);
#3141=ADVANCED_FACE('',(#2667),#2245,.T.);
#3142=ADVANCED_FACE('',(#2668),#2246,.T.);
#3143=ADVANCED_FACE('',(#2669),#2247,.T.);
#3144=ADVANCED_FACE('',(#2670),#2248,.F.);
#3145=ADVANCED_FACE('',(#2671),#2249,.F.);
#3146=ADVANCED_FACE('',(#2672),#2250,.F.);
#3147=ADVANCED_FACE('',(#2673),#2251,.F.);
#3148=ADVANCED_FACE('',(#2674),#2252,.F.);
#3149=ADVANCED_FACE('',(#2675),#2253,.T.);
#3150=ADVANCED_FACE('',(#2676),#2254,.F.);
#3151=ADVANCED_FACE('',(#2677),#2255,.F.);
#3152=ADVANCED_FACE('',(#2678),#2256,.F.);
#3153=ADVANCED_FACE('',(#2679),#2257,.T.);
#3154=ADVANCED_FACE('',(#2680),#2258,.T.);
#3155=ADVANCED_FACE('',(#2681),#2259,.F.);
#3156=ADVANCED_FACE('',(#2682),#2260,.F.);
#3157=ADVANCED_FACE('',(#2683),#2261,.T.);
#3158=ADVANCED_FACE('',(#2684),#2262,.T.);
#3159=ADVANCED_FACE('',(#2685),#2263,.F.);
#3160=ADVANCED_FACE('',(#2686),#2264,.F.);
#3161=ADVANCED_FACE('',(#2687),#2265,.T.);
#3162=ADVANCED_FACE('',(#2688),#2266,.T.);
#3163=ADVANCED_FACE('',(#2689),#2267,.T.);
#3164=ADVANCED_FACE('',(#2690),#2268,.T.);
#3165=ADVANCED_FACE('',(#2691),#2269,.T.);
#3166=ADVANCED_FACE('',(#2692),#2270,.T.);
#3167=ADVANCED_FACE('',(#2693),#2271,.F.);
#3168=ADVANCED_FACE('',(#2694),#3473,.T.);
#3169=ADVANCED_FACE('',(#2695),#2272,.F.);
#3170=ADVANCED_FACE('',(#2696),#2273,.F.);
#3171=ADVANCED_FACE('',(#2697),#2274,.F.);
#3172=ADVANCED_FACE('',(#2698),#2275,.F.);
#3173=ADVANCED_FACE('',(#2699),#2276,.F.);
#3174=ADVANCED_FACE('',(#2700),#2277,.T.);
#3175=ADVANCED_FACE('',(#2701),#2278,.T.);
#3176=ADVANCED_FACE('',(#2702),#2279,.T.);
#3177=ADVANCED_FACE('',(#2703),#2280,.T.);
#3178=ADVANCED_FACE('',(#2704),#2281,.T.);
#3179=ADVANCED_FACE('',(#2705),#2282,.T.);
#3180=ADVANCED_FACE('',(#2706),#2283,.F.);
#3181=ADVANCED_FACE('',(#2707),#2284,.F.);
#3182=ADVANCED_FACE('',(#2708),#2285,.F.);
#3183=ADVANCED_FACE('',(#3530,#3531,#3532,#3533,#3534,#3535),#2286,.F.);
#3184=ADVANCED_FACE('',(#2709),#2287,.F.);
#3185=ADVANCED_FACE('',(#2710),#2288,.T.);
#3186=ADVANCED_FACE('',(#2711),#2289,.T.);
#3187=ADVANCED_FACE('',(#2712),#3474,.T.);
#3188=ADVANCED_FACE('',(#2713),#3475,.T.);
#3189=ADVANCED_FACE('',(#2714),#2290,.F.);
#3190=ADVANCED_FACE('',(#2715),#2291,.F.);
#3191=ADVANCED_FACE('',(#2716),#2292,.F.);
#3192=ADVANCED_FACE('',(#2717),#2293,.F.);
#3193=ADVANCED_FACE('',(#2718),#2294,.F.);
#3194=ADVANCED_FACE('',(#2719),#3476,.T.);
#3195=ADVANCED_FACE('',(#2720),#3477,.T.);
#3196=ADVANCED_FACE('',(#2721),#3478,.T.);
#3197=ADVANCED_FACE('',(#2722),#2295,.F.);
#3198=ADVANCED_FACE('',(#2723),#2296,.F.);
#3199=ADVANCED_FACE('',(#2724),#2297,.F.);
#3200=ADVANCED_FACE('',(#2725),#2298,.F.);
#3201=ADVANCED_FACE('',(#2726),#3479,.T.);
#3202=ADVANCED_FACE('',(#2727),#2299,.F.);
#3203=ADVANCED_FACE('',(#2728),#3480,.T.);
#3204=ADVANCED_FACE('',(#2729),#3481,.T.);
#3205=ADVANCED_FACE('',(#2730),#3482,.T.);
#3206=ADVANCED_FACE('',(#2731),#2300,.F.);
#3207=ADVANCED_FACE('',(#2732),#2301,.F.);
#3208=ADVANCED_FACE('',(#2733),#2302,.F.);
#3209=ADVANCED_FACE('',(#2734),#3483,.T.);
#3210=ADVANCED_FACE('',(#2735),#2303,.T.);
#3211=ADVANCED_FACE('',(#2736),#2304,.T.);
#3212=ADVANCED_FACE('',(#2737),#2305,.T.);
#3213=ADVANCED_FACE('',(#2738),#2306,.T.);
#3214=ADVANCED_FACE('',(#3536,#3537),#274,.T.);
#3215=ADVANCED_FACE('',(#3538,#3539),#3484,.F.);
#3216=ADVANCED_FACE('',(#3540,#3541),#275,.T.);
#3217=ADVANCED_FACE('',(#3542,#3543),#3485,.F.);
#3218=ADVANCED_FACE('',(#3544,#3545,#3546,#3547,#3548,#3549,#3550,#3551,
#3552,#3553,#3554),#2307,.T.);
#3219=ADVANCED_FACE('',(#2739),#2308,.F.);
#3220=ADVANCED_FACE('',(#2740),#2309,.F.);
#3221=ADVANCED_FACE('',(#2741),#2310,.T.);
#3222=ADVANCED_FACE('',(#2742),#2311,.F.);
#3223=ADVANCED_FACE('',(#2743),#2312,.F.);
#3224=ADVANCED_FACE('',(#2744),#2313,.F.);
#3225=ADVANCED_FACE('',(#2745),#2314,.F.);
#3226=ADVANCED_FACE('',(#2746),#2315,.F.);
#3227=ADVANCED_FACE('',(#2747),#2316,.F.);
#3228=ADVANCED_FACE('',(#2748),#3486,.F.);
#3229=ADVANCED_FACE('',(#2749),#3487,.T.);
#3230=ADVANCED_FACE('',(#2750),#2317,.F.);
#3231=ADVANCED_FACE('',(#2751),#3488,.T.);
#3232=ADVANCED_FACE('',(#2752),#2318,.T.);
#3233=ADVANCED_FACE('',(#2753),#3489,.T.);
#3234=ADVANCED_FACE('',(#2754),#2319,.T.);
#3235=ADVANCED_FACE('',(#2755),#2320,.F.);
#3236=ADVANCED_FACE('',(#2756),#2321,.F.);
#3237=ADVANCED_FACE('',(#2757),#2322,.F.);
#3238=ADVANCED_FACE('',(#2758),#2323,.F.);
#3239=ADVANCED_FACE('',(#2759),#2324,.F.);
#3240=ADVANCED_FACE('',(#2760),#2325,.F.);
#3241=ADVANCED_FACE('',(#2761),#2326,.T.);
#3242=ADVANCED_FACE('',(#2762),#2327,.F.);
#3243=ADVANCED_FACE('',(#2763),#2328,.F.);
#3244=ADVANCED_FACE('',(#2764),#2329,.F.);
#3245=ADVANCED_FACE('',(#2765),#2330,.T.);
#3246=ADVANCED_FACE('',(#2766),#3490,.T.);
#3247=ADVANCED_FACE('',(#2767),#2331,.F.);
#3248=ADVANCED_FACE('',(#2768),#2332,.T.);
#3249=ADVANCED_FACE('',(#2769),#2333,.T.);
#3250=ADVANCED_FACE('',(#2770),#2334,.F.);
#3251=ADVANCED_FACE('',(#2771),#2335,.T.);
#3252=ADVANCED_FACE('',(#2772),#2336,.F.);
#3253=ADVANCED_FACE('',(#2773),#2337,.F.);
#3254=ADVANCED_FACE('',(#2774),#2338,.F.);
#3255=ADVANCED_FACE('',(#2775),#2339,.F.);
#3256=ADVANCED_FACE('',(#2776),#2340,.F.);
#3257=ADVANCED_FACE('',(#2777),#2341,.F.);
#3258=ADVANCED_FACE('',(#2778),#2342,.T.);
#3259=ADVANCED_FACE('',(#2779),#2343,.F.);
#3260=ADVANCED_FACE('',(#2780),#2344,.F.);
#3261=ADVANCED_FACE('',(#2781),#2345,.F.);
#3262=ADVANCED_FACE('',(#2782),#2346,.F.);
#3263=ADVANCED_FACE('',(#2783),#2347,.T.);
#3264=ADVANCED_FACE('',(#2784),#2348,.F.);
#3265=ADVANCED_FACE('',(#2785),#2349,.F.);
#3266=ADVANCED_FACE('',(#2786),#2350,.F.);
#3267=ADVANCED_FACE('',(#2787),#2351,.F.);
#3268=ADVANCED_FACE('',(#2788),#2352,.T.);
#3269=ADVANCED_FACE('',(#2789),#2353,.F.);
#3270=ADVANCED_FACE('',(#2790),#2354,.F.);
#3271=ADVANCED_FACE('',(#2791),#2355,.F.);
#3272=ADVANCED_FACE('',(#2792),#2356,.F.);
#3273=ADVANCED_FACE('',(#2793),#2357,.F.);
#3274=ADVANCED_FACE('',(#2794),#2358,.F.);
#3275=ADVANCED_FACE('',(#2795),#2359,.T.);
#3276=ADVANCED_FACE('',(#2796),#2360,.F.);
#3277=ADVANCED_FACE('',(#3555,#3556),#2361,.T.);
#3278=ADVANCED_FACE('',(#2797),#2362,.T.);
#3279=ADVANCED_FACE('',(#2798),#2363,.T.);
#3280=ADVANCED_FACE('',(#2799),#2364,.T.);
#3281=ADVANCED_FACE('',(#2800),#2365,.T.);
#3282=ADVANCED_FACE('',(#2801),#2366,.T.);
#3283=ADVANCED_FACE('',(#2802),#2367,.T.);
#3284=ADVANCED_FACE('',(#2803),#2368,.T.);
#3285=ADVANCED_FACE('',(#2804),#2369,.T.);
#3286=ADVANCED_FACE('',(#3557,#3558),#2370,.F.);
#3287=ADVANCED_FACE('',(#2805),#2371,.F.);
#3288=ADVANCED_FACE('',(#2806),#2372,.F.);
#3289=ADVANCED_FACE('',(#2807),#2373,.F.);
#3290=ADVANCED_FACE('',(#2808),#2374,.F.);
#3291=ADVANCED_FACE('',(#2809),#2375,.T.);
#3292=ADVANCED_FACE('',(#2810),#2376,.T.);
#3293=ADVANCED_FACE('',(#2811),#2377,.T.);
#3294=ADVANCED_FACE('',(#2812),#2378,.T.);
#3295=ADVANCED_FACE('',(#2813),#2379,.T.);
#3296=ADVANCED_FACE('',(#2814),#2380,.T.);
#3297=ADVANCED_FACE('',(#2815),#2381,.T.);
#3298=ADVANCED_FACE('',(#2816),#2382,.T.);
#3299=ADVANCED_FACE('',(#2817),#2383,.T.);
#3300=ADVANCED_FACE('',(#2818),#2384,.T.);
#3301=ADVANCED_FACE('',(#2819),#2385,.T.);
#3302=ADVANCED_FACE('',(#2820),#2386,.T.);
#3303=ADVANCED_FACE('',(#2821),#2387,.F.);
#3304=ADVANCED_FACE('',(#2822),#2388,.F.);
#3305=ADVANCED_FACE('',(#2823),#2389,.F.);
#3306=ADVANCED_FACE('',(#2824),#2390,.F.);
#3307=ADVANCED_FACE('',(#2825),#2391,.F.);
#3308=ADVANCED_FACE('',(#2826),#2392,.F.);
#3309=ADVANCED_FACE('',(#2827),#2393,.F.);
#3310=ADVANCED_FACE('',(#2828),#2394,.F.);
#3311=ADVANCED_FACE('',(#2829),#2395,.T.);
#3312=ADVANCED_FACE('',(#2830),#2396,.T.);
#3313=ADVANCED_FACE('',(#3559,#3560),#2397,.T.);
#3314=ADVANCED_FACE('',(#2831),#2398,.T.);
#3315=ADVANCED_FACE('',(#2832),#2399,.T.);
#3316=ADVANCED_FACE('',(#3561,#3562),#2400,.T.);
#3317=ADVANCED_FACE('',(#2833),#2401,.F.);
#3318=ADVANCED_FACE('',(#3563,#3564),#2402,.F.);
#3319=ADVANCED_FACE('',(#2834),#2403,.F.);
#3320=ADVANCED_FACE('',(#2835),#2404,.T.);
#3321=ADVANCED_FACE('',(#3565,#3566),#3491,.T.);
#3322=ADVANCED_FACE('',(#2836),#2405,.F.);
#3323=ADVANCED_FACE('',(#3567,#3568),#3492,.F.);
#3324=ADVANCED_FACE('',(#2837),#3493,.F.);
#3325=ADVANCED_FACE('',(#2838),#3494,.T.);
#3326=ADVANCED_FACE('',(#2839),#3495,.T.);
#3327=ADVANCED_FACE('',(#2840),#3496,.F.);
#3328=ADVANCED_FACE('',(#2841),#3497,.F.);
#3329=ADVANCED_FACE('',(#2842),#3498,.F.);
#3330=ADVANCED_FACE('',(#2843),#3499,.F.);
#3331=ADVANCED_FACE('',(#2844),#209,.F.);
#3332=ADVANCED_FACE('',(#2845),#210,.F.);
#3333=ADVANCED_FACE('',(#2846),#3500,.F.);
#3334=ADVANCED_FACE('',(#2847),#3501,.F.);
#3335=ADVANCED_FACE('',(#2848),#3502,.F.);
#3336=ADVANCED_FACE('',(#2849),#3503,.T.);
#3337=ADVANCED_FACE('',(#2850),#3504,.T.);
#3338=ADVANCED_FACE('',(#2851),#3505,.T.);
#3339=ADVANCED_FACE('',(#2852),#3506,.T.);
#3340=ADVANCED_FACE('',(#2853),#3507,.T.);
#3341=ADVANCED_FACE('',(#2854),#211,.T.);
#3342=ADVANCED_FACE('',(#2855),#212,.T.);
#3343=ADVANCED_FACE('',(#2856),#3508,.F.);
#3344=ADVANCED_FACE('',(#2857),#3509,.T.);
#3345=ADVANCED_FACE('',(#2858),#3510,.T.);
#3346=ADVANCED_FACE('',(#2859),#3511,.T.);
#3347=ADVANCED_FACE('',(#2860),#276,.T.);
#3348=ADVANCED_FACE('',(#2861),#213,.T.);
#3349=ADVANCED_FACE('',(#2862),#3512,.T.);
#3350=ADVANCED_FACE('',(#2863),#3513,.T.);
#3351=ADVANCED_FACE('',(#2864),#214,.T.);
#3352=ADVANCED_FACE('',(#2865),#3514,.T.);
#3353=ADVANCED_FACE('',(#2866),#3515,.T.);
#3354=ADVANCED_FACE('',(#2867),#2406,.T.);
#3355=ADVANCED_FACE('',(#2868),#203,.F.);
#3356=ADVANCED_FACE('',(#2869),#2407,.T.);
#3357=ADVANCED_FACE('',(#2870),#2408,.T.);
#3358=ADVANCED_FACE('',(#2871),#204,.F.);
#3359=ADVANCED_FACE('',(#2872),#2409,.T.);
#3360=ADVANCED_FACE('',(#2873),#2410,.T.);
#3361=ADVANCED_FACE('',(#2874),#205,.F.);
#3362=ADVANCED_FACE('',(#2875),#2411,.T.);
#3363=ADVANCED_FACE('',(#2876),#206,.F.);
#3364=ADVANCED_FACE('',(#2877),#2412,.T.);
#3365=ADVANCED_FACE('',(#2878),#2413,.T.);
#3366=ADVANCED_FACE('',(#2879),#2414,.T.);
#3367=ADVANCED_FACE('',(#2880),#2415,.T.);
#3368=ADVANCED_FACE('',(#2881),#2416,.T.);
#3369=ADVANCED_FACE('',(#2882),#2417,.T.);
#3370=ADVANCED_FACE('',(#3569,#3570),#257,.T.);
#3371=ADVANCED_FACE('',(#2883),#215,.F.);
#3372=ADVANCED_FACE('',(#3571,#3572),#277,.F.);
#3373=ADVANCED_FACE('',(#2884),#2418,.F.);
#3374=ADVANCED_FACE('',(#2885),#2419,.F.);
#3375=ADVANCED_FACE('',(#3573,#3574),#2420,.F.);
#3376=ADVANCED_FACE('',(#3575,#3576),#2421,.T.);
#3377=ADVANCED_FACE('',(#3577,#3578),#207,.T.);
#3378=ADVANCED_FACE('',(#3579,#3580),#208,.F.);
#3379=ADVANCED_FACE('',(#2886),#3516,.T.);
#3380=ADVANCED_FACE('',(#2887),#258,.T.);
#3381=ADVANCED_FACE('',(#2888),#3517,.T.);
#3382=ADVANCED_FACE('',(#2889),#3518,.T.);
#3383=ADVANCED_FACE('',(#2890),#3519,.T.);
#3384=ADVANCED_FACE('',(#2891),#259,.T.);
#3385=ADVANCED_FACE('',(#3581,#3582),#278,.T.);
#3386=CYLINDRICAL_SURFACE('',#9079,0.2);
#3387=CYLINDRICAL_SURFACE('',#9086,0.4);
#3388=CYLINDRICAL_SURFACE('',#9091,0.28);
#3389=CYLINDRICAL_SURFACE('',#9140,0.33);
#3390=CYLINDRICAL_SURFACE('',#9141,0.15);
#3391=CYLINDRICAL_SURFACE('',#9157,0.48);
#3392=CYLINDRICAL_SURFACE('',#9158,0.3);
#3393=CYLINDRICAL_SURFACE('',#9170,0.33);
#3394=CYLINDRICAL_SURFACE('',#9184,0.2);
#3395=CYLINDRICAL_SURFACE('',#9186,0.2);
#3396=CYLINDRICAL_SURFACE('',#9190,0.2);
#3397=CYLINDRICAL_SURFACE('',#9192,0.2);
#3398=CYLINDRICAL_SURFACE('',#9196,0.2);
#3399=CYLINDRICAL_SURFACE('',#9198,0.2);
#3400=CYLINDRICAL_SURFACE('',#9202,0.2);
#3401=CYLINDRICAL_SURFACE('',#9204,0.2);
#3402=CYLINDRICAL_SURFACE('',#9218,0.2);
#3403=CYLINDRICAL_SURFACE('',#9220,0.2);
#3404=CYLINDRICAL_SURFACE('',#9224,0.2);
#3405=CYLINDRICAL_SURFACE('',#9226,0.2);
#3406=CYLINDRICAL_SURFACE('',#9230,0.2);
#3407=CYLINDRICAL_SURFACE('',#9232,0.2);
#3408=CYLINDRICAL_SURFACE('',#9236,0.2);
#3409=CYLINDRICAL_SURFACE('',#9238,0.2);
#3410=CYLINDRICAL_SURFACE('',#9239,0.5);
#3411=CYLINDRICAL_SURFACE('',#9240,0.5);
#3412=CYLINDRICAL_SURFACE('',#9241,0.2);
#3413=CYLINDRICAL_SURFACE('',#9244,0.3);
#3414=CYLINDRICAL_SURFACE('',#9245,0.2);
#3415=CYLINDRICAL_SURFACE('',#9246,0.2);
#3416=CYLINDRICAL_SURFACE('',#9247,0.3);
#3417=CYLINDRICAL_SURFACE('',#9261,0.125);
#3418=CYLINDRICAL_SURFACE('',#9264,0.005);
#3419=CYLINDRICAL_SURFACE('',#9284,0.27);
#3420=CYLINDRICAL_SURFACE('',#9285,0.15);
#3421=CYLINDRICAL_SURFACE('',#9295,0.125);
#3422=CYLINDRICAL_SURFACE('',#9296,0.005);
#3423=CYLINDRICAL_SURFACE('',#9306,0.125);
#3424=CYLINDRICAL_SURFACE('',#9307,0.005);
#3425=CYLINDRICAL_SURFACE('',#9318,0.28);
#3426=CYLINDRICAL_SURFACE('',#9319,0.4);
#3427=CYLINDRICAL_SURFACE('',#9332,0.27);
#3428=CYLINDRICAL_SURFACE('',#9334,0.15);
#3429=CYLINDRICAL_SURFACE('',#9363,0.03);
#3430=CYLINDRICAL_SURFACE('',#9366,0.15);
#3431=CYLINDRICAL_SURFACE('',#9383,0.125);
#3432=CYLINDRICAL_SURFACE('',#9387,0.1);
#3433=CYLINDRICAL_SURFACE('',#9414,0.2);
#3434=CYLINDRICAL_SURFACE('',#9416,0.2);
#3435=CYLINDRICAL_SURFACE('',#9420,0.2);
#3436=CYLINDRICAL_SURFACE('',#9422,0.2);
#3437=CYLINDRICAL_SURFACE('',#9426,0.2);
#3438=CYLINDRICAL_SURFACE('',#9428,0.2);
#3439=CYLINDRICAL_SURFACE('',#9432,0.2);
#3440=CYLINDRICAL_SURFACE('',#9434,0.2);
#3441=CYLINDRICAL_SURFACE('',#9436,0.2);
#3442=CYLINDRICAL_SURFACE('',#9439,0.2);
#3443=CYLINDRICAL_SURFACE('',#9441,0.2);
#3444=CYLINDRICAL_SURFACE('',#9443,0.2);
#3445=CYLINDRICAL_SURFACE('',#9446,0.2);
#3446=CYLINDRICAL_SURFACE('',#9448,0.2);
#3447=CYLINDRICAL_SURFACE('',#9449,0.3);
#3448=CYLINDRICAL_SURFACE('',#9450,0.3);
#3449=CYLINDRICAL_SURFACE('',#9451,0.2);
#3450=CYLINDRICAL_SURFACE('',#9452,0.2);
#3451=CYLINDRICAL_SURFACE('',#9453,0.2);
#3452=CYLINDRICAL_SURFACE('',#9454,0.2);
#3453=CYLINDRICAL_SURFACE('',#9455,0.2);
#3454=CYLINDRICAL_SURFACE('',#9458,0.2);
#3455=CYLINDRICAL_SURFACE('',#9465,0.27);
#3456=CYLINDRICAL_SURFACE('',#9470,0.15);
#3457=CYLINDRICAL_SURFACE('',#9487,0.5);
#3458=CYLINDRICAL_SURFACE('',#9490,0.5);
#3459=CYLINDRICAL_SURFACE('',#9493,0.5);
#3460=CYLINDRICAL_SURFACE('',#9495,0.5);
#3461=CYLINDRICAL_SURFACE('',#9498,0.5);
#3462=CYLINDRICAL_SURFACE('',#9500,0.5);
#3463=CYLINDRICAL_SURFACE('',#9503,0.5);
#3464=CYLINDRICAL_SURFACE('',#9506,0.5);
#3465=CYLINDRICAL_SURFACE('',#9509,0.5);
#3466=CYLINDRICAL_SURFACE('',#9511,0.5);
#3467=CYLINDRICAL_SURFACE('',#9514,0.5);
#3468=CYLINDRICAL_SURFACE('',#9516,0.5);
#3469=CYLINDRICAL_SURFACE('',#9520,0.2);
#3470=CYLINDRICAL_SURFACE('',#9524,0.2);
#3471=CYLINDRICAL_SURFACE('',#9528,0.2);
#3472=CYLINDRICAL_SURFACE('',#9532,0.2);
#3473=CYLINDRICAL_SURFACE('',#9566,0.3);
#3474=CYLINDRICAL_SURFACE('',#9598,0.3);
#3475=CYLINDRICAL_SURFACE('',#9600,0.3);
#3476=CYLINDRICAL_SURFACE('',#9607,0.3);
#3477=CYLINDRICAL_SURFACE('',#9609,0.3);
#3478=CYLINDRICAL_SURFACE('',#9611,0.3);
#3479=CYLINDRICAL_SURFACE('',#9617,0.3);
#3480=CYLINDRICAL_SURFACE('',#9620,0.3);
#3481=CYLINDRICAL_SURFACE('',#9622,0.2);
#3482=CYLINDRICAL_SURFACE('',#9624,0.2);
#3483=CYLINDRICAL_SURFACE('',#9629,0.3);
#3484=CYLINDRICAL_SURFACE('',#9637,0.2);
#3485=CYLINDRICAL_SURFACE('',#9641,0.2);
#3486=CYLINDRICAL_SURFACE('',#9662,0.8);
#3487=CYLINDRICAL_SURFACE('',#9663,0.3);
#3488=CYLINDRICAL_SURFACE('',#9665,0.3);
#3489=CYLINDRICAL_SURFACE('',#9667,0.2);
#3490=CYLINDRICAL_SURFACE('',#9680,0.2);
#3491=CYLINDRICAL_SURFACE('',#9784,0.5);
#3492=CYLINDRICAL_SURFACE('',#9787,0.2);
#3493=CYLINDRICAL_SURFACE('',#9788,0.3);
#3494=CYLINDRICAL_SURFACE('',#9789,0.3);
#3495=CYLINDRICAL_SURFACE('',#9790,0.3);
#3496=CYLINDRICAL_SURFACE('',#9793,0.3);
#3497=CYLINDRICAL_SURFACE('',#9795,0.3);
#3498=CYLINDRICAL_SURFACE('',#9797,0.3);
#3499=CYLINDRICAL_SURFACE('',#9800,0.3);
#3500=CYLINDRICAL_SURFACE('',#9805,0.3);
#3501=CYLINDRICAL_SURFACE('',#9807,0.3);
#3502=CYLINDRICAL_SURFACE('',#9809,0.3);
#3503=CYLINDRICAL_SURFACE('',#9811,0.3);
#3504=CYLINDRICAL_SURFACE('',#9813,0.3);
#3505=CYLINDRICAL_SURFACE('',#9816,0.3);
#3506=CYLINDRICAL_SURFACE('',#9819,0.3);
#3507=CYLINDRICAL_SURFACE('',#9821,0.3);
#3508=CYLINDRICAL_SURFACE('',#9827,0.3);
#3509=CYLINDRICAL_SURFACE('',#9829,0.3);
#3510=CYLINDRICAL_SURFACE('',#9831,0.3);
#3511=CYLINDRICAL_SURFACE('',#9833,0.3);
#3512=CYLINDRICAL_SURFACE('',#9839,0.3);
#3513=CYLINDRICAL_SURFACE('',#9841,0.3);
#3514=CYLINDRICAL_SURFACE('',#9844,0.3);
#3515=CYLINDRICAL_SURFACE('',#9845,0.3);
#3516=CYLINDRICAL_SURFACE('',#9880,0.2);
#3517=CYLINDRICAL_SURFACE('',#9883,0.2);
#3518=CYLINDRICAL_SURFACE('',#9885,0.2);
#3519=CYLINDRICAL_SURFACE('',#9887,0.2);
#3520=FACE_BOUND('',#3583,.T.);
#3521=FACE_BOUND('',#3584,.T.);
#3522=FACE_BOUND('',#3600,.T.);
#3523=FACE_BOUND('',#3601,.T.);
#3524=FACE_BOUND('',#3602,.T.);
#3525=FACE_BOUND('',#3605,.T.);
#3526=FACE_BOUND('',#3606,.T.);
#3527=FACE_BOUND('',#3607,.T.);
#3528=FACE_BOUND('',#3794,.T.);
#3529=FACE_BOUND('',#3795,.T.);
#3530=FACE_BOUND('',#3880,.T.);
#3531=FACE_BOUND('',#3881,.T.);
#3532=FACE_BOUND('',#3882,.T.);
#3533=FACE_BOUND('',#3883,.T.);
#3534=FACE_BOUND('',#3884,.T.);
#3535=FACE_BOUND('',#3885,.T.);
#3536=FACE_BOUND('',#3916,.T.);
#3537=FACE_BOUND('',#3917,.T.);
#3538=FACE_BOUND('',#3918,.T.);
#3539=FACE_BOUND('',#3919,.T.);
#3540=FACE_BOUND('',#3920,.T.);
#3541=FACE_BOUND('',#3921,.T.);
#3542=FACE_BOUND('',#3922,.T.);
#3543=FACE_BOUND('',#3923,.T.);
#3544=FACE_BOUND('',#3924,.T.);
#3545=FACE_BOUND('',#3925,.T.);
#3546=FACE_BOUND('',#3926,.T.);
#3547=FACE_BOUND('',#3927,.T.);
#3548=FACE_BOUND('',#3928,.T.);
#3549=FACE_BOUND('',#3929,.T.);
#3550=FACE_BOUND('',#3930,.T.);
#3551=FACE_BOUND('',#3931,.T.);
#3552=FACE_BOUND('',#3932,.T.);
#3553=FACE_BOUND('',#3933,.T.);
#3554=FACE_BOUND('',#3934,.T.);
#3555=FACE_BOUND('',#3993,.T.);
#3556=FACE_BOUND('',#3994,.T.);
#3557=FACE_BOUND('',#4003,.T.);
#3558=FACE_BOUND('',#4004,.T.);
#3559=FACE_BOUND('',#4031,.T.);
#3560=FACE_BOUND('',#4032,.T.);
#3561=FACE_BOUND('',#4035,.T.);
#3562=FACE_BOUND('',#4036,.T.);
#3563=FACE_BOUND('',#4038,.T.);
#3564=FACE_BOUND('',#4039,.T.);
#3565=FACE_BOUND('',#4042,.T.);
#3566=FACE_BOUND('',#4043,.T.);
#3567=FACE_BOUND('',#4045,.T.);
#3568=FACE_BOUND('',#4046,.T.);
#3569=FACE_BOUND('',#4093,.T.);
#3570=FACE_BOUND('',#202,.T.);
#3571=FACE_BOUND('',#4095,.T.);
#3572=FACE_BOUND('',#4096,.T.);
#3573=FACE_BOUND('',#4099,.T.);
#3574=FACE_BOUND('',#4100,.T.);
#3575=FACE_BOUND('',#4101,.T.);
#3576=FACE_BOUND('',#4102,.T.);
#3577=FACE_BOUND('',#4103,.T.);
#3578=FACE_BOUND('',#4104,.T.);
#3579=FACE_BOUND('',#4105,.T.);
#3580=FACE_BOUND('',#4106,.T.);
#3581=FACE_BOUND('',#4113,.T.);
#3582=FACE_BOUND('',#4114,.T.);
#3583=EDGE_LOOP('',(#4115));
#3584=EDGE_LOOP('',(#4116));
#3585=EDGE_LOOP('',(#4117));
#3586=EDGE_LOOP('',(#4118));
#3587=EDGE_LOOP('',(#4119,#4120,#4121,#4122));
#3588=EDGE_LOOP('',(#4123,#4124,#4125,#4126));
#3589=EDGE_LOOP('',(#4127,#4128,#4129,#4130));
#3590=EDGE_LOOP('',(#4131,#4132,#4133,#4134));
#3591=EDGE_LOOP('',(#4135,#4136,#4137,#4138));
#3592=EDGE_LOOP('',(#4139,#4140,#4141,#4142));
#3593=EDGE_LOOP('',(#4143,#4144,#4145,#4146));
#3594=EDGE_LOOP('',(#4147,#4148,#4149,#4150));
#3595=EDGE_LOOP('',(#4151,#4152,#4153));
#3596=EDGE_LOOP('',(#4154,#4155,#4156));
#3597=EDGE_LOOP('',(#4157,#4158,#4159,#4160));
#3598=EDGE_LOOP('',(#4161,#4162,#4163,#4164));
#3599=EDGE_LOOP('',(#4165,#4166,#4167,#4168));
#3600=EDGE_LOOP('',(#4169,#4170,#4171,#4172,#4173,#4174,#4175,#4176));
#3601=EDGE_LOOP('',(#4177,#4178,#4179,#4180,#4181,#4182,#4183,#4184));
#3602=EDGE_LOOP('',(#4185,#4186,#4187,#4188,#4189,#4190,#4191,#4192,#4193,
#4194,#4195,#4196,#4197,#4198,#4199,#4200,#4201,#4202,#4203,#4204));
#3603=EDGE_LOOP('',(#4205,#4206,#4207,#4208));
#3604=EDGE_LOOP('',(#4209,#4210,#4211,#4212));
#3605=EDGE_LOOP('',(#4213,#4214,#4215,#4216,#4217,#4218,#4219,#4220));
#3606=EDGE_LOOP('',(#4221,#4222,#4223,#4224,#4225,#4226,#4227,#4228));
#3607=EDGE_LOOP('',(#4229,#4230,#4231,#4232,#4233,#4234,#4235,#4236,#4237,
#4238,#4239,#4240,#4241,#4242,#4243,#4244));
#3608=EDGE_LOOP('',(#4245,#4246,#4247,#4248));
#3609=EDGE_LOOP('',(#4249,#4250,#4251,#4252));
#3610=EDGE_LOOP('',(#4253,#4254,#4255,#4256));
#3611=EDGE_LOOP('',(#4257,#4258,#4259,#4260));
#3612=EDGE_LOOP('',(#4261,#4262,#4263,#4264));
#3613=EDGE_LOOP('',(#4265,#4266,#4267,#4268,#4269));
#3614=EDGE_LOOP('',(#4270,#4271,#4272,#4273,#4274));
#3615=EDGE_LOOP('',(#4275,#4276,#4277,#4278));
#3616=EDGE_LOOP('',(#4279,#4280,#4281,#4282));
#3617=EDGE_LOOP('',(#4283,#4284,#4285,#4286,#4287,#4288,#4289));
#3618=EDGE_LOOP('',(#4290,#4291,#4292,#4293,#4294,#4295,#4296));
#3619=EDGE_LOOP('',(#4297,#4298,#4299,#4300));
#3620=EDGE_LOOP('',(#4301,#4302,#4303,#4304));
#3621=EDGE_LOOP('',(#4305,#4306,#4307,#4308));
#3622=EDGE_LOOP('',(#4309,#4310,#4311,#4312));
#3623=EDGE_LOOP('',(#4313,#4314,#4315,#4316));
#3624=EDGE_LOOP('',(#4317,#4318,#4319,#4320));
#3625=EDGE_LOOP('',(#4321,#4322,#4323,#4324));
#3626=EDGE_LOOP('',(#4325,#4326,#4327,#4328));
#3627=EDGE_LOOP('',(#4329,#4330,#4331,#4332));
#3628=EDGE_LOOP('',(#4333,#4334,#4335,#4336,#4337,#4338,#4339,#4340));
#3629=EDGE_LOOP('',(#4341,#4342,#4343,#4344,#4345,#4346,#4347,#4348));
#3630=EDGE_LOOP('',(#4349,#4350,#4351,#4352));
#3631=EDGE_LOOP('',(#4353,#4354,#4355,#4356));
#3632=EDGE_LOOP('',(#4357,#4358,#4359,#4360));
#3633=EDGE_LOOP('',(#4361,#4362,#4363,#4364));
#3634=EDGE_LOOP('',(#4365,#4366,#4367,#4368,#4369,#4370,#4371,#4372));
#3635=EDGE_LOOP('',(#4373,#4374,#4375,#4376,#4377,#4378,#4379,#4380));
#3636=EDGE_LOOP('',(#4381,#4382,#4383,#4384));
#3637=EDGE_LOOP('',(#4385,#4386,#4387,#4388));
#3638=EDGE_LOOP('',(#4389,#4390,#4391,#4392));
#3639=EDGE_LOOP('',(#4393,#4394,#4395,#4396));
#3640=EDGE_LOOP('',(#4397,#4398,#4399,#4400));
#3641=EDGE_LOOP('',(#4401,#4402,#4403,#4404));
#3642=EDGE_LOOP('',(#4405,#4406,#4407,#4408));
#3643=EDGE_LOOP('',(#4409,#4410,#4411,#4412));
#3644=EDGE_LOOP('',(#4413,#4414,#4415,#4416));
#3645=EDGE_LOOP('',(#4417,#4418,#4419,#4420));
#3646=EDGE_LOOP('',(#4421,#4422,#4423,#4424));
#3647=EDGE_LOOP('',(#4425,#4426,#4427,#4428));
#3648=EDGE_LOOP('',(#4429,#4430,#4431,#4432));
#3649=EDGE_LOOP('',(#4433,#4434,#4435,#4436));
#3650=EDGE_LOOP('',(#4437,#4438,#4439,#4440));
#3651=EDGE_LOOP('',(#4441,#4442,#4443,#4444));
#3652=EDGE_LOOP('',(#4445,#4446,#4447,#4448,#4449,#4450,#4451,#4452));
#3653=EDGE_LOOP('',(#4453,#4454,#4455,#4456,#4457,#4458,#4459,#4460));
#3654=EDGE_LOOP('',(#4461,#4462,#4463,#4464));
#3655=EDGE_LOOP('',(#4465,#4466,#4467,#4468));
#3656=EDGE_LOOP('',(#4469,#4470,#4471,#4472));
#3657=EDGE_LOOP('',(#4473,#4474,#4475,#4476));
#3658=EDGE_LOOP('',(#4477,#4478,#4479,#4480));
#3659=EDGE_LOOP('',(#4481,#4482,#4483,#4484));
#3660=EDGE_LOOP('',(#4485,#4486,#4487,#4488));
#3661=EDGE_LOOP('',(#4489,#4490,#4491,#4492));
#3662=EDGE_LOOP('',(#4493,#4494,#4495,#4496));
#3663=EDGE_LOOP('',(#4497,#4498,#4499,#4500));
#3664=EDGE_LOOP('',(#4501,#4502,#4503,#4504));
#3665=EDGE_LOOP('',(#4505,#4506,#4507,#4508));
#3666=EDGE_LOOP('',(#4509,#4510,#4511,#4512));
#3667=EDGE_LOOP('',(#4513,#4514,#4515,#4516));
#3668=EDGE_LOOP('',(#4517,#4518,#4519,#4520));
#3669=EDGE_LOOP('',(#4521,#4522,#4523,#4524));
#3670=EDGE_LOOP('',(#4525,#4526,#4527,#4528));
#3671=EDGE_LOOP('',(#4529,#4530,#4531,#4532));
#3672=EDGE_LOOP('',(#4533,#4534,#4535,#4536,#4537,#4538));
#3673=EDGE_LOOP('',(#4539,#4540,#4541,#4542));
#3674=EDGE_LOOP('',(#4543,#4544,#4545,#4546));
#3675=EDGE_LOOP('',(#4547,#4548,#4549,#4550));
#3676=EDGE_LOOP('',(#4551,#4552,#4553,#4554));
#3677=EDGE_LOOP('',(#4555,#4556,#4557,#4558));
#3678=EDGE_LOOP('',(#4559,#4560,#4561,#4562));
#3679=EDGE_LOOP('',(#4563,#4564,#4565,#4566));
#3680=EDGE_LOOP('',(#4567,#4568,#4569,#4570));
#3681=EDGE_LOOP('',(#4571,#4572,#4573,#4574,#4575,#4576,#4577,#4578,#4579,
#4580));
#3682=EDGE_LOOP('',(#4581,#4582,#4583,#4584,#4585,#4586,#4587,#4588,#4589,
#4590));
#3683=EDGE_LOOP('',(#4591,#4592,#4593,#4594));
#3684=EDGE_LOOP('',(#4595,#4596,#4597,#4598,#4599,#4600));
#3685=EDGE_LOOP('',(#4601,#4602,#4603,#4604,#4605,#4606));
#3686=EDGE_LOOP('',(#4607,#4608,#4609,#4610));
#3687=EDGE_LOOP('',(#4611,#4612,#4613,#4614,#4615,#4616,#4617));
#3688=EDGE_LOOP('',(#4618,#4619,#4620,#4621,#4622,#4623,#4624));
#3689=EDGE_LOOP('',(#4625,#4626,#4627,#4628));
#3690=EDGE_LOOP('',(#4629,#4630,#4631,#4632));
#3691=EDGE_LOOP('',(#4633,#4634,#4635,#4636));
#3692=EDGE_LOOP('',(#4637,#4638,#4639,#4640));
#3693=EDGE_LOOP('',(#4641,#4642,#4643,#4644));
#3694=EDGE_LOOP('',(#4645,#4646,#4647,#4648));
#3695=EDGE_LOOP('',(#4649,#4650,#4651,#4652));
#3696=EDGE_LOOP('',(#4653,#4654,#4655,#4656));
#3697=EDGE_LOOP('',(#4657,#4658,#4659,#4660));
#3698=EDGE_LOOP('',(#4661,#4662,#4663,#4664));
#3699=EDGE_LOOP('',(#4665,#4666,#4667,#4668));
#3700=EDGE_LOOP('',(#4669,#4670,#4671,#4672));
#3701=EDGE_LOOP('',(#4673,#4674,#4675,#4676));
#3702=EDGE_LOOP('',(#4677,#4678,#4679,#4680));
#3703=EDGE_LOOP('',(#4681,#4682,#4683,#4684));
#3704=EDGE_LOOP('',(#4685,#4686,#4687,#4688));
#3705=EDGE_LOOP('',(#4689,#4690,#4691,#4692));
#3706=EDGE_LOOP('',(#4693,#4694,#4695,#4696));
#3707=EDGE_LOOP('',(#4697,#4698,#4699,#4700));
#3708=EDGE_LOOP('',(#4701,#4702,#4703,#4704));
#3709=EDGE_LOOP('',(#4705,#4706,#4707,#4708));
#3710=EDGE_LOOP('',(#4709,#4710,#4711,#4712));
#3711=EDGE_LOOP('',(#4713,#4714,#4715,#4716,#4717,#4718));
#3712=EDGE_LOOP('',(#4719,#4720,#4721,#4722));
#3713=EDGE_LOOP('',(#4723,#4724,#4725,#4726));
#3714=EDGE_LOOP('',(#4727,#4728,#4729,#4730));
#3715=EDGE_LOOP('',(#4731,#4732,#4733,#4734));
#3716=EDGE_LOOP('',(#4735,#4736,#4737,#4738));
#3717=EDGE_LOOP('',(#4739,#4740,#4741,#4742));
#3718=EDGE_LOOP('',(#4743,#4744,#4745,#4746));
#3719=EDGE_LOOP('',(#4747,#4748,#4749,#4750));
#3720=EDGE_LOOP('',(#4751,#4752,#4753,#4754));
#3721=EDGE_LOOP('',(#4755,#4756,#4757,#4758));
#3722=EDGE_LOOP('',(#4759,#4760,#4761,#4762));
#3723=EDGE_LOOP('',(#4763,#4764,#4765,#4766));
#3724=EDGE_LOOP('',(#4767,#4768,#4769,#4770));
#3725=EDGE_LOOP('',(#4771,#4772,#4773,#4774));
#3726=EDGE_LOOP('',(#4775,#4776,#4777,#4778));
#3727=EDGE_LOOP('',(#4779,#4780,#4781,#4782));
#3728=EDGE_LOOP('',(#4783,#4784,#4785,#4786));
#3729=EDGE_LOOP('',(#4787,#4788,#4789,#4790));
#3730=EDGE_LOOP('',(#4791,#4792,#4793,#4794,#4795,#4796));
#3731=EDGE_LOOP('',(#4797,#4798,#4799,#4800,#4801,#4802,#4803,#4804,#4805));
#3732=EDGE_LOOP('',(#4806,#4807,#4808,#4809));
#3733=EDGE_LOOP('',(#4810,#4811,#4812,#4813,#4814,#4815,#4816,#4817,#4818,
#4819,#4820,#4821,#4822,#4823,#4824,#4825,#4826,#4827,#4828,#4829,#4830,
#4831,#4832,#4833));
#3734=EDGE_LOOP('',(#4834,#4835,#4836,#4837,#4838,#4839,#4840,#4841,#4842,
#4843,#4844,#4845,#4846,#4847,#4848,#4849,#4850,#4851,#4852,#4853,#4854,
#4855,#4856));
#3735=EDGE_LOOP('',(#4857,#4858,#4859,#4860,#4861,#4862,#4863,#4864,#4865,
#4866,#4867,#4868,#4869,#4870,#4871,#4872));
#3736=EDGE_LOOP('',(#4873,#4874,#4875,#4876));
#3737=EDGE_LOOP('',(#4877,#4878,#4879,#4880));
#3738=EDGE_LOOP('',(#4881,#4882,#4883,#4884));
#3739=EDGE_LOOP('',(#4885,#4886,#4887,#4888));
#3740=EDGE_LOOP('',(#4889,#4890,#4891,#4892,#4893,#4894,#4895));
#3741=EDGE_LOOP('',(#4896,#4897,#4898,#4899));
#3742=EDGE_LOOP('',(#4900,#4901,#4902,#4903));
#3743=EDGE_LOOP('',(#4904,#4905,#4906,#4907,#4908,#4909));
#3744=EDGE_LOOP('',(#4910,#4911,#4912,#4913));
#3745=EDGE_LOOP('',(#4914,#4915,#4916,#4917,#4918));
#3746=EDGE_LOOP('',(#4919,#4920,#4921,#4922,#4923,#4924,#4925));
#3747=EDGE_LOOP('',(#4926,#4927,#4928,#4929));
#3748=EDGE_LOOP('',(#4930,#4931,#4932,#4933,#4934,#4935,#4936));
#3749=EDGE_LOOP('',(#4937,#4938,#4939,#4940,#4941));
#3750=EDGE_LOOP('',(#4942,#4943,#4944,#4945,#4946,#4947));
#3751=EDGE_LOOP('',(#4948,#4949,#4950,#4951,#4952,#4953,#4954));
#3752=EDGE_LOOP('',(#4955,#4956,#4957,#4958));
#3753=EDGE_LOOP('',(#4959,#4960,#4961,#4962));
#3754=EDGE_LOOP('',(#4963,#4964,#4965,#4966));
#3755=EDGE_LOOP('',(#4967,#4968,#4969,#4970));
#3756=EDGE_LOOP('',(#4971,#4972,#4973,#4974,#4975,#4976,#4977,#4978));
#3757=EDGE_LOOP('',(#4979,#4980,#4981,#4982));
#3758=EDGE_LOOP('',(#4983,#4984,#4985,#4986,#4987,#4988,#4989,#4990));
#3759=EDGE_LOOP('',(#4991,#4992,#4993,#4994,#4995,#4996));
#3760=EDGE_LOOP('',(#4997,#4998,#4999,#5000,#5001,#5002));
#3761=EDGE_LOOP('',(#5003,#5004,#5005,#5006));
#3762=EDGE_LOOP('',(#5007,#5008,#5009,#5010));
#3763=EDGE_LOOP('',(#5011,#5012,#5013,#5014));
#3764=EDGE_LOOP('',(#5015,#5016,#5017,#5018));
#3765=EDGE_LOOP('',(#5019,#5020,#5021,#5022));
#3766=EDGE_LOOP('',(#5023,#5024,#5025,#5026));
#3767=EDGE_LOOP('',(#5027,#5028,#5029,#5030));
#3768=EDGE_LOOP('',(#5031,#5032,#5033,#5034));
#3769=EDGE_LOOP('',(#5035,#5036,#5037,#5038));
#3770=EDGE_LOOP('',(#5039,#5040,#5041,#5042));
#3771=EDGE_LOOP('',(#5043,#5044,#5045,#5046));
#3772=EDGE_LOOP('',(#5047,#5048,#5049,#5050));
#3773=EDGE_LOOP('',(#5051,#5052,#5053,#5054));
#3774=EDGE_LOOP('',(#5055,#5056,#5057,#5058));
#3775=EDGE_LOOP('',(#5059,#5060,#5061,#5062));
#3776=EDGE_LOOP('',(#5063,#5064,#5065,#5066));
#3777=EDGE_LOOP('',(#5067,#5068,#5069,#5070));
#3778=EDGE_LOOP('',(#5071,#5072,#5073,#5074));
#3779=EDGE_LOOP('',(#5075,#5076,#5077,#5078));
#3780=EDGE_LOOP('',(#5079,#5080,#5081,#5082));
#3781=EDGE_LOOP('',(#5083,#5084,#5085,#5086));
#3782=EDGE_LOOP('',(#5087,#5088,#5089,#5090));
#3783=EDGE_LOOP('',(#5091,#5092,#5093,#5094));
#3784=EDGE_LOOP('',(#5095,#5096,#5097,#5098));
#3785=EDGE_LOOP('',(#5099,#5100,#5101,#5102));
#3786=EDGE_LOOP('',(#5103,#5104,#5105,#5106));
#3787=EDGE_LOOP('',(#5107,#5108,#5109,#5110));
#3788=EDGE_LOOP('',(#5111,#5112,#5113,#5114));
#3789=EDGE_LOOP('',(#5115,#5116,#5117,#5118,#5119,#5120));
#3790=EDGE_LOOP('',(#5121,#5122,#5123,#5124,#5125,#5126));
#3791=EDGE_LOOP('',(#5127,#5128,#5129,#5130));
#3792=EDGE_LOOP('',(#5131,#5132,#5133,#5134,#5135,#5136));
#3793=EDGE_LOOP('',(#5137,#5138,#5139,#5140));
#3794=EDGE_LOOP('',(#5141));
#3795=EDGE_LOOP('',(#5142));
#3796=EDGE_LOOP('',(#5143));
#3797=EDGE_LOOP('',(#5144));
#3798=EDGE_LOOP('',(#5145,#5146,#5147,#5148));
#3799=EDGE_LOOP('',(#5149,#5150,#5151,#5152));
#3800=EDGE_LOOP('',(#5153,#5154,#5155,#5156));
#3801=EDGE_LOOP('',(#5157,#5158,#5159,#5160));
#3802=EDGE_LOOP('',(#5161,#5162,#5163,#5164));
#3803=EDGE_LOOP('',(#5165,#5166,#5167,#5168));
#3804=EDGE_LOOP('',(#5169,#5170,#5171,#5172,#5173,#5174,#5175,#5176,#5177,
#5178,#5179,#5180,#5181,#5182,#5183,#5184,#5185,#5186,#5187,#5188));
#3805=EDGE_LOOP('',(#5189,#5190,#5191,#5192));
#3806=EDGE_LOOP('',(#5193,#5194,#5195,#5196));
#3807=EDGE_LOOP('',(#5197,#5198,#5199,#5200));
#3808=EDGE_LOOP('',(#5201,#5202,#5203,#5204));
#3809=EDGE_LOOP('',(#5205,#5206,#5207,#5208));
#3810=EDGE_LOOP('',(#5209,#5210,#5211,#5212));
#3811=EDGE_LOOP('',(#5213,#5214,#5215,#5216));
#3812=EDGE_LOOP('',(#5217,#5218,#5219,#5220));
#3813=EDGE_LOOP('',(#5221,#5222,#5223,#5224));
#3814=EDGE_LOOP('',(#5225,#5226,#5227,#5228));
#3815=EDGE_LOOP('',(#5229,#5230,#5231,#5232));
#3816=EDGE_LOOP('',(#5233,#5234,#5235,#5236));
#3817=EDGE_LOOP('',(#5237,#5238,#5239,#5240));
#3818=EDGE_LOOP('',(#5241,#5242,#5243,#5244));
#3819=EDGE_LOOP('',(#5245,#5246,#5247,#5248));
#3820=EDGE_LOOP('',(#5249,#5250,#5251,#5252));
#3821=EDGE_LOOP('',(#5253,#5254,#5255,#5256));
#3822=EDGE_LOOP('',(#5257,#5258,#5259,#5260));
#3823=EDGE_LOOP('',(#5261,#5262,#5263,#5264));
#3824=EDGE_LOOP('',(#5265,#5266,#5267,#5268));
#3825=EDGE_LOOP('',(#5269,#5270,#5271,#5272));
#3826=EDGE_LOOP('',(#5273,#5274,#5275,#5276));
#3827=EDGE_LOOP('',(#5277,#5278,#5279,#5280));
#3828=EDGE_LOOP('',(#5281,#5282,#5283,#5284));
#3829=EDGE_LOOP('',(#5285,#5286,#5287,#5288,#5289,#5290,#5291,#5292,#5293,
#5294,#5295,#5296,#5297,#5298,#5299,#5300,#5301,#5302,#5303,#5304,#5305,
#5306));
#3830=EDGE_LOOP('',(#5307,#5308,#5309,#5310));
#3831=EDGE_LOOP('',(#5311,#5312,#5313,#5314));
#3832=EDGE_LOOP('',(#5315,#5316,#5317,#5318));
#3833=EDGE_LOOP('',(#5319,#5320,#5321,#5322));
#3834=EDGE_LOOP('',(#5323,#5324,#5325,#5326,#5327,#5328));
#3835=EDGE_LOOP('',(#5329,#5330,#5331,#5332,#5333,#5334));
#3836=EDGE_LOOP('',(#5335,#5336,#5337,#5338));
#3837=EDGE_LOOP('',(#5339,#5340,#5341,#5342));
#3838=EDGE_LOOP('',(#5343,#5344,#5345,#5346));
#3839=EDGE_LOOP('',(#5347,#5348,#5349,#5350));
#3840=EDGE_LOOP('',(#5351,#5352,#5353,#5354));
#3841=EDGE_LOOP('',(#5355,#5356,#5357,#5358));
#3842=EDGE_LOOP('',(#5359,#5360,#5361,#5362));
#3843=EDGE_LOOP('',(#5363,#5364,#5365,#5366));
#3844=EDGE_LOOP('',(#5367,#5368,#5369,#5370));
#3845=EDGE_LOOP('',(#5371,#5372,#5373,#5374));
#3846=EDGE_LOOP('',(#5375,#5376,#5377,#5378));
#3847=EDGE_LOOP('',(#5379,#5380,#5381,#5382));
#3848=EDGE_LOOP('',(#5383,#5384,#5385,#5386));
#3849=EDGE_LOOP('',(#5387,#5388,#5389,#5390));
#3850=EDGE_LOOP('',(#5391,#5392,#5393,#5394));
#3851=EDGE_LOOP('',(#5395,#5396,#5397,#5398));
#3852=EDGE_LOOP('',(#5399,#5400,#5401,#5402,#5403,#5404,#5405));
#3853=EDGE_LOOP('',(#5406,#5407,#5408,#5409,#5410,#5411,#5412));
#3854=EDGE_LOOP('',(#5413,#5414,#5415,#5416));
#3855=EDGE_LOOP('',(#5417,#5418,#5419,#5420));
#3856=EDGE_LOOP('',(#5421,#5422,#5423,#5424,#5425,#5426,#5427,#5428,#5429,
#5430,#5431,#5432,#5433,#5434,#5435,#5436,#5437,#5438,#5439,#5440,#5441,
#5442,#5443,#5444,#5445));
#3857=EDGE_LOOP('',(#5446,#5447,#5448,#5449));
#3858=EDGE_LOOP('',(#5450,#5451,#5452,#5453));
#3859=EDGE_LOOP('',(#5454,#5455,#5456,#5457));
#3860=EDGE_LOOP('',(#5458,#5459,#5460,#5461));
#3861=EDGE_LOOP('',(#5462,#5463,#5464,#5465));
#3862=EDGE_LOOP('',(#5466,#5467,#5468,#5469));
#3863=EDGE_LOOP('',(#5470,#5471,#5472,#5473));
#3864=EDGE_LOOP('',(#5474,#5475,#5476,#5477));
#3865=EDGE_LOOP('',(#5478,#5479,#5480,#5481));
#3866=EDGE_LOOP('',(#5482,#5483,#5484,#5485));
#3867=EDGE_LOOP('',(#5486,#5487,#5488,#5489,#5490,#5491,#5492));
#3868=EDGE_LOOP('',(#5493,#5494,#5495,#5496,#5497,#5498,#5499));
#3869=EDGE_LOOP('',(#5500,#5501,#5502,#5503));
#3870=EDGE_LOOP('',(#5504,#5505,#5506,#5507));
#3871=EDGE_LOOP('',(#5508,#5509,#5510,#5511));
#3872=EDGE_LOOP('',(#5512,#5513,#5514,#5515));
#3873=EDGE_LOOP('',(#5516,#5517,#5518,#5519));
#3874=EDGE_LOOP('',(#5520,#5521,#5522,#5523));
#3875=EDGE_LOOP('',(#5524,#5525,#5526,#5527));
#3876=EDGE_LOOP('',(#5528,#5529,#5530,#5531));
#3877=EDGE_LOOP('',(#5532,#5533,#5534,#5535));
#3878=EDGE_LOOP('',(#5536,#5537,#5538,#5539));
#3879=EDGE_LOOP('',(#5540,#5541,#5542,#5543));
#3880=EDGE_LOOP('',(#5544));
#3881=EDGE_LOOP('',(#5545));
#3882=EDGE_LOOP('',(#5546,#5547,#5548,#5549));
#3883=EDGE_LOOP('',(#5550,#5551,#5552,#5553,#5554,#5555,#5556,#5557));
#3884=EDGE_LOOP('',(#5558,#5559,#5560,#5561,#5562,#5563,#5564,#5565,#5566,
#5567,#5568,#5569,#5570,#5571,#5572,#5573,#5574,#5575,#5576,#5577));
#3885=EDGE_LOOP('',(#5578,#5579,#5580,#5581));
#3886=EDGE_LOOP('',(#5582,#5583,#5584,#5585,#5586,#5587));
#3887=EDGE_LOOP('',(#5588,#5589,#5590,#5591,#5592,#5593));
#3888=EDGE_LOOP('',(#5594,#5595,#5596,#5597,#5598,#5599));
#3889=EDGE_LOOP('',(#5600,#5601,#5602,#5603));
#3890=EDGE_LOOP('',(#5604,#5605,#5606,#5607));
#3891=EDGE_LOOP('',(#5608,#5609,#5610,#5611,#5612));
#3892=EDGE_LOOP('',(#5613,#5614,#5615,#5616));
#3893=EDGE_LOOP('',(#5617,#5618,#5619,#5620));
#3894=EDGE_LOOP('',(#5621,#5622,#5623,#5624));
#3895=EDGE_LOOP('',(#5625,#5626,#5627,#5628,#5629));
#3896=EDGE_LOOP('',(#5630,#5631,#5632,#5633));
#3897=EDGE_LOOP('',(#5634,#5635,#5636,#5637));
#3898=EDGE_LOOP('',(#5638,#5639,#5640,#5641));
#3899=EDGE_LOOP('',(#5642,#5643,#5644,#5645,#5646));
#3900=EDGE_LOOP('',(#5647,#5648,#5649,#5650));
#3901=EDGE_LOOP('',(#5651,#5652,#5653,#5654));
#3902=EDGE_LOOP('',(#5655,#5656,#5657,#5658));
#3903=EDGE_LOOP('',(#5659,#5660,#5661,#5662));
#3904=EDGE_LOOP('',(#5663,#5664,#5665,#5666,#5667));
#3905=EDGE_LOOP('',(#5668,#5669,#5670,#5671));
#3906=EDGE_LOOP('',(#5672,#5673,#5674,#5675));
#3907=EDGE_LOOP('',(#5676,#5677,#5678,#5679));
#3908=EDGE_LOOP('',(#5680,#5681,#5682,#5683));
#3909=EDGE_LOOP('',(#5684,#5685,#5686,#5687));
#3910=EDGE_LOOP('',(#5688,#5689,#5690,#5691));
#3911=EDGE_LOOP('',(#5692,#5693,#5694,#5695));
#3912=EDGE_LOOP('',(#5696,#5697,#5698,#5699,#5700,#5701,#5702,#5703));
#3913=EDGE_LOOP('',(#5704,#5705,#5706,#5707,#5708,#5709,#5710,#5711));
#3914=EDGE_LOOP('',(#5712,#5713,#5714,#5715));
#3915=EDGE_LOOP('',(#5716,#5717,#5718,#5719,#5720,#5721,#5722,#5723));
#3916=EDGE_LOOP('',(#5724));
#3917=EDGE_LOOP('',(#5725));
#3918=EDGE_LOOP('',(#5726));
#3919=EDGE_LOOP('',(#5727));
#3920=EDGE_LOOP('',(#5728));
#3921=EDGE_LOOP('',(#5729));
#3922=EDGE_LOOP('',(#5730));
#3923=EDGE_LOOP('',(#5731));
#3924=EDGE_LOOP('',(#5732));
#3925=EDGE_LOOP('',(#5733,#5734,#5735,#5736,#5737,#5738,#5739,#5740,#5741,
#5742,#5743,#5744,#5745,#5746,#5747,#5748,#5749,#5750,#5751,#5752));
#3926=EDGE_LOOP('',(#5753,#5754,#5755,#5756));
#3927=EDGE_LOOP('',(#5757,#5758,#5759,#5760));
#3928=EDGE_LOOP('',(#5761,#5762,#5763,#5764,#5765,#5766,#5767,#5768,#5769,
#5770,#5771,#5772,#5773,#5774,#5775,#5776,#5777,#5778,#5779,#5780,#5781,
#5782,#5783,#5784));
#3929=EDGE_LOOP('',(#5785,#5786,#5787,#5788,#5789,#5790,#5791,#5792,#5793,
#5794,#5795,#5796,#5797,#5798,#5799,#5800,#5801,#5802,#5803,#5804,#5805,
#5806,#5807,#5808,#5809,#5810,#5811,#5812,#5813,#5814));
#3930=EDGE_LOOP('',(#5815,#5816,#5817,#5818,#5819,#5820,#5821,#5822,#5823,
#5824,#5825,#5826,#5827,#5828,#5829,#5830,#5831,#5832,#5833,#5834,#5835,
#5836,#5837));
#3931=EDGE_LOOP('',(#5838,#5839,#5840,#5841));
#3932=EDGE_LOOP('',(#5842,#5843,#5844,#5845));
#3933=EDGE_LOOP('',(#5846,#5847,#5848,#5849));
#3934=EDGE_LOOP('',(#5850));
#3935=EDGE_LOOP('',(#5851,#5852,#5853,#5854));
#3936=EDGE_LOOP('',(#5855,#5856,#5857,#5858));
#3937=EDGE_LOOP('',(#5859,#5860,#5861,#5862));
#3938=EDGE_LOOP('',(#5863,#5864,#5865,#5866));
#3939=EDGE_LOOP('',(#5867,#5868,#5869,#5870,#5871,#5872,#5873,#5874));
#3940=EDGE_LOOP('',(#5875,#5876,#5877,#5878));
#3941=EDGE_LOOP('',(#5879,#5880,#5881,#5882,#5883,#5884,#5885,#5886,#5887,
#5888,#5889,#5890));
#3942=EDGE_LOOP('',(#5891,#5892,#5893,#5894));
#3943=EDGE_LOOP('',(#5895,#5896,#5897,#5898,#5899,#5900,#5901,#5902,#5903,
#5904,#5905,#5906,#5907,#5908,#5909,#5910));
#3944=EDGE_LOOP('',(#5911,#5912,#5913,#5914));
#3945=EDGE_LOOP('',(#5915,#5916,#5917,#5918));
#3946=EDGE_LOOP('',(#5919,#5920,#5921,#5922));
#3947=EDGE_LOOP('',(#5923,#5924,#5925,#5926));
#3948=EDGE_LOOP('',(#5927,#5928,#5929,#5930));
#3949=EDGE_LOOP('',(#5931,#5932,#5933,#5934));
#3950=EDGE_LOOP('',(#5935,#5936,#5937,#5938));
#3951=EDGE_LOOP('',(#5939,#5940,#5941,#5942,#5943,#5944));
#3952=EDGE_LOOP('',(#5945,#5946,#5947,#5948));
#3953=EDGE_LOOP('',(#5949,#5950,#5951,#5952));
#3954=EDGE_LOOP('',(#5953,#5954,#5955,#5956,#5957,#5958));
#3955=EDGE_LOOP('',(#5959,#5960,#5961,#5962));
#3956=EDGE_LOOP('',(#5963,#5964,#5965,#5966,#5967,#5968,#5969,#5970));
#3957=EDGE_LOOP('',(#5971,#5972,#5973,#5974));
#3958=EDGE_LOOP('',(#5975,#5976,#5977,#5978,#5979,#5980));
#3959=EDGE_LOOP('',(#5981,#5982,#5983,#5984));
#3960=EDGE_LOOP('',(#5985,#5986,#5987,#5988));
#3961=EDGE_LOOP('',(#5989,#5990,#5991,#5992));
#3962=EDGE_LOOP('',(#5993,#5994,#5995,#5996));
#3963=EDGE_LOOP('',(#5997,#5998,#5999,#6000));
#3964=EDGE_LOOP('',(#6001,#6002,#6003,#6004,#6005,#6006));
#3965=EDGE_LOOP('',(#6007,#6008,#6009,#6010));
#3966=EDGE_LOOP('',(#6011,#6012,#6013,#6014));
#3967=EDGE_LOOP('',(#6015,#6016,#6017,#6018));
#3968=EDGE_LOOP('',(#6019,#6020,#6021,#6022));
#3969=EDGE_LOOP('',(#6023,#6024,#6025,#6026));
#3970=EDGE_LOOP('',(#6027,#6028,#6029,#6030));
#3971=EDGE_LOOP('',(#6031,#6032,#6033,#6034));
#3972=EDGE_LOOP('',(#6035,#6036,#6037,#6038));
#3973=EDGE_LOOP('',(#6039,#6040,#6041,#6042));
#3974=EDGE_LOOP('',(#6043,#6044,#6045,#6046));
#3975=EDGE_LOOP('',(#6047,#6048,#6049,#6050));
#3976=EDGE_LOOP('',(#6051,#6052,#6053,#6054));
#3977=EDGE_LOOP('',(#6055,#6056,#6057,#6058));
#3978=EDGE_LOOP('',(#6059,#6060,#6061,#6062));
#3979=EDGE_LOOP('',(#6063,#6064,#6065,#6066));
#3980=EDGE_LOOP('',(#6067,#6068,#6069,#6070));
#3981=EDGE_LOOP('',(#6071,#6072,#6073,#6074));
#3982=EDGE_LOOP('',(#6075,#6076,#6077,#6078));
#3983=EDGE_LOOP('',(#6079,#6080,#6081,#6082));
#3984=EDGE_LOOP('',(#6083,#6084,#6085,#6086));
#3985=EDGE_LOOP('',(#6087,#6088,#6089,#6090));
#3986=EDGE_LOOP('',(#6091,#6092,#6093,#6094));
#3987=EDGE_LOOP('',(#6095,#6096,#6097,#6098));
#3988=EDGE_LOOP('',(#6099,#6100,#6101,#6102));
#3989=EDGE_LOOP('',(#6103,#6104,#6105,#6106));
#3990=EDGE_LOOP('',(#6107,#6108,#6109,#6110));
#3991=EDGE_LOOP('',(#6111,#6112,#6113,#6114));
#3992=EDGE_LOOP('',(#6115,#6116,#6117,#6118));
#3993=EDGE_LOOP('',(#6119,#6120,#6121,#6122,#6123,#6124,#6125,#6126,#6127));
#3994=EDGE_LOOP('',(#6128));
#3995=EDGE_LOOP('',(#6129,#6130,#6131,#6132,#6133,#6134,#6135,#6136,#6137,
#6138,#6139,#6140));
#3996=EDGE_LOOP('',(#6141,#6142,#6143,#6144));
#3997=EDGE_LOOP('',(#6145,#6146,#6147,#6148,#6149,#6150,#6151,#6152,#6153,
#6154,#6155,#6156));
#3998=EDGE_LOOP('',(#6157,#6158,#6159,#6160));
#3999=EDGE_LOOP('',(#6161,#6162,#6163,#6164,#6165,#6166,#6167,#6168,#6169,
#6170,#6171,#6172,#6173,#6174,#6175,#6176,#6177,#6178));
#4000=EDGE_LOOP('',(#6179,#6180,#6181,#6182,#6183,#6184,#6185,#6186));
#4001=EDGE_LOOP('',(#6187,#6188,#6189,#6190,#6191,#6192,#6193,#6194,#6195,
#6196,#6197,#6198,#6199,#6200,#6201,#6202,#6203,#6204));
#4002=EDGE_LOOP('',(#6205,#6206,#6207,#6208));
#4003=EDGE_LOOP('',(#6209));
#4004=EDGE_LOOP('',(#6210,#6211,#6212,#6213,#6214,#6215,#6216,#6217,#6218,
#6219));
#4005=EDGE_LOOP('',(#6220,#6221,#6222,#6223,#6224,#6225,#6226,#6227,#6228,
#6229,#6230,#6231,#6232,#6233,#6234,#6235,#6236,#6237));
#4006=EDGE_LOOP('',(#6238,#6239,#6240,#6241,#6242,#6243,#6244,#6245));
#4007=EDGE_LOOP('',(#6246,#6247,#6248,#6249,#6250,#6251,#6252,#6253,#6254,
#6255,#6256,#6257,#6258,#6259,#6260,#6261,#6262,#6263));
#4008=EDGE_LOOP('',(#6264,#6265,#6266,#6267));
#4009=EDGE_LOOP('',(#6268,#6269,#6270,#6271,#6272));
#4010=EDGE_LOOP('',(#6273,#6274,#6275,#6276,#6277));
#4011=EDGE_LOOP('',(#6278,#6279,#6280,#6281));
#4012=EDGE_LOOP('',(#6282,#6283,#6284,#6285,#6286));
#4013=EDGE_LOOP('',(#6287,#6288,#6289,#6290,#6291));
#4014=EDGE_LOOP('',(#6292,#6293,#6294,#6295));
#4015=EDGE_LOOP('',(#6296,#6297,#6298,#6299,#6300));
#4016=EDGE_LOOP('',(#6301,#6302,#6303,#6304,#6305));
#4017=EDGE_LOOP('',(#6306,#6307,#6308,#6309));
#4018=EDGE_LOOP('',(#6310,#6311,#6312,#6313,#6314));
#4019=EDGE_LOOP('',(#6315,#6316,#6317,#6318,#6319));
#4020=EDGE_LOOP('',(#6320,#6321,#6322,#6323));
#4021=EDGE_LOOP('',(#6324,#6325,#6326,#6327,#6328));
#4022=EDGE_LOOP('',(#6329,#6330,#6331,#6332,#6333));
#4023=EDGE_LOOP('',(#6334,#6335,#6336,#6337,#6338));
#4024=EDGE_LOOP('',(#6339,#6340,#6341,#6342,#6343));
#4025=EDGE_LOOP('',(#6344,#6345,#6346,#6347,#6348));
#4026=EDGE_LOOP('',(#6349,#6350,#6351,#6352,#6353));
#4027=EDGE_LOOP('',(#6354,#6355,#6356,#6357,#6358));
#4028=EDGE_LOOP('',(#6359,#6360,#6361,#6362,#6363));
#4029=EDGE_LOOP('',(#6364,#6365,#6366,#6367,#6368));
#4030=EDGE_LOOP('',(#6369,#6370,#6371,#6372,#6373));
#4031=EDGE_LOOP('',(#6374));
#4032=EDGE_LOOP('',(#6375,#6376,#6377,#6378,#6379,#6380));
#4033=EDGE_LOOP('',(#6381,#6382,#6383,#6384,#6385));
#4034=EDGE_LOOP('',(#6386,#6387,#6388,#6389,#6390));
#4035=EDGE_LOOP('',(#6391));
#4036=EDGE_LOOP('',(#6392,#6393,#6394,#6395,#6396,#6397));
#4037=EDGE_LOOP('',(#6398,#6399,#6400,#6401));
#4038=EDGE_LOOP('',(#6402));
#4039=EDGE_LOOP('',(#6403,#6404,#6405,#6406,#6407,#6408,#6409,#6410));
#4040=EDGE_LOOP('',(#6411,#6412,#6413,#6414));
#4041=EDGE_LOOP('',(#6415));
#4042=EDGE_LOOP('',(#6416));
#4043=EDGE_LOOP('',(#6417));
#4044=EDGE_LOOP('',(#6418));
#4045=EDGE_LOOP('',(#6419));
#4046=EDGE_LOOP('',(#6420));
#4047=EDGE_LOOP('',(#6421,#6422,#6423,#6424));
#4048=EDGE_LOOP('',(#6425,#6426,#6427,#6428));
#4049=EDGE_LOOP('',(#6429,#6430,#6431,#6432));
#4050=EDGE_LOOP('',(#6433,#6434,#6435,#6436));
#4051=EDGE_LOOP('',(#6437,#6438,#6439,#6440));
#4052=EDGE_LOOP('',(#6441,#6442,#6443,#6444));
#4053=EDGE_LOOP('',(#6445,#6446,#6447,#6448));
#4054=EDGE_LOOP('',(#6449,#6450,#6451));
#4055=EDGE_LOOP('',(#6452,#6453,#6454));
#4056=EDGE_LOOP('',(#6455,#6456,#6457,#6458));
#4057=EDGE_LOOP('',(#6459,#6460,#6461,#6462));
#4058=EDGE_LOOP('',(#6463,#6464,#6465,#6466));
#4059=EDGE_LOOP('',(#6467,#6468,#6469,#6470));
#4060=EDGE_LOOP('',(#6471,#6472,#6473,#6474));
#4061=EDGE_LOOP('',(#6475,#6476,#6477,#6478));
#4062=EDGE_LOOP('',(#6479,#6480,#6481,#6482));
#4063=EDGE_LOOP('',(#6483,#6484,#6485,#6486));
#4064=EDGE_LOOP('',(#6487,#6488,#6489));
#4065=EDGE_LOOP('',(#6490,#6491,#6492));
#4066=EDGE_LOOP('',(#6493,#6494,#6495,#6496));
#4067=EDGE_LOOP('',(#6497,#6498,#6499,#6500));
#4068=EDGE_LOOP('',(#6501,#6502,#6503,#6504));
#4069=EDGE_LOOP('',(#6505,#6506,#6507,#6508));
#4070=EDGE_LOOP('',(#6509,#6510,#6511,#6512));
#4071=EDGE_LOOP('',(#6513,#6514,#6515));
#4072=EDGE_LOOP('',(#6516,#6517,#6518,#6519));
#4073=EDGE_LOOP('',(#6520,#6521,#6522,#6523));
#4074=EDGE_LOOP('',(#6524,#6525,#6526));
#4075=EDGE_LOOP('',(#6527,#6528,#6529,#6530));
#4076=EDGE_LOOP('',(#6531,#6532,#6533,#6534));
#4077=EDGE_LOOP('',(#6535,#6536,#6537,#6538));
#4078=EDGE_LOOP('',(#6539,#6540,#6541,#6542));
#4079=EDGE_LOOP('',(#6543,#6544,#6545,#6546));
#4080=EDGE_LOOP('',(#6547,#6548,#6549,#6550));
#4081=EDGE_LOOP('',(#6551,#6552,#6553,#6554));
#4082=EDGE_LOOP('',(#6555,#6556,#6557,#6558));
#4083=EDGE_LOOP('',(#6559,#6560,#6561,#6562));
#4084=EDGE_LOOP('',(#6563,#6564,#6565,#6566));
#4085=EDGE_LOOP('',(#6567,#6568,#6569,#6570));
#4086=EDGE_LOOP('',(#6571,#6572,#6573,#6574));
#4087=EDGE_LOOP('',(#6575,#6576,#6577,#6578));
#4088=EDGE_LOOP('',(#6579,#6580,#6581,#6582));
#4089=EDGE_LOOP('',(#6583,#6584,#6585,#6586));
#4090=EDGE_LOOP('',(#6587,#6588,#6589,#6590));
#4091=EDGE_LOOP('',(#6591,#6592,#6593,#6594));
#4092=EDGE_LOOP('',(#6595,#6596,#6597,#6598));
#4093=EDGE_LOOP('',(#6599));
#4094=EDGE_LOOP('',(#6600));
#4095=EDGE_LOOP('',(#6601));
#4096=EDGE_LOOP('',(#6602));
#4097=EDGE_LOOP('',(#6603,#6604,#6605,#6606,#6607));
#4098=EDGE_LOOP('',(#6608,#6609,#6610,#6611,#6612));
#4099=EDGE_LOOP('',(#6613));
#4100=EDGE_LOOP('',(#6614,#6615,#6616,#6617,#6618,#6619,#6620));
#4101=EDGE_LOOP('',(#6621));
#4102=EDGE_LOOP('',(#6622));
#4103=EDGE_LOOP('',(#6623));
#4104=EDGE_LOOP('',(#6624));
#4105=EDGE_LOOP('',(#6625));
#4106=EDGE_LOOP('',(#6626));
#4107=EDGE_LOOP('',(#6627,#6628,#6629,#6630));
#4108=EDGE_LOOP('',(#6631,#6632,#6633,#6634));
#4109=EDGE_LOOP('',(#6635,#6636,#6637,#6638));
#4110=EDGE_LOOP('',(#6639,#6640,#6641,#6642));
#4111=EDGE_LOOP('',(#6643,#6644,#6645,#6646));
#4112=EDGE_LOOP('',(#6647,#6648,#6649,#6650));
#4113=EDGE_LOOP('',(#6651));
#4114=EDGE_LOOP('',(#6652));
#4115=ORIENTED_EDGE('',*,*,#7471,.T.);
#4116=ORIENTED_EDGE('',*,*,#7472,.F.);
#4117=ORIENTED_EDGE('',*,*,#7471,.F.);
#4118=ORIENTED_EDGE('',*,*,#7472,.T.);
#4119=ORIENTED_EDGE('',*,*,#7473,.F.);
#4120=ORIENTED_EDGE('',*,*,#7474,.T.);
#4121=ORIENTED_EDGE('',*,*,#7475,.T.);
#4122=ORIENTED_EDGE('',*,*,#7476,.F.);
#4123=ORIENTED_EDGE('',*,*,#7477,.F.);
#4124=ORIENTED_EDGE('',*,*,#7478,.T.);
#4125=ORIENTED_EDGE('',*,*,#7473,.T.);
#4126=ORIENTED_EDGE('',*,*,#7479,.T.);
#4127=ORIENTED_EDGE('',*,*,#7480,.F.);
#4128=ORIENTED_EDGE('',*,*,#7481,.T.);
#4129=ORIENTED_EDGE('',*,*,#7477,.T.);
#4130=ORIENTED_EDGE('',*,*,#7482,.T.);
#4131=ORIENTED_EDGE('',*,*,#7483,.F.);
#4132=ORIENTED_EDGE('',*,*,#7475,.F.);
#4133=ORIENTED_EDGE('',*,*,#7484,.T.);
#4134=ORIENTED_EDGE('',*,*,#7480,.T.);
#4135=ORIENTED_EDGE('',*,*,#7476,.T.);
#4136=ORIENTED_EDGE('',*,*,#7483,.T.);
#4137=ORIENTED_EDGE('',*,*,#7482,.F.);
#4138=ORIENTED_EDGE('',*,*,#7479,.F.);
#4139=ORIENTED_EDGE('',*,*,#7474,.F.);
#4140=ORIENTED_EDGE('',*,*,#7478,.F.);
#4141=ORIENTED_EDGE('',*,*,#7481,.F.);
#4142=ORIENTED_EDGE('',*,*,#7484,.F.);
#4143=ORIENTED_EDGE('',*,*,#7485,.T.);
#4144=ORIENTED_EDGE('',*,*,#7486,.T.);
#4145=ORIENTED_EDGE('',*,*,#7487,.T.);
#4146=ORIENTED_EDGE('',*,*,#7488,.F.);
#4147=ORIENTED_EDGE('',*,*,#7489,.T.);
#4148=ORIENTED_EDGE('',*,*,#7490,.T.);
#4149=ORIENTED_EDGE('',*,*,#7491,.F.);
#4150=ORIENTED_EDGE('',*,*,#7492,.T.);
#4151=ORIENTED_EDGE('',*,*,#7487,.F.);
#4152=ORIENTED_EDGE('',*,*,#7493,.T.);
#4153=ORIENTED_EDGE('',*,*,#7494,.F.);
#4154=ORIENTED_EDGE('',*,*,#7495,.T.);
#4155=ORIENTED_EDGE('',*,*,#7496,.T.);
#4156=ORIENTED_EDGE('',*,*,#7489,.F.);
#4157=ORIENTED_EDGE('',*,*,#7494,.T.);
#4158=ORIENTED_EDGE('',*,*,#7497,.T.);
#4159=ORIENTED_EDGE('',*,*,#7495,.F.);
#4160=ORIENTED_EDGE('',*,*,#7498,.F.);
#4161=ORIENTED_EDGE('',*,*,#7499,.F.);
#4162=ORIENTED_EDGE('',*,*,#7500,.T.);
#4163=ORIENTED_EDGE('',*,*,#7501,.F.);
#4164=ORIENTED_EDGE('',*,*,#7502,.T.);
#4165=ORIENTED_EDGE('',*,*,#7503,.T.);
#4166=ORIENTED_EDGE('',*,*,#7504,.T.);
#4167=ORIENTED_EDGE('',*,*,#7505,.T.);
#4168=ORIENTED_EDGE('',*,*,#7506,.T.);
#4169=ORIENTED_EDGE('',*,*,#7507,.F.);
#4170=ORIENTED_EDGE('',*,*,#7508,.T.);
#4171=ORIENTED_EDGE('',*,*,#7509,.T.);
#4172=ORIENTED_EDGE('',*,*,#7510,.T.);
#4173=ORIENTED_EDGE('',*,*,#7511,.T.);
#4174=ORIENTED_EDGE('',*,*,#7512,.T.);
#4175=ORIENTED_EDGE('',*,*,#7513,.F.);
#4176=ORIENTED_EDGE('',*,*,#7514,.T.);
#4177=ORIENTED_EDGE('',*,*,#7515,.F.);
#4178=ORIENTED_EDGE('',*,*,#7516,.T.);
#4179=ORIENTED_EDGE('',*,*,#7517,.T.);
#4180=ORIENTED_EDGE('',*,*,#7518,.T.);
#4181=ORIENTED_EDGE('',*,*,#7519,.T.);
#4182=ORIENTED_EDGE('',*,*,#7520,.T.);
#4183=ORIENTED_EDGE('',*,*,#7521,.F.);
#4184=ORIENTED_EDGE('',*,*,#7522,.T.);
#4185=ORIENTED_EDGE('',*,*,#7523,.T.);
#4186=ORIENTED_EDGE('',*,*,#7524,.T.);
#4187=ORIENTED_EDGE('',*,*,#7525,.F.);
#4188=ORIENTED_EDGE('',*,*,#7526,.T.);
#4189=ORIENTED_EDGE('',*,*,#7503,.F.);
#4190=ORIENTED_EDGE('',*,*,#7527,.T.);
#4191=ORIENTED_EDGE('',*,*,#7528,.T.);
#4192=ORIENTED_EDGE('',*,*,#7490,.F.);
#4193=ORIENTED_EDGE('',*,*,#7496,.F.);
#4194=ORIENTED_EDGE('',*,*,#7497,.F.);
#4195=ORIENTED_EDGE('',*,*,#7493,.F.);
#4196=ORIENTED_EDGE('',*,*,#7486,.F.);
#4197=ORIENTED_EDGE('',*,*,#7529,.F.);
#4198=ORIENTED_EDGE('',*,*,#7530,.T.);
#4199=ORIENTED_EDGE('',*,*,#7531,.F.);
#4200=ORIENTED_EDGE('',*,*,#7532,.T.);
#4201=ORIENTED_EDGE('',*,*,#7533,.F.);
#4202=ORIENTED_EDGE('',*,*,#7534,.T.);
#4203=ORIENTED_EDGE('',*,*,#7535,.T.);
#4204=ORIENTED_EDGE('',*,*,#7536,.T.);
#4205=ORIENTED_EDGE('',*,*,#7537,.T.);
#4206=ORIENTED_EDGE('',*,*,#7538,.T.);
#4207=ORIENTED_EDGE('',*,*,#7531,.T.);
#4208=ORIENTED_EDGE('',*,*,#7539,.T.);
#4209=ORIENTED_EDGE('',*,*,#7525,.T.);
#4210=ORIENTED_EDGE('',*,*,#7540,.T.);
#4211=ORIENTED_EDGE('',*,*,#7541,.T.);
#4212=ORIENTED_EDGE('',*,*,#7542,.T.);
#4213=ORIENTED_EDGE('',*,*,#7543,.F.);
#4214=ORIENTED_EDGE('',*,*,#7544,.T.);
#4215=ORIENTED_EDGE('',*,*,#7545,.T.);
#4216=ORIENTED_EDGE('',*,*,#7546,.T.);
#4217=ORIENTED_EDGE('',*,*,#7547,.T.);
#4218=ORIENTED_EDGE('',*,*,#7548,.T.);
#4219=ORIENTED_EDGE('',*,*,#7549,.F.);
#4220=ORIENTED_EDGE('',*,*,#7550,.T.);
#4221=ORIENTED_EDGE('',*,*,#7551,.F.);
#4222=ORIENTED_EDGE('',*,*,#7552,.T.);
#4223=ORIENTED_EDGE('',*,*,#7553,.T.);
#4224=ORIENTED_EDGE('',*,*,#7554,.T.);
#4225=ORIENTED_EDGE('',*,*,#7555,.T.);
#4226=ORIENTED_EDGE('',*,*,#7556,.T.);
#4227=ORIENTED_EDGE('',*,*,#7557,.F.);
#4228=ORIENTED_EDGE('',*,*,#7558,.T.);
#4229=ORIENTED_EDGE('',*,*,#7541,.F.);
#4230=ORIENTED_EDGE('',*,*,#7559,.T.);
#4231=ORIENTED_EDGE('',*,*,#7560,.F.);
#4232=ORIENTED_EDGE('',*,*,#7561,.F.);
#4233=ORIENTED_EDGE('',*,*,#7562,.T.);
#4234=ORIENTED_EDGE('',*,*,#7563,.F.);
#4235=ORIENTED_EDGE('',*,*,#7564,.F.);
#4236=ORIENTED_EDGE('',*,*,#7565,.T.);
#4237=ORIENTED_EDGE('',*,*,#7537,.F.);
#4238=ORIENTED_EDGE('',*,*,#7566,.T.);
#4239=ORIENTED_EDGE('',*,*,#7567,.T.);
#4240=ORIENTED_EDGE('',*,*,#7568,.F.);
#4241=ORIENTED_EDGE('',*,*,#7569,.F.);
#4242=ORIENTED_EDGE('',*,*,#7570,.T.);
#4243=ORIENTED_EDGE('',*,*,#7505,.F.);
#4244=ORIENTED_EDGE('',*,*,#7571,.T.);
#4245=ORIENTED_EDGE('',*,*,#7533,.T.);
#4246=ORIENTED_EDGE('',*,*,#7572,.T.);
#4247=ORIENTED_EDGE('',*,*,#7564,.T.);
#4248=ORIENTED_EDGE('',*,*,#7573,.T.);
#4249=ORIENTED_EDGE('',*,*,#7528,.F.);
#4250=ORIENTED_EDGE('',*,*,#7574,.T.);
#4251=ORIENTED_EDGE('',*,*,#7569,.T.);
#4252=ORIENTED_EDGE('',*,*,#7491,.T.);
#4253=ORIENTED_EDGE('',*,*,#7567,.F.);
#4254=ORIENTED_EDGE('',*,*,#7575,.T.);
#4255=ORIENTED_EDGE('',*,*,#7529,.T.);
#4256=ORIENTED_EDGE('',*,*,#7485,.F.);
#4257=ORIENTED_EDGE('',*,*,#7573,.F.);
#4258=ORIENTED_EDGE('',*,*,#7576,.T.);
#4259=ORIENTED_EDGE('',*,*,#7577,.T.);
#4260=ORIENTED_EDGE('',*,*,#7578,.F.);
#4261=ORIENTED_EDGE('',*,*,#7579,.F.);
#4262=ORIENTED_EDGE('',*,*,#7580,.T.);
#4263=ORIENTED_EDGE('',*,*,#7581,.T.);
#4264=ORIENTED_EDGE('',*,*,#7582,.T.);
#4265=ORIENTED_EDGE('',*,*,#7534,.F.);
#4266=ORIENTED_EDGE('',*,*,#7578,.T.);
#4267=ORIENTED_EDGE('',*,*,#7583,.T.);
#4268=ORIENTED_EDGE('',*,*,#7581,.F.);
#4269=ORIENTED_EDGE('',*,*,#7584,.T.);
#4270=ORIENTED_EDGE('',*,*,#7563,.T.);
#4271=ORIENTED_EDGE('',*,*,#7585,.T.);
#4272=ORIENTED_EDGE('',*,*,#7579,.T.);
#4273=ORIENTED_EDGE('',*,*,#7586,.T.);
#4274=ORIENTED_EDGE('',*,*,#7576,.F.);
#4275=ORIENTED_EDGE('',*,*,#7577,.F.);
#4276=ORIENTED_EDGE('',*,*,#7587,.T.);
#4277=ORIENTED_EDGE('',*,*,#7588,.F.);
#4278=ORIENTED_EDGE('',*,*,#7589,.F.);
#4279=ORIENTED_EDGE('',*,*,#7590,.T.);
#4280=ORIENTED_EDGE('',*,*,#7591,.T.);
#4281=ORIENTED_EDGE('',*,*,#7592,.F.);
#4282=ORIENTED_EDGE('',*,*,#7582,.F.);
#4283=ORIENTED_EDGE('',*,*,#7501,.T.);
#4284=ORIENTED_EDGE('',*,*,#7593,.T.);
#4285=ORIENTED_EDGE('',*,*,#7590,.F.);
#4286=ORIENTED_EDGE('',*,*,#7583,.F.);
#4287=ORIENTED_EDGE('',*,*,#7589,.T.);
#4288=ORIENTED_EDGE('',*,*,#7594,.F.);
#4289=ORIENTED_EDGE('',*,*,#7595,.F.);
#4290=ORIENTED_EDGE('',*,*,#7592,.T.);
#4291=ORIENTED_EDGE('',*,*,#7596,.T.);
#4292=ORIENTED_EDGE('',*,*,#7499,.T.);
#4293=ORIENTED_EDGE('',*,*,#7597,.T.);
#4294=ORIENTED_EDGE('',*,*,#7598,.T.);
#4295=ORIENTED_EDGE('',*,*,#7587,.F.);
#4296=ORIENTED_EDGE('',*,*,#7586,.F.);
#4297=ORIENTED_EDGE('',*,*,#7536,.F.);
#4298=ORIENTED_EDGE('',*,*,#7599,.T.);
#4299=ORIENTED_EDGE('',*,*,#7561,.T.);
#4300=ORIENTED_EDGE('',*,*,#7600,.T.);
#4301=ORIENTED_EDGE('',*,*,#7560,.T.);
#4302=ORIENTED_EDGE('',*,*,#7601,.T.);
#4303=ORIENTED_EDGE('',*,*,#7523,.F.);
#4304=ORIENTED_EDGE('',*,*,#7600,.F.);
#4305=ORIENTED_EDGE('',*,*,#7502,.F.);
#4306=ORIENTED_EDGE('',*,*,#7595,.T.);
#4307=ORIENTED_EDGE('',*,*,#7602,.T.);
#4308=ORIENTED_EDGE('',*,*,#7597,.F.);
#4309=ORIENTED_EDGE('',*,*,#7602,.F.);
#4310=ORIENTED_EDGE('',*,*,#7603,.T.);
#4311=ORIENTED_EDGE('',*,*,#7604,.T.);
#4312=ORIENTED_EDGE('',*,*,#7605,.F.);
#4313=ORIENTED_EDGE('',*,*,#7588,.T.);
#4314=ORIENTED_EDGE('',*,*,#7606,.T.);
#4315=ORIENTED_EDGE('',*,*,#7607,.T.);
#4316=ORIENTED_EDGE('',*,*,#7608,.F.);
#4317=ORIENTED_EDGE('',*,*,#7598,.F.);
#4318=ORIENTED_EDGE('',*,*,#7605,.T.);
#4319=ORIENTED_EDGE('',*,*,#7609,.T.);
#4320=ORIENTED_EDGE('',*,*,#7606,.F.);
#4321=ORIENTED_EDGE('',*,*,#7594,.T.);
#4322=ORIENTED_EDGE('',*,*,#7608,.T.);
#4323=ORIENTED_EDGE('',*,*,#7610,.T.);
#4324=ORIENTED_EDGE('',*,*,#7603,.F.);
#4325=ORIENTED_EDGE('',*,*,#7611,.T.);
#4326=ORIENTED_EDGE('',*,*,#7612,.T.);
#4327=ORIENTED_EDGE('',*,*,#7613,.F.);
#4328=ORIENTED_EDGE('',*,*,#7604,.F.);
#4329=ORIENTED_EDGE('',*,*,#7614,.T.);
#4330=ORIENTED_EDGE('',*,*,#7615,.T.);
#4331=ORIENTED_EDGE('',*,*,#7616,.F.);
#4332=ORIENTED_EDGE('',*,*,#7607,.F.);
#4333=ORIENTED_EDGE('',*,*,#7617,.T.);
#4334=ORIENTED_EDGE('',*,*,#7618,.T.);
#4335=ORIENTED_EDGE('',*,*,#7619,.T.);
#4336=ORIENTED_EDGE('',*,*,#7614,.F.);
#4337=ORIENTED_EDGE('',*,*,#7609,.F.);
#4338=ORIENTED_EDGE('',*,*,#7613,.T.);
#4339=ORIENTED_EDGE('',*,*,#7620,.T.);
#4340=ORIENTED_EDGE('',*,*,#7621,.T.);
#4341=ORIENTED_EDGE('',*,*,#7622,.T.);
#4342=ORIENTED_EDGE('',*,*,#7623,.T.);
#4343=ORIENTED_EDGE('',*,*,#7624,.T.);
#4344=ORIENTED_EDGE('',*,*,#7625,.T.);
#4345=ORIENTED_EDGE('',*,*,#7626,.T.);
#4346=ORIENTED_EDGE('',*,*,#7611,.F.);
#4347=ORIENTED_EDGE('',*,*,#7610,.F.);
#4348=ORIENTED_EDGE('',*,*,#7616,.T.);
#4349=ORIENTED_EDGE('',*,*,#7624,.F.);
#4350=ORIENTED_EDGE('',*,*,#7627,.T.);
#4351=ORIENTED_EDGE('',*,*,#7617,.F.);
#4352=ORIENTED_EDGE('',*,*,#7628,.T.);
#4353=ORIENTED_EDGE('',*,*,#7619,.F.);
#4354=ORIENTED_EDGE('',*,*,#7629,.T.);
#4355=ORIENTED_EDGE('',*,*,#7622,.F.);
#4356=ORIENTED_EDGE('',*,*,#7615,.F.);
#4357=ORIENTED_EDGE('',*,*,#7626,.F.);
#4358=ORIENTED_EDGE('',*,*,#7630,.T.);
#4359=ORIENTED_EDGE('',*,*,#7620,.F.);
#4360=ORIENTED_EDGE('',*,*,#7612,.F.);
#4361=ORIENTED_EDGE('',*,*,#7568,.T.);
#4362=ORIENTED_EDGE('',*,*,#7488,.T.);
#4363=ORIENTED_EDGE('',*,*,#7498,.T.);
#4364=ORIENTED_EDGE('',*,*,#7492,.F.);
#4365=ORIENTED_EDGE('',*,*,#7631,.T.);
#4366=ORIENTED_EDGE('',*,*,#7632,.T.);
#4367=ORIENTED_EDGE('',*,*,#7633,.T.);
#4368=ORIENTED_EDGE('',*,*,#7634,.T.);
#4369=ORIENTED_EDGE('',*,*,#7635,.T.);
#4370=ORIENTED_EDGE('',*,*,#7636,.T.);
#4371=ORIENTED_EDGE('',*,*,#7637,.T.);
#4372=ORIENTED_EDGE('',*,*,#7638,.T.);
#4373=ORIENTED_EDGE('',*,*,#7639,.T.);
#4374=ORIENTED_EDGE('',*,*,#7640,.T.);
#4375=ORIENTED_EDGE('',*,*,#7641,.T.);
#4376=ORIENTED_EDGE('',*,*,#7642,.T.);
#4377=ORIENTED_EDGE('',*,*,#7643,.T.);
#4378=ORIENTED_EDGE('',*,*,#7644,.T.);
#4379=ORIENTED_EDGE('',*,*,#7645,.T.);
#4380=ORIENTED_EDGE('',*,*,#7646,.T.);
#4381=ORIENTED_EDGE('',*,*,#7647,.F.);
#4382=ORIENTED_EDGE('',*,*,#7548,.F.);
#4383=ORIENTED_EDGE('',*,*,#7648,.F.);
#4384=ORIENTED_EDGE('',*,*,#7644,.F.);
#4385=ORIENTED_EDGE('',*,*,#7648,.T.);
#4386=ORIENTED_EDGE('',*,*,#7547,.F.);
#4387=ORIENTED_EDGE('',*,*,#7649,.F.);
#4388=ORIENTED_EDGE('',*,*,#7645,.F.);
#4389=ORIENTED_EDGE('',*,*,#7647,.T.);
#4390=ORIENTED_EDGE('',*,*,#7643,.F.);
#4391=ORIENTED_EDGE('',*,*,#7650,.F.);
#4392=ORIENTED_EDGE('',*,*,#7549,.T.);
#4393=ORIENTED_EDGE('',*,*,#7649,.T.);
#4394=ORIENTED_EDGE('',*,*,#7546,.F.);
#4395=ORIENTED_EDGE('',*,*,#7651,.F.);
#4396=ORIENTED_EDGE('',*,*,#7646,.F.);
#4397=ORIENTED_EDGE('',*,*,#7650,.T.);
#4398=ORIENTED_EDGE('',*,*,#7642,.F.);
#4399=ORIENTED_EDGE('',*,*,#7652,.F.);
#4400=ORIENTED_EDGE('',*,*,#7550,.F.);
#4401=ORIENTED_EDGE('',*,*,#7651,.T.);
#4402=ORIENTED_EDGE('',*,*,#7545,.F.);
#4403=ORIENTED_EDGE('',*,*,#7653,.F.);
#4404=ORIENTED_EDGE('',*,*,#7639,.F.);
#4405=ORIENTED_EDGE('',*,*,#7652,.T.);
#4406=ORIENTED_EDGE('',*,*,#7641,.F.);
#4407=ORIENTED_EDGE('',*,*,#7654,.F.);
#4408=ORIENTED_EDGE('',*,*,#7543,.T.);
#4409=ORIENTED_EDGE('',*,*,#7653,.T.);
#4410=ORIENTED_EDGE('',*,*,#7544,.F.);
#4411=ORIENTED_EDGE('',*,*,#7654,.T.);
#4412=ORIENTED_EDGE('',*,*,#7640,.F.);
#4413=ORIENTED_EDGE('',*,*,#7655,.F.);
#4414=ORIENTED_EDGE('',*,*,#7556,.F.);
#4415=ORIENTED_EDGE('',*,*,#7656,.F.);
#4416=ORIENTED_EDGE('',*,*,#7636,.F.);
#4417=ORIENTED_EDGE('',*,*,#7656,.T.);
#4418=ORIENTED_EDGE('',*,*,#7555,.F.);
#4419=ORIENTED_EDGE('',*,*,#7657,.F.);
#4420=ORIENTED_EDGE('',*,*,#7637,.F.);
#4421=ORIENTED_EDGE('',*,*,#7655,.T.);
#4422=ORIENTED_EDGE('',*,*,#7635,.F.);
#4423=ORIENTED_EDGE('',*,*,#7658,.F.);
#4424=ORIENTED_EDGE('',*,*,#7557,.T.);
#4425=ORIENTED_EDGE('',*,*,#7657,.T.);
#4426=ORIENTED_EDGE('',*,*,#7554,.F.);
#4427=ORIENTED_EDGE('',*,*,#7659,.F.);
#4428=ORIENTED_EDGE('',*,*,#7638,.F.);
#4429=ORIENTED_EDGE('',*,*,#7658,.T.);
#4430=ORIENTED_EDGE('',*,*,#7634,.F.);
#4431=ORIENTED_EDGE('',*,*,#7660,.F.);
#4432=ORIENTED_EDGE('',*,*,#7558,.F.);
#4433=ORIENTED_EDGE('',*,*,#7659,.T.);
#4434=ORIENTED_EDGE('',*,*,#7553,.F.);
#4435=ORIENTED_EDGE('',*,*,#7661,.F.);
#4436=ORIENTED_EDGE('',*,*,#7631,.F.);
#4437=ORIENTED_EDGE('',*,*,#7660,.T.);
#4438=ORIENTED_EDGE('',*,*,#7633,.F.);
#4439=ORIENTED_EDGE('',*,*,#7662,.F.);
#4440=ORIENTED_EDGE('',*,*,#7551,.T.);
#4441=ORIENTED_EDGE('',*,*,#7661,.T.);
#4442=ORIENTED_EDGE('',*,*,#7552,.F.);
#4443=ORIENTED_EDGE('',*,*,#7662,.T.);
#4444=ORIENTED_EDGE('',*,*,#7632,.F.);
#4445=ORIENTED_EDGE('',*,*,#7663,.T.);
#4446=ORIENTED_EDGE('',*,*,#7664,.T.);
#4447=ORIENTED_EDGE('',*,*,#7665,.T.);
#4448=ORIENTED_EDGE('',*,*,#7666,.T.);
#4449=ORIENTED_EDGE('',*,*,#7667,.T.);
#4450=ORIENTED_EDGE('',*,*,#7668,.T.);
#4451=ORIENTED_EDGE('',*,*,#7669,.T.);
#4452=ORIENTED_EDGE('',*,*,#7670,.T.);
#4453=ORIENTED_EDGE('',*,*,#7671,.T.);
#4454=ORIENTED_EDGE('',*,*,#7672,.T.);
#4455=ORIENTED_EDGE('',*,*,#7673,.T.);
#4456=ORIENTED_EDGE('',*,*,#7674,.T.);
#4457=ORIENTED_EDGE('',*,*,#7675,.T.);
#4458=ORIENTED_EDGE('',*,*,#7676,.T.);
#4459=ORIENTED_EDGE('',*,*,#7677,.T.);
#4460=ORIENTED_EDGE('',*,*,#7678,.T.);
#4461=ORIENTED_EDGE('',*,*,#7679,.F.);
#4462=ORIENTED_EDGE('',*,*,#7518,.F.);
#4463=ORIENTED_EDGE('',*,*,#7680,.F.);
#4464=ORIENTED_EDGE('',*,*,#7668,.F.);
#4465=ORIENTED_EDGE('',*,*,#7680,.T.);
#4466=ORIENTED_EDGE('',*,*,#7517,.F.);
#4467=ORIENTED_EDGE('',*,*,#7681,.F.);
#4468=ORIENTED_EDGE('',*,*,#7669,.F.);
#4469=ORIENTED_EDGE('',*,*,#7679,.T.);
#4470=ORIENTED_EDGE('',*,*,#7667,.F.);
#4471=ORIENTED_EDGE('',*,*,#7682,.F.);
#4472=ORIENTED_EDGE('',*,*,#7519,.F.);
#4473=ORIENTED_EDGE('',*,*,#7681,.T.);
#4474=ORIENTED_EDGE('',*,*,#7516,.F.);
#4475=ORIENTED_EDGE('',*,*,#7683,.F.);
#4476=ORIENTED_EDGE('',*,*,#7670,.F.);
#4477=ORIENTED_EDGE('',*,*,#7682,.T.);
#4478=ORIENTED_EDGE('',*,*,#7666,.F.);
#4479=ORIENTED_EDGE('',*,*,#7684,.F.);
#4480=ORIENTED_EDGE('',*,*,#7520,.F.);
#4481=ORIENTED_EDGE('',*,*,#7683,.T.);
#4482=ORIENTED_EDGE('',*,*,#7515,.T.);
#4483=ORIENTED_EDGE('',*,*,#7685,.F.);
#4484=ORIENTED_EDGE('',*,*,#7663,.F.);
#4485=ORIENTED_EDGE('',*,*,#7684,.T.);
#4486=ORIENTED_EDGE('',*,*,#7665,.F.);
#4487=ORIENTED_EDGE('',*,*,#7686,.F.);
#4488=ORIENTED_EDGE('',*,*,#7521,.T.);
#4489=ORIENTED_EDGE('',*,*,#7685,.T.);
#4490=ORIENTED_EDGE('',*,*,#7522,.F.);
#4491=ORIENTED_EDGE('',*,*,#7686,.T.);
#4492=ORIENTED_EDGE('',*,*,#7664,.F.);
#4493=ORIENTED_EDGE('',*,*,#7687,.F.);
#4494=ORIENTED_EDGE('',*,*,#7510,.F.);
#4495=ORIENTED_EDGE('',*,*,#7688,.F.);
#4496=ORIENTED_EDGE('',*,*,#7676,.F.);
#4497=ORIENTED_EDGE('',*,*,#7688,.T.);
#4498=ORIENTED_EDGE('',*,*,#7509,.F.);
#4499=ORIENTED_EDGE('',*,*,#7689,.F.);
#4500=ORIENTED_EDGE('',*,*,#7677,.F.);
#4501=ORIENTED_EDGE('',*,*,#7687,.T.);
#4502=ORIENTED_EDGE('',*,*,#7675,.F.);
#4503=ORIENTED_EDGE('',*,*,#7690,.F.);
#4504=ORIENTED_EDGE('',*,*,#7511,.F.);
#4505=ORIENTED_EDGE('',*,*,#7689,.T.);
#4506=ORIENTED_EDGE('',*,*,#7508,.F.);
#4507=ORIENTED_EDGE('',*,*,#7691,.F.);
#4508=ORIENTED_EDGE('',*,*,#7678,.F.);
#4509=ORIENTED_EDGE('',*,*,#7690,.T.);
#4510=ORIENTED_EDGE('',*,*,#7674,.F.);
#4511=ORIENTED_EDGE('',*,*,#7692,.F.);
#4512=ORIENTED_EDGE('',*,*,#7512,.F.);
#4513=ORIENTED_EDGE('',*,*,#7691,.T.);
#4514=ORIENTED_EDGE('',*,*,#7507,.T.);
#4515=ORIENTED_EDGE('',*,*,#7693,.F.);
#4516=ORIENTED_EDGE('',*,*,#7671,.F.);
#4517=ORIENTED_EDGE('',*,*,#7692,.T.);
#4518=ORIENTED_EDGE('',*,*,#7673,.F.);
#4519=ORIENTED_EDGE('',*,*,#7694,.F.);
#4520=ORIENTED_EDGE('',*,*,#7513,.T.);
#4521=ORIENTED_EDGE('',*,*,#7693,.T.);
#4522=ORIENTED_EDGE('',*,*,#7514,.F.);
#4523=ORIENTED_EDGE('',*,*,#7694,.T.);
#4524=ORIENTED_EDGE('',*,*,#7672,.F.);
#4525=ORIENTED_EDGE('',*,*,#7570,.F.);
#4526=ORIENTED_EDGE('',*,*,#7574,.F.);
#4527=ORIENTED_EDGE('',*,*,#7527,.F.);
#4528=ORIENTED_EDGE('',*,*,#7506,.F.);
#4529=ORIENTED_EDGE('',*,*,#7566,.F.);
#4530=ORIENTED_EDGE('',*,*,#7539,.F.);
#4531=ORIENTED_EDGE('',*,*,#7530,.F.);
#4532=ORIENTED_EDGE('',*,*,#7575,.F.);
#4533=ORIENTED_EDGE('',*,*,#7585,.F.);
#4534=ORIENTED_EDGE('',*,*,#7562,.F.);
#4535=ORIENTED_EDGE('',*,*,#7599,.F.);
#4536=ORIENTED_EDGE('',*,*,#7535,.F.);
#4537=ORIENTED_EDGE('',*,*,#7584,.F.);
#4538=ORIENTED_EDGE('',*,*,#7580,.F.);
#4539=ORIENTED_EDGE('',*,*,#7565,.F.);
#4540=ORIENTED_EDGE('',*,*,#7572,.F.);
#4541=ORIENTED_EDGE('',*,*,#7532,.F.);
#4542=ORIENTED_EDGE('',*,*,#7538,.F.);
#4543=ORIENTED_EDGE('',*,*,#7571,.F.);
#4544=ORIENTED_EDGE('',*,*,#7504,.F.);
#4545=ORIENTED_EDGE('',*,*,#7526,.F.);
#4546=ORIENTED_EDGE('',*,*,#7542,.F.);
#4547=ORIENTED_EDGE('',*,*,#7593,.F.);
#4548=ORIENTED_EDGE('',*,*,#7500,.F.);
#4549=ORIENTED_EDGE('',*,*,#7596,.F.);
#4550=ORIENTED_EDGE('',*,*,#7591,.F.);
#4551=ORIENTED_EDGE('',*,*,#7623,.F.);
#4552=ORIENTED_EDGE('',*,*,#7629,.F.);
#4553=ORIENTED_EDGE('',*,*,#7618,.F.);
#4554=ORIENTED_EDGE('',*,*,#7627,.F.);
#4555=ORIENTED_EDGE('',*,*,#7621,.F.);
#4556=ORIENTED_EDGE('',*,*,#7630,.F.);
#4557=ORIENTED_EDGE('',*,*,#7625,.F.);
#4558=ORIENTED_EDGE('',*,*,#7628,.F.);
#4559=ORIENTED_EDGE('',*,*,#7559,.F.);
#4560=ORIENTED_EDGE('',*,*,#7540,.F.);
#4561=ORIENTED_EDGE('',*,*,#7524,.F.);
#4562=ORIENTED_EDGE('',*,*,#7601,.F.);
#4563=ORIENTED_EDGE('',*,*,#7695,.T.);
#4564=ORIENTED_EDGE('',*,*,#7696,.T.);
#4565=ORIENTED_EDGE('',*,*,#7697,.F.);
#4566=ORIENTED_EDGE('',*,*,#7698,.F.);
#4567=ORIENTED_EDGE('',*,*,#7699,.T.);
#4568=ORIENTED_EDGE('',*,*,#7700,.F.);
#4569=ORIENTED_EDGE('',*,*,#7701,.F.);
#4570=ORIENTED_EDGE('',*,*,#7702,.T.);
#4571=ORIENTED_EDGE('',*,*,#7703,.F.);
#4572=ORIENTED_EDGE('',*,*,#7704,.T.);
#4573=ORIENTED_EDGE('',*,*,#7705,.F.);
#4574=ORIENTED_EDGE('',*,*,#7706,.T.);
#4575=ORIENTED_EDGE('',*,*,#7707,.F.);
#4576=ORIENTED_EDGE('',*,*,#7708,.F.);
#4577=ORIENTED_EDGE('',*,*,#7709,.F.);
#4578=ORIENTED_EDGE('',*,*,#7710,.T.);
#4579=ORIENTED_EDGE('',*,*,#7711,.T.);
#4580=ORIENTED_EDGE('',*,*,#7712,.F.);
#4581=ORIENTED_EDGE('',*,*,#7713,.F.);
#4582=ORIENTED_EDGE('',*,*,#7714,.T.);
#4583=ORIENTED_EDGE('',*,*,#7715,.F.);
#4584=ORIENTED_EDGE('',*,*,#7716,.T.);
#4585=ORIENTED_EDGE('',*,*,#7717,.F.);
#4586=ORIENTED_EDGE('',*,*,#7718,.F.);
#4587=ORIENTED_EDGE('',*,*,#7719,.F.);
#4588=ORIENTED_EDGE('',*,*,#7720,.F.);
#4589=ORIENTED_EDGE('',*,*,#7721,.F.);
#4590=ORIENTED_EDGE('',*,*,#7722,.T.);
#4591=ORIENTED_EDGE('',*,*,#7705,.T.);
#4592=ORIENTED_EDGE('',*,*,#7723,.T.);
#4593=ORIENTED_EDGE('',*,*,#7713,.T.);
#4594=ORIENTED_EDGE('',*,*,#7724,.T.);
#4595=ORIENTED_EDGE('',*,*,#7715,.T.);
#4596=ORIENTED_EDGE('',*,*,#7725,.T.);
#4597=ORIENTED_EDGE('',*,*,#7726,.T.);
#4598=ORIENTED_EDGE('',*,*,#7727,.T.);
#4599=ORIENTED_EDGE('',*,*,#7728,.T.);
#4600=ORIENTED_EDGE('',*,*,#7729,.F.);
#4601=ORIENTED_EDGE('',*,*,#7730,.F.);
#4602=ORIENTED_EDGE('',*,*,#7731,.T.);
#4603=ORIENTED_EDGE('',*,*,#7703,.T.);
#4604=ORIENTED_EDGE('',*,*,#7732,.T.);
#4605=ORIENTED_EDGE('',*,*,#7733,.T.);
#4606=ORIENTED_EDGE('',*,*,#7734,.T.);
#4607=ORIENTED_EDGE('',*,*,#7735,.F.);
#4608=ORIENTED_EDGE('',*,*,#7736,.T.);
#4609=ORIENTED_EDGE('',*,*,#7737,.T.);
#4610=ORIENTED_EDGE('',*,*,#7738,.T.);
#4611=ORIENTED_EDGE('',*,*,#7728,.F.);
#4612=ORIENTED_EDGE('',*,*,#7739,.T.);
#4613=ORIENTED_EDGE('',*,*,#7735,.T.);
#4614=ORIENTED_EDGE('',*,*,#7740,.T.);
#4615=ORIENTED_EDGE('',*,*,#7741,.F.);
#4616=ORIENTED_EDGE('',*,*,#7742,.T.);
#4617=ORIENTED_EDGE('',*,*,#7743,.F.);
#4618=ORIENTED_EDGE('',*,*,#7737,.F.);
#4619=ORIENTED_EDGE('',*,*,#7744,.T.);
#4620=ORIENTED_EDGE('',*,*,#7733,.F.);
#4621=ORIENTED_EDGE('',*,*,#7745,.T.);
#4622=ORIENTED_EDGE('',*,*,#7746,.T.);
#4623=ORIENTED_EDGE('',*,*,#7747,.F.);
#4624=ORIENTED_EDGE('',*,*,#7748,.T.);
#4625=ORIENTED_EDGE('',*,*,#7749,.F.);
#4626=ORIENTED_EDGE('',*,*,#7720,.T.);
#4627=ORIENTED_EDGE('',*,*,#7750,.T.);
#4628=ORIENTED_EDGE('',*,*,#7708,.T.);
#4629=ORIENTED_EDGE('',*,*,#7750,.F.);
#4630=ORIENTED_EDGE('',*,*,#7719,.T.);
#4631=ORIENTED_EDGE('',*,*,#7751,.T.);
#4632=ORIENTED_EDGE('',*,*,#7709,.T.);
#4633=ORIENTED_EDGE('',*,*,#7751,.F.);
#4634=ORIENTED_EDGE('',*,*,#7718,.T.);
#4635=ORIENTED_EDGE('',*,*,#7752,.T.);
#4636=ORIENTED_EDGE('',*,*,#7710,.F.);
#4637=ORIENTED_EDGE('',*,*,#7753,.F.);
#4638=ORIENTED_EDGE('',*,*,#7729,.T.);
#4639=ORIENTED_EDGE('',*,*,#7754,.T.);
#4640=ORIENTED_EDGE('',*,*,#7732,.F.);
#4641=ORIENTED_EDGE('',*,*,#7754,.F.);
#4642=ORIENTED_EDGE('',*,*,#7743,.T.);
#4643=ORIENTED_EDGE('',*,*,#7755,.T.);
#4644=ORIENTED_EDGE('',*,*,#7745,.F.);
#4645=ORIENTED_EDGE('',*,*,#7756,.F.);
#4646=ORIENTED_EDGE('',*,*,#7746,.F.);
#4647=ORIENTED_EDGE('',*,*,#7755,.F.);
#4648=ORIENTED_EDGE('',*,*,#7742,.F.);
#4649=ORIENTED_EDGE('',*,*,#7752,.F.);
#4650=ORIENTED_EDGE('',*,*,#7757,.T.);
#4651=ORIENTED_EDGE('',*,*,#7758,.T.);
#4652=ORIENTED_EDGE('',*,*,#7759,.F.);
#4653=ORIENTED_EDGE('',*,*,#7760,.T.);
#4654=ORIENTED_EDGE('',*,*,#7761,.T.);
#4655=ORIENTED_EDGE('',*,*,#7762,.T.);
#4656=ORIENTED_EDGE('',*,*,#7763,.F.);
#4657=ORIENTED_EDGE('',*,*,#7711,.F.);
#4658=ORIENTED_EDGE('',*,*,#7759,.T.);
#4659=ORIENTED_EDGE('',*,*,#7764,.T.);
#4660=ORIENTED_EDGE('',*,*,#7761,.F.);
#4661=ORIENTED_EDGE('',*,*,#7717,.T.);
#4662=ORIENTED_EDGE('',*,*,#7763,.T.);
#4663=ORIENTED_EDGE('',*,*,#7765,.T.);
#4664=ORIENTED_EDGE('',*,*,#7757,.F.);
#4665=ORIENTED_EDGE('',*,*,#7758,.F.);
#4666=ORIENTED_EDGE('',*,*,#7766,.T.);
#4667=ORIENTED_EDGE('',*,*,#7767,.T.);
#4668=ORIENTED_EDGE('',*,*,#7768,.F.);
#4669=ORIENTED_EDGE('',*,*,#7764,.F.);
#4670=ORIENTED_EDGE('',*,*,#7768,.T.);
#4671=ORIENTED_EDGE('',*,*,#7769,.T.);
#4672=ORIENTED_EDGE('',*,*,#7770,.F.);
#4673=ORIENTED_EDGE('',*,*,#7765,.F.);
#4674=ORIENTED_EDGE('',*,*,#7771,.T.);
#4675=ORIENTED_EDGE('',*,*,#7772,.T.);
#4676=ORIENTED_EDGE('',*,*,#7766,.F.);
#4677=ORIENTED_EDGE('',*,*,#7753,.T.);
#4678=ORIENTED_EDGE('',*,*,#7773,.T.);
#4679=ORIENTED_EDGE('',*,*,#7774,.T.);
#4680=ORIENTED_EDGE('',*,*,#7775,.F.);
#4681=ORIENTED_EDGE('',*,*,#7760,.F.);
#4682=ORIENTED_EDGE('',*,*,#7776,.T.);
#4683=ORIENTED_EDGE('',*,*,#7777,.T.);
#4684=ORIENTED_EDGE('',*,*,#7778,.F.);
#4685=ORIENTED_EDGE('',*,*,#7716,.F.);
#4686=ORIENTED_EDGE('',*,*,#7775,.T.);
#4687=ORIENTED_EDGE('',*,*,#7779,.T.);
#4688=ORIENTED_EDGE('',*,*,#7776,.F.);
#4689=ORIENTED_EDGE('',*,*,#7712,.T.);
#4690=ORIENTED_EDGE('',*,*,#7778,.T.);
#4691=ORIENTED_EDGE('',*,*,#7780,.T.);
#4692=ORIENTED_EDGE('',*,*,#7773,.F.);
#4693=ORIENTED_EDGE('',*,*,#7774,.F.);
#4694=ORIENTED_EDGE('',*,*,#7781,.T.);
#4695=ORIENTED_EDGE('',*,*,#7782,.T.);
#4696=ORIENTED_EDGE('',*,*,#7783,.F.);
#4697=ORIENTED_EDGE('',*,*,#7779,.F.);
#4698=ORIENTED_EDGE('',*,*,#7783,.T.);
#4699=ORIENTED_EDGE('',*,*,#7784,.T.);
#4700=ORIENTED_EDGE('',*,*,#7785,.F.);
#4701=ORIENTED_EDGE('',*,*,#7780,.F.);
#4702=ORIENTED_EDGE('',*,*,#7786,.T.);
#4703=ORIENTED_EDGE('',*,*,#7787,.T.);
#4704=ORIENTED_EDGE('',*,*,#7781,.F.);
#4705=ORIENTED_EDGE('',*,*,#7782,.F.);
#4706=ORIENTED_EDGE('',*,*,#7787,.F.);
#4707=ORIENTED_EDGE('',*,*,#7788,.F.);
#4708=ORIENTED_EDGE('',*,*,#7784,.F.);
#4709=ORIENTED_EDGE('',*,*,#7762,.F.);
#4710=ORIENTED_EDGE('',*,*,#7789,.T.);
#4711=ORIENTED_EDGE('',*,*,#7790,.T.);
#4712=ORIENTED_EDGE('',*,*,#7791,.F.);
#4713=ORIENTED_EDGE('',*,*,#7771,.F.);
#4714=ORIENTED_EDGE('',*,*,#7791,.T.);
#4715=ORIENTED_EDGE('',*,*,#7792,.T.);
#4716=ORIENTED_EDGE('',*,*,#7793,.F.);
#4717=ORIENTED_EDGE('',*,*,#7702,.F.);
#4718=ORIENTED_EDGE('',*,*,#7794,.F.);
#4719=ORIENTED_EDGE('',*,*,#7770,.T.);
#4720=ORIENTED_EDGE('',*,*,#7700,.T.);
#4721=ORIENTED_EDGE('',*,*,#7795,.T.);
#4722=ORIENTED_EDGE('',*,*,#7789,.F.);
#4723=ORIENTED_EDGE('',*,*,#7790,.F.);
#4724=ORIENTED_EDGE('',*,*,#7796,.T.);
#4725=ORIENTED_EDGE('',*,*,#7797,.T.);
#4726=ORIENTED_EDGE('',*,*,#7798,.F.);
#4727=ORIENTED_EDGE('',*,*,#7792,.F.);
#4728=ORIENTED_EDGE('',*,*,#7798,.T.);
#4729=ORIENTED_EDGE('',*,*,#7799,.T.);
#4730=ORIENTED_EDGE('',*,*,#7800,.F.);
#4731=ORIENTED_EDGE('',*,*,#7795,.F.);
#4732=ORIENTED_EDGE('',*,*,#7801,.T.);
#4733=ORIENTED_EDGE('',*,*,#7802,.T.);
#4734=ORIENTED_EDGE('',*,*,#7796,.F.);
#4735=ORIENTED_EDGE('',*,*,#7797,.F.);
#4736=ORIENTED_EDGE('',*,*,#7802,.F.);
#4737=ORIENTED_EDGE('',*,*,#7803,.F.);
#4738=ORIENTED_EDGE('',*,*,#7799,.F.);
#4739=ORIENTED_EDGE('',*,*,#7777,.F.);
#4740=ORIENTED_EDGE('',*,*,#7804,.T.);
#4741=ORIENTED_EDGE('',*,*,#7805,.T.);
#4742=ORIENTED_EDGE('',*,*,#7806,.F.);
#4743=ORIENTED_EDGE('',*,*,#7788,.T.);
#4744=ORIENTED_EDGE('',*,*,#7807,.T.);
#4745=ORIENTED_EDGE('',*,*,#7808,.T.);
#4746=ORIENTED_EDGE('',*,*,#7809,.F.);
#4747=ORIENTED_EDGE('',*,*,#7786,.F.);
#4748=ORIENTED_EDGE('',*,*,#7806,.T.);
#4749=ORIENTED_EDGE('',*,*,#7810,.T.);
#4750=ORIENTED_EDGE('',*,*,#7807,.F.);
#4751=ORIENTED_EDGE('',*,*,#7785,.T.);
#4752=ORIENTED_EDGE('',*,*,#7809,.T.);
#4753=ORIENTED_EDGE('',*,*,#7811,.T.);
#4754=ORIENTED_EDGE('',*,*,#7804,.F.);
#4755=ORIENTED_EDGE('',*,*,#7805,.F.);
#4756=ORIENTED_EDGE('',*,*,#7812,.T.);
#4757=ORIENTED_EDGE('',*,*,#7813,.T.);
#4758=ORIENTED_EDGE('',*,*,#7814,.F.);
#4759=ORIENTED_EDGE('',*,*,#7808,.F.);
#4760=ORIENTED_EDGE('',*,*,#7815,.T.);
#4761=ORIENTED_EDGE('',*,*,#7816,.T.);
#4762=ORIENTED_EDGE('',*,*,#7817,.F.);
#4763=ORIENTED_EDGE('',*,*,#7810,.F.);
#4764=ORIENTED_EDGE('',*,*,#7814,.T.);
#4765=ORIENTED_EDGE('',*,*,#7818,.T.);
#4766=ORIENTED_EDGE('',*,*,#7815,.F.);
#4767=ORIENTED_EDGE('',*,*,#7811,.F.);
#4768=ORIENTED_EDGE('',*,*,#7817,.T.);
#4769=ORIENTED_EDGE('',*,*,#7819,.T.);
#4770=ORIENTED_EDGE('',*,*,#7812,.F.);
#4771=ORIENTED_EDGE('',*,*,#7813,.F.);
#4772=ORIENTED_EDGE('',*,*,#7819,.F.);
#4773=ORIENTED_EDGE('',*,*,#7816,.F.);
#4774=ORIENTED_EDGE('',*,*,#7818,.F.);
#4775=ORIENTED_EDGE('',*,*,#7741,.T.);
#4776=ORIENTED_EDGE('',*,*,#7820,.T.);
#4777=ORIENTED_EDGE('',*,*,#7747,.T.);
#4778=ORIENTED_EDGE('',*,*,#7756,.T.);
#4779=ORIENTED_EDGE('',*,*,#7726,.F.);
#4780=ORIENTED_EDGE('',*,*,#7821,.T.);
#4781=ORIENTED_EDGE('',*,*,#7730,.T.);
#4782=ORIENTED_EDGE('',*,*,#7822,.T.);
#4783=ORIENTED_EDGE('',*,*,#7707,.T.);
#4784=ORIENTED_EDGE('',*,*,#7823,.T.);
#4785=ORIENTED_EDGE('',*,*,#7721,.T.);
#4786=ORIENTED_EDGE('',*,*,#7749,.T.);
#4787=ORIENTED_EDGE('',*,*,#7824,.T.);
#4788=ORIENTED_EDGE('',*,*,#7825,.T.);
#4789=ORIENTED_EDGE('',*,*,#7826,.F.);
#4790=ORIENTED_EDGE('',*,*,#7767,.F.);
#4791=ORIENTED_EDGE('',*,*,#7827,.F.);
#4792=ORIENTED_EDGE('',*,*,#7828,.T.);
#4793=ORIENTED_EDGE('',*,*,#7829,.T.);
#4794=ORIENTED_EDGE('',*,*,#7830,.T.);
#4795=ORIENTED_EDGE('',*,*,#7824,.F.);
#4796=ORIENTED_EDGE('',*,*,#7772,.F.);
#4797=ORIENTED_EDGE('',*,*,#7831,.F.);
#4798=ORIENTED_EDGE('',*,*,#7832,.T.);
#4799=ORIENTED_EDGE('',*,*,#7833,.F.);
#4800=ORIENTED_EDGE('',*,*,#7834,.T.);
#4801=ORIENTED_EDGE('',*,*,#7701,.T.);
#4802=ORIENTED_EDGE('',*,*,#7769,.F.);
#4803=ORIENTED_EDGE('',*,*,#7826,.T.);
#4804=ORIENTED_EDGE('',*,*,#7835,.T.);
#4805=ORIENTED_EDGE('',*,*,#7836,.T.);
#4806=ORIENTED_EDGE('',*,*,#7837,.T.);
#4807=ORIENTED_EDGE('',*,*,#7838,.T.);
#4808=ORIENTED_EDGE('',*,*,#7839,.F.);
#4809=ORIENTED_EDGE('',*,*,#7840,.F.);
#4810=ORIENTED_EDGE('',*,*,#7841,.T.);
#4811=ORIENTED_EDGE('',*,*,#7842,.T.);
#4812=ORIENTED_EDGE('',*,*,#7843,.T.);
#4813=ORIENTED_EDGE('',*,*,#7844,.T.);
#4814=ORIENTED_EDGE('',*,*,#7845,.T.);
#4815=ORIENTED_EDGE('',*,*,#7829,.F.);
#4816=ORIENTED_EDGE('',*,*,#7846,.T.);
#4817=ORIENTED_EDGE('',*,*,#7847,.F.);
#4818=ORIENTED_EDGE('',*,*,#7840,.T.);
#4819=ORIENTED_EDGE('',*,*,#7848,.F.);
#4820=ORIENTED_EDGE('',*,*,#7849,.T.);
#4821=ORIENTED_EDGE('',*,*,#7850,.F.);
#4822=ORIENTED_EDGE('',*,*,#7851,.T.);
#4823=ORIENTED_EDGE('',*,*,#7695,.F.);
#4824=ORIENTED_EDGE('',*,*,#7852,.F.);
#4825=ORIENTED_EDGE('',*,*,#7853,.T.);
#4826=ORIENTED_EDGE('',*,*,#7854,.F.);
#4827=ORIENTED_EDGE('',*,*,#7855,.T.);
#4828=ORIENTED_EDGE('',*,*,#7856,.F.);
#4829=ORIENTED_EDGE('',*,*,#7857,.T.);
#4830=ORIENTED_EDGE('',*,*,#7858,.T.);
#4831=ORIENTED_EDGE('',*,*,#7859,.T.);
#4832=ORIENTED_EDGE('',*,*,#7860,.F.);
#4833=ORIENTED_EDGE('',*,*,#7861,.T.);
#4834=ORIENTED_EDGE('',*,*,#7862,.F.);
#4835=ORIENTED_EDGE('',*,*,#7863,.T.);
#4836=ORIENTED_EDGE('',*,*,#7864,.F.);
#4837=ORIENTED_EDGE('',*,*,#7865,.T.);
#4838=ORIENTED_EDGE('',*,*,#7866,.T.);
#4839=ORIENTED_EDGE('',*,*,#7867,.F.);
#4840=ORIENTED_EDGE('',*,*,#7868,.F.);
#4841=ORIENTED_EDGE('',*,*,#7869,.T.);
#4842=ORIENTED_EDGE('',*,*,#7870,.T.);
#4843=ORIENTED_EDGE('',*,*,#7871,.T.);
#4844=ORIENTED_EDGE('',*,*,#7872,.T.);
#4845=ORIENTED_EDGE('',*,*,#7873,.F.);
#4846=ORIENTED_EDGE('',*,*,#7874,.T.);
#4847=ORIENTED_EDGE('',*,*,#7697,.T.);
#4848=ORIENTED_EDGE('',*,*,#7875,.T.);
#4849=ORIENTED_EDGE('',*,*,#7876,.T.);
#4850=ORIENTED_EDGE('',*,*,#7877,.T.);
#4851=ORIENTED_EDGE('',*,*,#7878,.T.);
#4852=ORIENTED_EDGE('',*,*,#7838,.F.);
#4853=ORIENTED_EDGE('',*,*,#7879,.F.);
#4854=ORIENTED_EDGE('',*,*,#7836,.F.);
#4855=ORIENTED_EDGE('',*,*,#7880,.T.);
#4856=ORIENTED_EDGE('',*,*,#7881,.F.);
#4857=ORIENTED_EDGE('',*,*,#7881,.T.);
#4858=ORIENTED_EDGE('',*,*,#7882,.T.);
#4859=ORIENTED_EDGE('',*,*,#7844,.F.);
#4860=ORIENTED_EDGE('',*,*,#7883,.T.);
#4861=ORIENTED_EDGE('',*,*,#7884,.F.);
#4862=ORIENTED_EDGE('',*,*,#7885,.T.);
#4863=ORIENTED_EDGE('',*,*,#7859,.F.);
#4864=ORIENTED_EDGE('',*,*,#7886,.T.);
#4865=ORIENTED_EDGE('',*,*,#7887,.F.);
#4866=ORIENTED_EDGE('',*,*,#7888,.T.);
#4867=ORIENTED_EDGE('',*,*,#7853,.F.);
#4868=ORIENTED_EDGE('',*,*,#7889,.T.);
#4869=ORIENTED_EDGE('',*,*,#7873,.T.);
#4870=ORIENTED_EDGE('',*,*,#7890,.T.);
#4871=ORIENTED_EDGE('',*,*,#7867,.T.);
#4872=ORIENTED_EDGE('',*,*,#7891,.T.);
#4873=ORIENTED_EDGE('',*,*,#7889,.F.);
#4874=ORIENTED_EDGE('',*,*,#7852,.T.);
#4875=ORIENTED_EDGE('',*,*,#7698,.T.);
#4876=ORIENTED_EDGE('',*,*,#7874,.F.);
#4877=ORIENTED_EDGE('',*,*,#7878,.F.);
#4878=ORIENTED_EDGE('',*,*,#7892,.T.);
#4879=ORIENTED_EDGE('',*,*,#7848,.T.);
#4880=ORIENTED_EDGE('',*,*,#7839,.T.);
#4881=ORIENTED_EDGE('',*,*,#7803,.T.);
#4882=ORIENTED_EDGE('',*,*,#7893,.T.);
#4883=ORIENTED_EDGE('',*,*,#7894,.T.);
#4884=ORIENTED_EDGE('',*,*,#7895,.F.);
#4885=ORIENTED_EDGE('',*,*,#7896,.T.);
#4886=ORIENTED_EDGE('',*,*,#7897,.T.);
#4887=ORIENTED_EDGE('',*,*,#7800,.T.);
#4888=ORIENTED_EDGE('',*,*,#7895,.T.);
#4889=ORIENTED_EDGE('',*,*,#7699,.F.);
#4890=ORIENTED_EDGE('',*,*,#7898,.T.);
#4891=ORIENTED_EDGE('',*,*,#7899,.F.);
#4892=ORIENTED_EDGE('',*,*,#7900,.F.);
#4893=ORIENTED_EDGE('',*,*,#7901,.T.);
#4894=ORIENTED_EDGE('',*,*,#7893,.F.);
#4895=ORIENTED_EDGE('',*,*,#7801,.F.);
#4896=ORIENTED_EDGE('',*,*,#7894,.F.);
#4897=ORIENTED_EDGE('',*,*,#7902,.T.);
#4898=ORIENTED_EDGE('',*,*,#7903,.T.);
#4899=ORIENTED_EDGE('',*,*,#7904,.F.);
#4900=ORIENTED_EDGE('',*,*,#7905,.T.);
#4901=ORIENTED_EDGE('',*,*,#7906,.T.);
#4902=ORIENTED_EDGE('',*,*,#7896,.F.);
#4903=ORIENTED_EDGE('',*,*,#7904,.T.);
#4904=ORIENTED_EDGE('',*,*,#7907,.T.);
#4905=ORIENTED_EDGE('',*,*,#7908,.T.);
#4906=ORIENTED_EDGE('',*,*,#7909,.T.);
#4907=ORIENTED_EDGE('',*,*,#7902,.F.);
#4908=ORIENTED_EDGE('',*,*,#7901,.F.);
#4909=ORIENTED_EDGE('',*,*,#7910,.F.);
#4910=ORIENTED_EDGE('',*,*,#7909,.F.);
#4911=ORIENTED_EDGE('',*,*,#7911,.T.);
#4912=ORIENTED_EDGE('',*,*,#7905,.F.);
#4913=ORIENTED_EDGE('',*,*,#7903,.F.);
#4914=ORIENTED_EDGE('',*,*,#7912,.T.);
#4915=ORIENTED_EDGE('',*,*,#7913,.T.);
#4916=ORIENTED_EDGE('',*,*,#7827,.T.);
#4917=ORIENTED_EDGE('',*,*,#7794,.T.);
#4918=ORIENTED_EDGE('',*,*,#7834,.F.);
#4919=ORIENTED_EDGE('',*,*,#7914,.F.);
#4920=ORIENTED_EDGE('',*,*,#7915,.T.);
#4921=ORIENTED_EDGE('',*,*,#7916,.T.);
#4922=ORIENTED_EDGE('',*,*,#7912,.F.);
#4923=ORIENTED_EDGE('',*,*,#7833,.T.);
#4924=ORIENTED_EDGE('',*,*,#7917,.T.);
#4925=ORIENTED_EDGE('',*,*,#7918,.T.);
#4926=ORIENTED_EDGE('',*,*,#7899,.T.);
#4927=ORIENTED_EDGE('',*,*,#7919,.T.);
#4928=ORIENTED_EDGE('',*,*,#7831,.T.);
#4929=ORIENTED_EDGE('',*,*,#7920,.T.);
#4930=ORIENTED_EDGE('',*,*,#7847,.T.);
#4931=ORIENTED_EDGE('',*,*,#7921,.T.);
#4932=ORIENTED_EDGE('',*,*,#7914,.T.);
#4933=ORIENTED_EDGE('',*,*,#7922,.T.);
#4934=ORIENTED_EDGE('',*,*,#7907,.F.);
#4935=ORIENTED_EDGE('',*,*,#7923,.F.);
#4936=ORIENTED_EDGE('',*,*,#7837,.F.);
#4937=ORIENTED_EDGE('',*,*,#7920,.F.);
#4938=ORIENTED_EDGE('',*,*,#7879,.T.);
#4939=ORIENTED_EDGE('',*,*,#7923,.T.);
#4940=ORIENTED_EDGE('',*,*,#7910,.T.);
#4941=ORIENTED_EDGE('',*,*,#7900,.T.);
#4942=ORIENTED_EDGE('',*,*,#7922,.F.);
#4943=ORIENTED_EDGE('',*,*,#7918,.F.);
#4944=ORIENTED_EDGE('',*,*,#7924,.F.);
#4945=ORIENTED_EDGE('',*,*,#7906,.F.);
#4946=ORIENTED_EDGE('',*,*,#7911,.F.);
#4947=ORIENTED_EDGE('',*,*,#7908,.F.);
#4948=ORIENTED_EDGE('',*,*,#7793,.T.);
#4949=ORIENTED_EDGE('',*,*,#7897,.F.);
#4950=ORIENTED_EDGE('',*,*,#7924,.T.);
#4951=ORIENTED_EDGE('',*,*,#7917,.F.);
#4952=ORIENTED_EDGE('',*,*,#7832,.F.);
#4953=ORIENTED_EDGE('',*,*,#7919,.F.);
#4954=ORIENTED_EDGE('',*,*,#7898,.F.);
#4955=ORIENTED_EDGE('',*,*,#7913,.F.);
#4956=ORIENTED_EDGE('',*,*,#7916,.F.);
#4957=ORIENTED_EDGE('',*,*,#7925,.F.);
#4958=ORIENTED_EDGE('',*,*,#7828,.F.);
#4959=ORIENTED_EDGE('',*,*,#7921,.F.);
#4960=ORIENTED_EDGE('',*,*,#7846,.F.);
#4961=ORIENTED_EDGE('',*,*,#7925,.T.);
#4962=ORIENTED_EDGE('',*,*,#7915,.F.);
#4963=ORIENTED_EDGE('',*,*,#7926,.F.);
#4964=ORIENTED_EDGE('',*,*,#7850,.T.);
#4965=ORIENTED_EDGE('',*,*,#7927,.T.);
#4966=ORIENTED_EDGE('',*,*,#7876,.F.);
#4967=ORIENTED_EDGE('',*,*,#7928,.F.);
#4968=ORIENTED_EDGE('',*,*,#7929,.T.);
#4969=ORIENTED_EDGE('',*,*,#7890,.F.);
#4970=ORIENTED_EDGE('',*,*,#7930,.T.);
#4971=ORIENTED_EDGE('',*,*,#7931,.T.);
#4972=ORIENTED_EDGE('',*,*,#7932,.T.);
#4973=ORIENTED_EDGE('',*,*,#7933,.T.);
#4974=ORIENTED_EDGE('',*,*,#7934,.T.);
#4975=ORIENTED_EDGE('',*,*,#7935,.T.);
#4976=ORIENTED_EDGE('',*,*,#7936,.T.);
#4977=ORIENTED_EDGE('',*,*,#7937,.T.);
#4978=ORIENTED_EDGE('',*,*,#7938,.T.);
#4979=ORIENTED_EDGE('',*,*,#7939,.T.);
#4980=ORIENTED_EDGE('',*,*,#7940,.T.);
#4981=ORIENTED_EDGE('',*,*,#7891,.F.);
#4982=ORIENTED_EDGE('',*,*,#7941,.T.);
#4983=ORIENTED_EDGE('',*,*,#7942,.T.);
#4984=ORIENTED_EDGE('',*,*,#7943,.T.);
#4985=ORIENTED_EDGE('',*,*,#7944,.T.);
#4986=ORIENTED_EDGE('',*,*,#7945,.T.);
#4987=ORIENTED_EDGE('',*,*,#7946,.T.);
#4988=ORIENTED_EDGE('',*,*,#7947,.T.);
#4989=ORIENTED_EDGE('',*,*,#7948,.T.);
#4990=ORIENTED_EDGE('',*,*,#7949,.T.);
#4991=ORIENTED_EDGE('',*,*,#7950,.T.);
#4992=ORIENTED_EDGE('',*,*,#7951,.T.);
#4993=ORIENTED_EDGE('',*,*,#7887,.T.);
#4994=ORIENTED_EDGE('',*,*,#7952,.T.);
#4995=ORIENTED_EDGE('',*,*,#7953,.T.);
#4996=ORIENTED_EDGE('',*,*,#7954,.T.);
#4997=ORIENTED_EDGE('',*,*,#7955,.T.);
#4998=ORIENTED_EDGE('',*,*,#7956,.T.);
#4999=ORIENTED_EDGE('',*,*,#7884,.T.);
#5000=ORIENTED_EDGE('',*,*,#7957,.T.);
#5001=ORIENTED_EDGE('',*,*,#7958,.T.);
#5002=ORIENTED_EDGE('',*,*,#7959,.T.);
#5003=ORIENTED_EDGE('',*,*,#7960,.F.);
#5004=ORIENTED_EDGE('',*,*,#7930,.F.);
#5005=ORIENTED_EDGE('',*,*,#7961,.F.);
#5006=ORIENTED_EDGE('',*,*,#7936,.F.);
#5007=ORIENTED_EDGE('',*,*,#7961,.T.);
#5008=ORIENTED_EDGE('',*,*,#7872,.F.);
#5009=ORIENTED_EDGE('',*,*,#7962,.F.);
#5010=ORIENTED_EDGE('',*,*,#7937,.F.);
#5011=ORIENTED_EDGE('',*,*,#7960,.T.);
#5012=ORIENTED_EDGE('',*,*,#7935,.F.);
#5013=ORIENTED_EDGE('',*,*,#7963,.F.);
#5014=ORIENTED_EDGE('',*,*,#7928,.T.);
#5015=ORIENTED_EDGE('',*,*,#7962,.T.);
#5016=ORIENTED_EDGE('',*,*,#7871,.F.);
#5017=ORIENTED_EDGE('',*,*,#7964,.F.);
#5018=ORIENTED_EDGE('',*,*,#7938,.F.);
#5019=ORIENTED_EDGE('',*,*,#7963,.T.);
#5020=ORIENTED_EDGE('',*,*,#7934,.F.);
#5021=ORIENTED_EDGE('',*,*,#7965,.F.);
#5022=ORIENTED_EDGE('',*,*,#7929,.F.);
#5023=ORIENTED_EDGE('',*,*,#7964,.T.);
#5024=ORIENTED_EDGE('',*,*,#7870,.F.);
#5025=ORIENTED_EDGE('',*,*,#7966,.F.);
#5026=ORIENTED_EDGE('',*,*,#7931,.F.);
#5027=ORIENTED_EDGE('',*,*,#7965,.T.);
#5028=ORIENTED_EDGE('',*,*,#7933,.F.);
#5029=ORIENTED_EDGE('',*,*,#7967,.F.);
#5030=ORIENTED_EDGE('',*,*,#7868,.T.);
#5031=ORIENTED_EDGE('',*,*,#7966,.T.);
#5032=ORIENTED_EDGE('',*,*,#7869,.F.);
#5033=ORIENTED_EDGE('',*,*,#7967,.T.);
#5034=ORIENTED_EDGE('',*,*,#7932,.F.);
#5035=ORIENTED_EDGE('',*,*,#7968,.F.);
#5036=ORIENTED_EDGE('',*,*,#7941,.F.);
#5037=ORIENTED_EDGE('',*,*,#7969,.F.);
#5038=ORIENTED_EDGE('',*,*,#7947,.F.);
#5039=ORIENTED_EDGE('',*,*,#7969,.T.);
#5040=ORIENTED_EDGE('',*,*,#7866,.F.);
#5041=ORIENTED_EDGE('',*,*,#7970,.F.);
#5042=ORIENTED_EDGE('',*,*,#7948,.F.);
#5043=ORIENTED_EDGE('',*,*,#7968,.T.);
#5044=ORIENTED_EDGE('',*,*,#7946,.F.);
#5045=ORIENTED_EDGE('',*,*,#7971,.F.);
#5046=ORIENTED_EDGE('',*,*,#7939,.F.);
#5047=ORIENTED_EDGE('',*,*,#7970,.T.);
#5048=ORIENTED_EDGE('',*,*,#7865,.F.);
#5049=ORIENTED_EDGE('',*,*,#7972,.F.);
#5050=ORIENTED_EDGE('',*,*,#7949,.F.);
#5051=ORIENTED_EDGE('',*,*,#7971,.T.);
#5052=ORIENTED_EDGE('',*,*,#7945,.F.);
#5053=ORIENTED_EDGE('',*,*,#7973,.F.);
#5054=ORIENTED_EDGE('',*,*,#7940,.F.);
#5055=ORIENTED_EDGE('',*,*,#7972,.T.);
#5056=ORIENTED_EDGE('',*,*,#7864,.T.);
#5057=ORIENTED_EDGE('',*,*,#7974,.F.);
#5058=ORIENTED_EDGE('',*,*,#7942,.F.);
#5059=ORIENTED_EDGE('',*,*,#7973,.T.);
#5060=ORIENTED_EDGE('',*,*,#7944,.F.);
#5061=ORIENTED_EDGE('',*,*,#7975,.F.);
#5062=ORIENTED_EDGE('',*,*,#7862,.T.);
#5063=ORIENTED_EDGE('',*,*,#7974,.T.);
#5064=ORIENTED_EDGE('',*,*,#7863,.F.);
#5065=ORIENTED_EDGE('',*,*,#7975,.T.);
#5066=ORIENTED_EDGE('',*,*,#7943,.F.);
#5067=ORIENTED_EDGE('',*,*,#7883,.F.);
#5068=ORIENTED_EDGE('',*,*,#7843,.F.);
#5069=ORIENTED_EDGE('',*,*,#7976,.T.);
#5070=ORIENTED_EDGE('',*,*,#7957,.F.);
#5071=ORIENTED_EDGE('',*,*,#7976,.F.);
#5072=ORIENTED_EDGE('',*,*,#7842,.F.);
#5073=ORIENTED_EDGE('',*,*,#7977,.T.);
#5074=ORIENTED_EDGE('',*,*,#7958,.F.);
#5075=ORIENTED_EDGE('',*,*,#7977,.F.);
#5076=ORIENTED_EDGE('',*,*,#7841,.F.);
#5077=ORIENTED_EDGE('',*,*,#7978,.F.);
#5078=ORIENTED_EDGE('',*,*,#7959,.F.);
#5079=ORIENTED_EDGE('',*,*,#7978,.T.);
#5080=ORIENTED_EDGE('',*,*,#7861,.F.);
#5081=ORIENTED_EDGE('',*,*,#7979,.F.);
#5082=ORIENTED_EDGE('',*,*,#7955,.F.);
#5083=ORIENTED_EDGE('',*,*,#7979,.T.);
#5084=ORIENTED_EDGE('',*,*,#7860,.T.);
#5085=ORIENTED_EDGE('',*,*,#7885,.F.);
#5086=ORIENTED_EDGE('',*,*,#7956,.F.);
#5087=ORIENTED_EDGE('',*,*,#7886,.F.);
#5088=ORIENTED_EDGE('',*,*,#7858,.F.);
#5089=ORIENTED_EDGE('',*,*,#7980,.T.);
#5090=ORIENTED_EDGE('',*,*,#7952,.F.);
#5091=ORIENTED_EDGE('',*,*,#7980,.F.);
#5092=ORIENTED_EDGE('',*,*,#7857,.F.);
#5093=ORIENTED_EDGE('',*,*,#7981,.T.);
#5094=ORIENTED_EDGE('',*,*,#7953,.F.);
#5095=ORIENTED_EDGE('',*,*,#7981,.F.);
#5096=ORIENTED_EDGE('',*,*,#7856,.T.);
#5097=ORIENTED_EDGE('',*,*,#7982,.F.);
#5098=ORIENTED_EDGE('',*,*,#7954,.F.);
#5099=ORIENTED_EDGE('',*,*,#7982,.T.);
#5100=ORIENTED_EDGE('',*,*,#7855,.F.);
#5101=ORIENTED_EDGE('',*,*,#7983,.F.);
#5102=ORIENTED_EDGE('',*,*,#7950,.F.);
#5103=ORIENTED_EDGE('',*,*,#7983,.T.);
#5104=ORIENTED_EDGE('',*,*,#7854,.T.);
#5105=ORIENTED_EDGE('',*,*,#7888,.F.);
#5106=ORIENTED_EDGE('',*,*,#7951,.F.);
#5107=ORIENTED_EDGE('',*,*,#7849,.F.);
#5108=ORIENTED_EDGE('',*,*,#7892,.F.);
#5109=ORIENTED_EDGE('',*,*,#7877,.F.);
#5110=ORIENTED_EDGE('',*,*,#7927,.F.);
#5111=ORIENTED_EDGE('',*,*,#7851,.F.);
#5112=ORIENTED_EDGE('',*,*,#7926,.T.);
#5113=ORIENTED_EDGE('',*,*,#7875,.F.);
#5114=ORIENTED_EDGE('',*,*,#7696,.F.);
#5115=ORIENTED_EDGE('',*,*,#7845,.F.);
#5116=ORIENTED_EDGE('',*,*,#7882,.F.);
#5117=ORIENTED_EDGE('',*,*,#7880,.F.);
#5118=ORIENTED_EDGE('',*,*,#7835,.F.);
#5119=ORIENTED_EDGE('',*,*,#7825,.F.);
#5120=ORIENTED_EDGE('',*,*,#7830,.F.);
#5121=ORIENTED_EDGE('',*,*,#7714,.F.);
#5122=ORIENTED_EDGE('',*,*,#7723,.F.);
#5123=ORIENTED_EDGE('',*,*,#7704,.F.);
#5124=ORIENTED_EDGE('',*,*,#7731,.F.);
#5125=ORIENTED_EDGE('',*,*,#7821,.F.);
#5126=ORIENTED_EDGE('',*,*,#7725,.F.);
#5127=ORIENTED_EDGE('',*,*,#7722,.F.);
#5128=ORIENTED_EDGE('',*,*,#7823,.F.);
#5129=ORIENTED_EDGE('',*,*,#7706,.F.);
#5130=ORIENTED_EDGE('',*,*,#7724,.F.);
#5131=ORIENTED_EDGE('',*,*,#7744,.F.);
#5132=ORIENTED_EDGE('',*,*,#7736,.F.);
#5133=ORIENTED_EDGE('',*,*,#7739,.F.);
#5134=ORIENTED_EDGE('',*,*,#7727,.F.);
#5135=ORIENTED_EDGE('',*,*,#7822,.F.);
#5136=ORIENTED_EDGE('',*,*,#7734,.F.);
#5137=ORIENTED_EDGE('',*,*,#7748,.F.);
#5138=ORIENTED_EDGE('',*,*,#7820,.F.);
#5139=ORIENTED_EDGE('',*,*,#7740,.F.);
#5140=ORIENTED_EDGE('',*,*,#7738,.F.);
#5141=ORIENTED_EDGE('',*,*,#7984,.T.);
#5142=ORIENTED_EDGE('',*,*,#7985,.F.);
#5143=ORIENTED_EDGE('',*,*,#7984,.F.);
#5144=ORIENTED_EDGE('',*,*,#7985,.T.);
#5145=ORIENTED_EDGE('',*,*,#7986,.F.);
#5146=ORIENTED_EDGE('',*,*,#7987,.T.);
#5147=ORIENTED_EDGE('',*,*,#7988,.T.);
#5148=ORIENTED_EDGE('',*,*,#7989,.T.);
#5149=ORIENTED_EDGE('',*,*,#7990,.T.);
#5150=ORIENTED_EDGE('',*,*,#7991,.F.);
#5151=ORIENTED_EDGE('',*,*,#7992,.F.);
#5152=ORIENTED_EDGE('',*,*,#7986,.T.);
#5153=ORIENTED_EDGE('',*,*,#7993,.F.);
#5154=ORIENTED_EDGE('',*,*,#7994,.T.);
#5155=ORIENTED_EDGE('',*,*,#7991,.T.);
#5156=ORIENTED_EDGE('',*,*,#7995,.T.);
#5157=ORIENTED_EDGE('',*,*,#7988,.F.);
#5158=ORIENTED_EDGE('',*,*,#7996,.T.);
#5159=ORIENTED_EDGE('',*,*,#7993,.T.);
#5160=ORIENTED_EDGE('',*,*,#7997,.F.);
#5161=ORIENTED_EDGE('',*,*,#7989,.F.);
#5162=ORIENTED_EDGE('',*,*,#7997,.T.);
#5163=ORIENTED_EDGE('',*,*,#7995,.F.);
#5164=ORIENTED_EDGE('',*,*,#7990,.F.);
#5165=ORIENTED_EDGE('',*,*,#7987,.F.);
#5166=ORIENTED_EDGE('',*,*,#7992,.T.);
#5167=ORIENTED_EDGE('',*,*,#7994,.F.);
#5168=ORIENTED_EDGE('',*,*,#7996,.F.);
#5169=ORIENTED_EDGE('',*,*,#7998,.T.);
#5170=ORIENTED_EDGE('',*,*,#7999,.T.);
#5171=ORIENTED_EDGE('',*,*,#8000,.T.);
#5172=ORIENTED_EDGE('',*,*,#8001,.T.);
#5173=ORIENTED_EDGE('',*,*,#8002,.T.);
#5174=ORIENTED_EDGE('',*,*,#8003,.T.);
#5175=ORIENTED_EDGE('',*,*,#8004,.T.);
#5176=ORIENTED_EDGE('',*,*,#8005,.T.);
#5177=ORIENTED_EDGE('',*,*,#8006,.T.);
#5178=ORIENTED_EDGE('',*,*,#8007,.T.);
#5179=ORIENTED_EDGE('',*,*,#8008,.T.);
#5180=ORIENTED_EDGE('',*,*,#8009,.T.);
#5181=ORIENTED_EDGE('',*,*,#8010,.T.);
#5182=ORIENTED_EDGE('',*,*,#8011,.T.);
#5183=ORIENTED_EDGE('',*,*,#8012,.T.);
#5184=ORIENTED_EDGE('',*,*,#8013,.T.);
#5185=ORIENTED_EDGE('',*,*,#8014,.T.);
#5186=ORIENTED_EDGE('',*,*,#8015,.T.);
#5187=ORIENTED_EDGE('',*,*,#8016,.T.);
#5188=ORIENTED_EDGE('',*,*,#8017,.T.);
#5189=ORIENTED_EDGE('',*,*,#8018,.F.);
#5190=ORIENTED_EDGE('',*,*,#8019,.F.);
#5191=ORIENTED_EDGE('',*,*,#8002,.F.);
#5192=ORIENTED_EDGE('',*,*,#8020,.F.);
#5193=ORIENTED_EDGE('',*,*,#8021,.F.);
#5194=ORIENTED_EDGE('',*,*,#8022,.T.);
#5195=ORIENTED_EDGE('',*,*,#8003,.F.);
#5196=ORIENTED_EDGE('',*,*,#8019,.T.);
#5197=ORIENTED_EDGE('',*,*,#8023,.F.);
#5198=ORIENTED_EDGE('',*,*,#8024,.F.);
#5199=ORIENTED_EDGE('',*,*,#8004,.F.);
#5200=ORIENTED_EDGE('',*,*,#8022,.F.);
#5201=ORIENTED_EDGE('',*,*,#8025,.F.);
#5202=ORIENTED_EDGE('',*,*,#8026,.T.);
#5203=ORIENTED_EDGE('',*,*,#8005,.F.);
#5204=ORIENTED_EDGE('',*,*,#8024,.T.);
#5205=ORIENTED_EDGE('',*,*,#8026,.F.);
#5206=ORIENTED_EDGE('',*,*,#8027,.F.);
#5207=ORIENTED_EDGE('',*,*,#8028,.F.);
#5208=ORIENTED_EDGE('',*,*,#8006,.F.);
#5209=ORIENTED_EDGE('',*,*,#8029,.F.);
#5210=ORIENTED_EDGE('',*,*,#8030,.F.);
#5211=ORIENTED_EDGE('',*,*,#8007,.F.);
#5212=ORIENTED_EDGE('',*,*,#8028,.T.);
#5213=ORIENTED_EDGE('',*,*,#8031,.F.);
#5214=ORIENTED_EDGE('',*,*,#8032,.T.);
#5215=ORIENTED_EDGE('',*,*,#8008,.F.);
#5216=ORIENTED_EDGE('',*,*,#8030,.T.);
#5217=ORIENTED_EDGE('',*,*,#8032,.F.);
#5218=ORIENTED_EDGE('',*,*,#8033,.F.);
#5219=ORIENTED_EDGE('',*,*,#8034,.F.);
#5220=ORIENTED_EDGE('',*,*,#8009,.F.);
#5221=ORIENTED_EDGE('',*,*,#8035,.F.);
#5222=ORIENTED_EDGE('',*,*,#8036,.F.);
#5223=ORIENTED_EDGE('',*,*,#8010,.F.);
#5224=ORIENTED_EDGE('',*,*,#8034,.T.);
#5225=ORIENTED_EDGE('',*,*,#8037,.F.);
#5226=ORIENTED_EDGE('',*,*,#8038,.T.);
#5227=ORIENTED_EDGE('',*,*,#8011,.F.);
#5228=ORIENTED_EDGE('',*,*,#8036,.T.);
#5229=ORIENTED_EDGE('',*,*,#8039,.F.);
#5230=ORIENTED_EDGE('',*,*,#8040,.F.);
#5231=ORIENTED_EDGE('',*,*,#8012,.F.);
#5232=ORIENTED_EDGE('',*,*,#8038,.F.);
#5233=ORIENTED_EDGE('',*,*,#8041,.F.);
#5234=ORIENTED_EDGE('',*,*,#8042,.T.);
#5235=ORIENTED_EDGE('',*,*,#8013,.F.);
#5236=ORIENTED_EDGE('',*,*,#8040,.T.);
#5237=ORIENTED_EDGE('',*,*,#8043,.F.);
#5238=ORIENTED_EDGE('',*,*,#8044,.F.);
#5239=ORIENTED_EDGE('',*,*,#8014,.F.);
#5240=ORIENTED_EDGE('',*,*,#8042,.F.);
#5241=ORIENTED_EDGE('',*,*,#8045,.F.);
#5242=ORIENTED_EDGE('',*,*,#8046,.T.);
#5243=ORIENTED_EDGE('',*,*,#8015,.F.);
#5244=ORIENTED_EDGE('',*,*,#8044,.T.);
#5245=ORIENTED_EDGE('',*,*,#8046,.F.);
#5246=ORIENTED_EDGE('',*,*,#8047,.F.);
#5247=ORIENTED_EDGE('',*,*,#8048,.F.);
#5248=ORIENTED_EDGE('',*,*,#8016,.F.);
#5249=ORIENTED_EDGE('',*,*,#8049,.F.);
#5250=ORIENTED_EDGE('',*,*,#8050,.F.);
#5251=ORIENTED_EDGE('',*,*,#8017,.F.);
#5252=ORIENTED_EDGE('',*,*,#8048,.T.);
#5253=ORIENTED_EDGE('',*,*,#8051,.F.);
#5254=ORIENTED_EDGE('',*,*,#8052,.T.);
#5255=ORIENTED_EDGE('',*,*,#7998,.F.);
#5256=ORIENTED_EDGE('',*,*,#8050,.T.);
#5257=ORIENTED_EDGE('',*,*,#8052,.F.);
#5258=ORIENTED_EDGE('',*,*,#8053,.F.);
#5259=ORIENTED_EDGE('',*,*,#8054,.F.);
#5260=ORIENTED_EDGE('',*,*,#7999,.F.);
#5261=ORIENTED_EDGE('',*,*,#8055,.F.);
#5262=ORIENTED_EDGE('',*,*,#8056,.F.);
#5263=ORIENTED_EDGE('',*,*,#8000,.F.);
#5264=ORIENTED_EDGE('',*,*,#8054,.T.);
#5265=ORIENTED_EDGE('',*,*,#8001,.F.);
#5266=ORIENTED_EDGE('',*,*,#8056,.T.);
#5267=ORIENTED_EDGE('',*,*,#8057,.F.);
#5268=ORIENTED_EDGE('',*,*,#8020,.T.);
#5269=ORIENTED_EDGE('',*,*,#8058,.F.);
#5270=ORIENTED_EDGE('',*,*,#8059,.F.);
#5271=ORIENTED_EDGE('',*,*,#8060,.T.);
#5272=ORIENTED_EDGE('',*,*,#8061,.F.);
#5273=ORIENTED_EDGE('',*,*,#8062,.F.);
#5274=ORIENTED_EDGE('',*,*,#8059,.T.);
#5275=ORIENTED_EDGE('',*,*,#8063,.T.);
#5276=ORIENTED_EDGE('',*,*,#8064,.F.);
#5277=ORIENTED_EDGE('',*,*,#8065,.F.);
#5278=ORIENTED_EDGE('',*,*,#8066,.T.);
#5279=ORIENTED_EDGE('',*,*,#8062,.T.);
#5280=ORIENTED_EDGE('',*,*,#8067,.F.);
#5281=ORIENTED_EDGE('',*,*,#8068,.F.);
#5282=ORIENTED_EDGE('',*,*,#8069,.F.);
#5283=ORIENTED_EDGE('',*,*,#8060,.F.);
#5284=ORIENTED_EDGE('',*,*,#8066,.F.);
#5285=ORIENTED_EDGE('',*,*,#8070,.F.);
#5286=ORIENTED_EDGE('',*,*,#8061,.T.);
#5287=ORIENTED_EDGE('',*,*,#8069,.T.);
#5288=ORIENTED_EDGE('',*,*,#8071,.F.);
#5289=ORIENTED_EDGE('',*,*,#8072,.T.);
#5290=ORIENTED_EDGE('',*,*,#8073,.T.);
#5291=ORIENTED_EDGE('',*,*,#8074,.F.);
#5292=ORIENTED_EDGE('',*,*,#8075,.T.);
#5293=ORIENTED_EDGE('',*,*,#8076,.T.);
#5294=ORIENTED_EDGE('',*,*,#8077,.T.);
#5295=ORIENTED_EDGE('',*,*,#8078,.T.);
#5296=ORIENTED_EDGE('',*,*,#8079,.T.);
#5297=ORIENTED_EDGE('',*,*,#8080,.T.);
#5298=ORIENTED_EDGE('',*,*,#8081,.T.);
#5299=ORIENTED_EDGE('',*,*,#8082,.F.);
#5300=ORIENTED_EDGE('',*,*,#8083,.T.);
#5301=ORIENTED_EDGE('',*,*,#8084,.T.);
#5302=ORIENTED_EDGE('',*,*,#8085,.F.);
#5303=ORIENTED_EDGE('',*,*,#8086,.F.);
#5304=ORIENTED_EDGE('',*,*,#8087,.T.);
#5305=ORIENTED_EDGE('',*,*,#8088,.T.);
#5306=ORIENTED_EDGE('',*,*,#8089,.T.);
#5307=ORIENTED_EDGE('',*,*,#8090,.F.);
#5308=ORIENTED_EDGE('',*,*,#8091,.F.);
#5309=ORIENTED_EDGE('',*,*,#8092,.F.);
#5310=ORIENTED_EDGE('',*,*,#8093,.F.);
#5311=ORIENTED_EDGE('',*,*,#8094,.T.);
#5312=ORIENTED_EDGE('',*,*,#8091,.T.);
#5313=ORIENTED_EDGE('',*,*,#8095,.F.);
#5314=ORIENTED_EDGE('',*,*,#8096,.F.);
#5315=ORIENTED_EDGE('',*,*,#8097,.T.);
#5316=ORIENTED_EDGE('',*,*,#8098,.T.);
#5317=ORIENTED_EDGE('',*,*,#8094,.F.);
#5318=ORIENTED_EDGE('',*,*,#8099,.F.);
#5319=ORIENTED_EDGE('',*,*,#8100,.F.);
#5320=ORIENTED_EDGE('',*,*,#8101,.F.);
#5321=ORIENTED_EDGE('',*,*,#8092,.T.);
#5322=ORIENTED_EDGE('',*,*,#8098,.F.);
#5323=ORIENTED_EDGE('',*,*,#8102,.F.);
#5324=ORIENTED_EDGE('',*,*,#8103,.T.);
#5325=ORIENTED_EDGE('',*,*,#8104,.F.);
#5326=ORIENTED_EDGE('',*,*,#8105,.T.);
#5327=ORIENTED_EDGE('',*,*,#8106,.T.);
#5328=ORIENTED_EDGE('',*,*,#8107,.F.);
#5329=ORIENTED_EDGE('',*,*,#8108,.T.);
#5330=ORIENTED_EDGE('',*,*,#8109,.T.);
#5331=ORIENTED_EDGE('',*,*,#8110,.T.);
#5332=ORIENTED_EDGE('',*,*,#8111,.T.);
#5333=ORIENTED_EDGE('',*,*,#8112,.F.);
#5334=ORIENTED_EDGE('',*,*,#8113,.F.);
#5335=ORIENTED_EDGE('',*,*,#8114,.F.);
#5336=ORIENTED_EDGE('',*,*,#8115,.T.);
#5337=ORIENTED_EDGE('',*,*,#8082,.T.);
#5338=ORIENTED_EDGE('',*,*,#8116,.T.);
#5339=ORIENTED_EDGE('',*,*,#8117,.F.);
#5340=ORIENTED_EDGE('',*,*,#8116,.F.);
#5341=ORIENTED_EDGE('',*,*,#8081,.F.);
#5342=ORIENTED_EDGE('',*,*,#8118,.F.);
#5343=ORIENTED_EDGE('',*,*,#8119,.F.);
#5344=ORIENTED_EDGE('',*,*,#8120,.T.);
#5345=ORIENTED_EDGE('',*,*,#8121,.T.);
#5346=ORIENTED_EDGE('',*,*,#8079,.F.);
#5347=ORIENTED_EDGE('',*,*,#8121,.F.);
#5348=ORIENTED_EDGE('',*,*,#8122,.T.);
#5349=ORIENTED_EDGE('',*,*,#8118,.T.);
#5350=ORIENTED_EDGE('',*,*,#8080,.F.);
#5351=ORIENTED_EDGE('',*,*,#8123,.F.);
#5352=ORIENTED_EDGE('',*,*,#8124,.T.);
#5353=ORIENTED_EDGE('',*,*,#8119,.T.);
#5354=ORIENTED_EDGE('',*,*,#8078,.F.);
#5355=ORIENTED_EDGE('',*,*,#8125,.F.);
#5356=ORIENTED_EDGE('',*,*,#8126,.T.);
#5357=ORIENTED_EDGE('',*,*,#8089,.F.);
#5358=ORIENTED_EDGE('',*,*,#8127,.T.);
#5359=ORIENTED_EDGE('',*,*,#8128,.F.);
#5360=ORIENTED_EDGE('',*,*,#8127,.F.);
#5361=ORIENTED_EDGE('',*,*,#8088,.F.);
#5362=ORIENTED_EDGE('',*,*,#8129,.F.);
#5363=ORIENTED_EDGE('',*,*,#8130,.F.);
#5364=ORIENTED_EDGE('',*,*,#8131,.T.);
#5365=ORIENTED_EDGE('',*,*,#8086,.T.);
#5366=ORIENTED_EDGE('',*,*,#8132,.T.);
#5367=ORIENTED_EDGE('',*,*,#8133,.F.);
#5368=ORIENTED_EDGE('',*,*,#8132,.F.);
#5369=ORIENTED_EDGE('',*,*,#8085,.T.);
#5370=ORIENTED_EDGE('',*,*,#8134,.T.);
#5371=ORIENTED_EDGE('',*,*,#8135,.F.);
#5372=ORIENTED_EDGE('',*,*,#8134,.F.);
#5373=ORIENTED_EDGE('',*,*,#8084,.F.);
#5374=ORIENTED_EDGE('',*,*,#8136,.T.);
#5375=ORIENTED_EDGE('',*,*,#8131,.F.);
#5376=ORIENTED_EDGE('',*,*,#8137,.T.);
#5377=ORIENTED_EDGE('',*,*,#8129,.T.);
#5378=ORIENTED_EDGE('',*,*,#8087,.F.);
#5379=ORIENTED_EDGE('',*,*,#8138,.F.);
#5380=ORIENTED_EDGE('',*,*,#8139,.F.);
#5381=ORIENTED_EDGE('',*,*,#8074,.T.);
#5382=ORIENTED_EDGE('',*,*,#8140,.T.);
#5383=ORIENTED_EDGE('',*,*,#8141,.F.);
#5384=ORIENTED_EDGE('',*,*,#8142,.T.);
#5385=ORIENTED_EDGE('',*,*,#8076,.F.);
#5386=ORIENTED_EDGE('',*,*,#8143,.T.);
#5387=ORIENTED_EDGE('',*,*,#8144,.F.);
#5388=ORIENTED_EDGE('',*,*,#8143,.F.);
#5389=ORIENTED_EDGE('',*,*,#8075,.F.);
#5390=ORIENTED_EDGE('',*,*,#8139,.T.);
#5391=ORIENTED_EDGE('',*,*,#8145,.T.);
#5392=ORIENTED_EDGE('',*,*,#8146,.T.);
#5393=ORIENTED_EDGE('',*,*,#8147,.T.);
#5394=ORIENTED_EDGE('',*,*,#8072,.F.);
#5395=ORIENTED_EDGE('',*,*,#8147,.F.);
#5396=ORIENTED_EDGE('',*,*,#8148,.T.);
#5397=ORIENTED_EDGE('',*,*,#8140,.F.);
#5398=ORIENTED_EDGE('',*,*,#8073,.F.);
#5399=ORIENTED_EDGE('',*,*,#8149,.F.);
#5400=ORIENTED_EDGE('',*,*,#8145,.F.);
#5401=ORIENTED_EDGE('',*,*,#8071,.T.);
#5402=ORIENTED_EDGE('',*,*,#8068,.T.);
#5403=ORIENTED_EDGE('',*,*,#8065,.T.);
#5404=ORIENTED_EDGE('',*,*,#8150,.F.);
#5405=ORIENTED_EDGE('',*,*,#8151,.F.);
#5406=ORIENTED_EDGE('',*,*,#8152,.F.);
#5407=ORIENTED_EDGE('',*,*,#8151,.T.);
#5408=ORIENTED_EDGE('',*,*,#8153,.F.);
#5409=ORIENTED_EDGE('',*,*,#8063,.F.);
#5410=ORIENTED_EDGE('',*,*,#8058,.T.);
#5411=ORIENTED_EDGE('',*,*,#8070,.T.);
#5412=ORIENTED_EDGE('',*,*,#8126,.F.);
#5413=ORIENTED_EDGE('',*,*,#8142,.F.);
#5414=ORIENTED_EDGE('',*,*,#8154,.T.);
#5415=ORIENTED_EDGE('',*,*,#8123,.T.);
#5416=ORIENTED_EDGE('',*,*,#8077,.F.);
#5417=ORIENTED_EDGE('',*,*,#8115,.F.);
#5418=ORIENTED_EDGE('',*,*,#8155,.T.);
#5419=ORIENTED_EDGE('',*,*,#8136,.F.);
#5420=ORIENTED_EDGE('',*,*,#8083,.F.);
#5421=ORIENTED_EDGE('',*,*,#8093,.T.);
#5422=ORIENTED_EDGE('',*,*,#8101,.T.);
#5423=ORIENTED_EDGE('',*,*,#8156,.F.);
#5424=ORIENTED_EDGE('',*,*,#8157,.F.);
#5425=ORIENTED_EDGE('',*,*,#8158,.T.);
#5426=ORIENTED_EDGE('',*,*,#8159,.F.);
#5427=ORIENTED_EDGE('',*,*,#8160,.F.);
#5428=ORIENTED_EDGE('',*,*,#8161,.F.);
#5429=ORIENTED_EDGE('',*,*,#8162,.T.);
#5430=ORIENTED_EDGE('',*,*,#8163,.F.);
#5431=ORIENTED_EDGE('',*,*,#8164,.F.);
#5432=ORIENTED_EDGE('',*,*,#8165,.F.);
#5433=ORIENTED_EDGE('',*,*,#8166,.T.);
#5434=ORIENTED_EDGE('',*,*,#8167,.F.);
#5435=ORIENTED_EDGE('',*,*,#8168,.T.);
#5436=ORIENTED_EDGE('',*,*,#8169,.T.);
#5437=ORIENTED_EDGE('',*,*,#8170,.F.);
#5438=ORIENTED_EDGE('',*,*,#8171,.F.);
#5439=ORIENTED_EDGE('',*,*,#8172,.T.);
#5440=ORIENTED_EDGE('',*,*,#8173,.T.);
#5441=ORIENTED_EDGE('',*,*,#8174,.F.);
#5442=ORIENTED_EDGE('',*,*,#8175,.F.);
#5443=ORIENTED_EDGE('',*,*,#8176,.T.);
#5444=ORIENTED_EDGE('',*,*,#8177,.F.);
#5445=ORIENTED_EDGE('',*,*,#8178,.F.);
#5446=ORIENTED_EDGE('',*,*,#8179,.F.);
#5447=ORIENTED_EDGE('',*,*,#8180,.F.);
#5448=ORIENTED_EDGE('',*,*,#8166,.F.);
#5449=ORIENTED_EDGE('',*,*,#8181,.F.);
#5450=ORIENTED_EDGE('',*,*,#8182,.T.);
#5451=ORIENTED_EDGE('',*,*,#8183,.T.);
#5452=ORIENTED_EDGE('',*,*,#8184,.F.);
#5453=ORIENTED_EDGE('',*,*,#8170,.T.);
#5454=ORIENTED_EDGE('',*,*,#8185,.T.);
#5455=ORIENTED_EDGE('',*,*,#8186,.T.);
#5456=ORIENTED_EDGE('',*,*,#8182,.F.);
#5457=ORIENTED_EDGE('',*,*,#8169,.F.);
#5458=ORIENTED_EDGE('',*,*,#8187,.T.);
#5459=ORIENTED_EDGE('',*,*,#8188,.T.);
#5460=ORIENTED_EDGE('',*,*,#8185,.F.);
#5461=ORIENTED_EDGE('',*,*,#8168,.F.);
#5462=ORIENTED_EDGE('',*,*,#8189,.T.);
#5463=ORIENTED_EDGE('',*,*,#8190,.T.);
#5464=ORIENTED_EDGE('',*,*,#8191,.F.);
#5465=ORIENTED_EDGE('',*,*,#8173,.F.);
#5466=ORIENTED_EDGE('',*,*,#8192,.T.);
#5467=ORIENTED_EDGE('',*,*,#8193,.T.);
#5468=ORIENTED_EDGE('',*,*,#8189,.F.);
#5469=ORIENTED_EDGE('',*,*,#8172,.F.);
#5470=ORIENTED_EDGE('',*,*,#8191,.T.);
#5471=ORIENTED_EDGE('',*,*,#8194,.T.);
#5472=ORIENTED_EDGE('',*,*,#8195,.F.);
#5473=ORIENTED_EDGE('',*,*,#8174,.T.);
#5474=ORIENTED_EDGE('',*,*,#8196,.F.);
#5475=ORIENTED_EDGE('',*,*,#8192,.F.);
#5476=ORIENTED_EDGE('',*,*,#8171,.T.);
#5477=ORIENTED_EDGE('',*,*,#8184,.T.);
#5478=ORIENTED_EDGE('',*,*,#8197,.F.);
#5479=ORIENTED_EDGE('',*,*,#8198,.T.);
#5480=ORIENTED_EDGE('',*,*,#8199,.F.);
#5481=ORIENTED_EDGE('',*,*,#8176,.F.);
#5482=ORIENTED_EDGE('',*,*,#8200,.F.);
#5483=ORIENTED_EDGE('',*,*,#8201,.T.);
#5484=ORIENTED_EDGE('',*,*,#8177,.T.);
#5485=ORIENTED_EDGE('',*,*,#8199,.T.);
#5486=ORIENTED_EDGE('',*,*,#8202,.F.);
#5487=ORIENTED_EDGE('',*,*,#8203,.T.);
#5488=ORIENTED_EDGE('',*,*,#8156,.T.);
#5489=ORIENTED_EDGE('',*,*,#8100,.T.);
#5490=ORIENTED_EDGE('',*,*,#8097,.F.);
#5491=ORIENTED_EDGE('',*,*,#8204,.F.);
#5492=ORIENTED_EDGE('',*,*,#8205,.T.);
#5493=ORIENTED_EDGE('',*,*,#8206,.F.);
#5494=ORIENTED_EDGE('',*,*,#8205,.F.);
#5495=ORIENTED_EDGE('',*,*,#8207,.F.);
#5496=ORIENTED_EDGE('',*,*,#8095,.T.);
#5497=ORIENTED_EDGE('',*,*,#8090,.T.);
#5498=ORIENTED_EDGE('',*,*,#8178,.T.);
#5499=ORIENTED_EDGE('',*,*,#8201,.F.);
#5500=ORIENTED_EDGE('',*,*,#8208,.F.);
#5501=ORIENTED_EDGE('',*,*,#8197,.T.);
#5502=ORIENTED_EDGE('',*,*,#8175,.T.);
#5503=ORIENTED_EDGE('',*,*,#8195,.T.);
#5504=ORIENTED_EDGE('',*,*,#8209,.F.);
#5505=ORIENTED_EDGE('',*,*,#8187,.F.);
#5506=ORIENTED_EDGE('',*,*,#8167,.T.);
#5507=ORIENTED_EDGE('',*,*,#8180,.T.);
#5508=ORIENTED_EDGE('',*,*,#8210,.T.);
#5509=ORIENTED_EDGE('',*,*,#8211,.T.);
#5510=ORIENTED_EDGE('',*,*,#8212,.F.);
#5511=ORIENTED_EDGE('',*,*,#8159,.T.);
#5512=ORIENTED_EDGE('',*,*,#8212,.T.);
#5513=ORIENTED_EDGE('',*,*,#8213,.T.);
#5514=ORIENTED_EDGE('',*,*,#8214,.F.);
#5515=ORIENTED_EDGE('',*,*,#8160,.T.);
#5516=ORIENTED_EDGE('',*,*,#8215,.T.);
#5517=ORIENTED_EDGE('',*,*,#8216,.T.);
#5518=ORIENTED_EDGE('',*,*,#8210,.F.);
#5519=ORIENTED_EDGE('',*,*,#8158,.F.);
#5520=ORIENTED_EDGE('',*,*,#8217,.T.);
#5521=ORIENTED_EDGE('',*,*,#8218,.T.);
#5522=ORIENTED_EDGE('',*,*,#8219,.F.);
#5523=ORIENTED_EDGE('',*,*,#8162,.F.);
#5524=ORIENTED_EDGE('',*,*,#8219,.T.);
#5525=ORIENTED_EDGE('',*,*,#8220,.T.);
#5526=ORIENTED_EDGE('',*,*,#8221,.F.);
#5527=ORIENTED_EDGE('',*,*,#8163,.T.);
#5528=ORIENTED_EDGE('',*,*,#8221,.T.);
#5529=ORIENTED_EDGE('',*,*,#8222,.T.);
#5530=ORIENTED_EDGE('',*,*,#8223,.F.);
#5531=ORIENTED_EDGE('',*,*,#8164,.T.);
#5532=ORIENTED_EDGE('',*,*,#8224,.F.);
#5533=ORIENTED_EDGE('',*,*,#8217,.F.);
#5534=ORIENTED_EDGE('',*,*,#8161,.T.);
#5535=ORIENTED_EDGE('',*,*,#8214,.T.);
#5536=ORIENTED_EDGE('',*,*,#8225,.F.);
#5537=ORIENTED_EDGE('',*,*,#8215,.F.);
#5538=ORIENTED_EDGE('',*,*,#8157,.T.);
#5539=ORIENTED_EDGE('',*,*,#8203,.F.);
#5540=ORIENTED_EDGE('',*,*,#8226,.F.);
#5541=ORIENTED_EDGE('',*,*,#8181,.T.);
#5542=ORIENTED_EDGE('',*,*,#8165,.T.);
#5543=ORIENTED_EDGE('',*,*,#8223,.T.);
#5544=ORIENTED_EDGE('',*,*,#8227,.T.);
#5545=ORIENTED_EDGE('',*,*,#8228,.T.);
#5546=ORIENTED_EDGE('',*,*,#8207,.T.);
#5547=ORIENTED_EDGE('',*,*,#8204,.T.);
#5548=ORIENTED_EDGE('',*,*,#8099,.T.);
#5549=ORIENTED_EDGE('',*,*,#8096,.T.);
#5550=ORIENTED_EDGE('',*,*,#8229,.F.);
#5551=ORIENTED_EDGE('',*,*,#8230,.T.);
#5552=ORIENTED_EDGE('',*,*,#8231,.F.);
#5553=ORIENTED_EDGE('',*,*,#8232,.T.);
#5554=ORIENTED_EDGE('',*,*,#8233,.F.);
#5555=ORIENTED_EDGE('',*,*,#8234,.T.);
#5556=ORIENTED_EDGE('',*,*,#8235,.F.);
#5557=ORIENTED_EDGE('',*,*,#8236,.T.);
#5558=ORIENTED_EDGE('',*,*,#8057,.T.);
#5559=ORIENTED_EDGE('',*,*,#8055,.T.);
#5560=ORIENTED_EDGE('',*,*,#8053,.T.);
#5561=ORIENTED_EDGE('',*,*,#8051,.T.);
#5562=ORIENTED_EDGE('',*,*,#8049,.T.);
#5563=ORIENTED_EDGE('',*,*,#8047,.T.);
#5564=ORIENTED_EDGE('',*,*,#8045,.T.);
#5565=ORIENTED_EDGE('',*,*,#8043,.T.);
#5566=ORIENTED_EDGE('',*,*,#8041,.T.);
#5567=ORIENTED_EDGE('',*,*,#8039,.T.);
#5568=ORIENTED_EDGE('',*,*,#8037,.T.);
#5569=ORIENTED_EDGE('',*,*,#8035,.T.);
#5570=ORIENTED_EDGE('',*,*,#8033,.T.);
#5571=ORIENTED_EDGE('',*,*,#8031,.T.);
#5572=ORIENTED_EDGE('',*,*,#8029,.T.);
#5573=ORIENTED_EDGE('',*,*,#8027,.T.);
#5574=ORIENTED_EDGE('',*,*,#8025,.T.);
#5575=ORIENTED_EDGE('',*,*,#8023,.T.);
#5576=ORIENTED_EDGE('',*,*,#8021,.T.);
#5577=ORIENTED_EDGE('',*,*,#8018,.T.);
#5578=ORIENTED_EDGE('',*,*,#8153,.T.);
#5579=ORIENTED_EDGE('',*,*,#8150,.T.);
#5580=ORIENTED_EDGE('',*,*,#8067,.T.);
#5581=ORIENTED_EDGE('',*,*,#8064,.T.);
#5582=ORIENTED_EDGE('',*,*,#8237,.T.);
#5583=ORIENTED_EDGE('',*,*,#8238,.T.);
#5584=ORIENTED_EDGE('',*,*,#8239,.F.);
#5585=ORIENTED_EDGE('',*,*,#8240,.T.);
#5586=ORIENTED_EDGE('',*,*,#8241,.T.);
#5587=ORIENTED_EDGE('',*,*,#8242,.T.);
#5588=ORIENTED_EDGE('',*,*,#8243,.F.);
#5589=ORIENTED_EDGE('',*,*,#8244,.F.);
#5590=ORIENTED_EDGE('',*,*,#8245,.F.);
#5591=ORIENTED_EDGE('',*,*,#8246,.F.);
#5592=ORIENTED_EDGE('',*,*,#8103,.F.);
#5593=ORIENTED_EDGE('',*,*,#8247,.F.);
#5594=ORIENTED_EDGE('',*,*,#8248,.F.);
#5595=ORIENTED_EDGE('',*,*,#8109,.F.);
#5596=ORIENTED_EDGE('',*,*,#8249,.F.);
#5597=ORIENTED_EDGE('',*,*,#8250,.F.);
#5598=ORIENTED_EDGE('',*,*,#8251,.F.);
#5599=ORIENTED_EDGE('',*,*,#8252,.F.);
#5600=ORIENTED_EDGE('',*,*,#8253,.F.);
#5601=ORIENTED_EDGE('',*,*,#8254,.T.);
#5602=ORIENTED_EDGE('',*,*,#8255,.F.);
#5603=ORIENTED_EDGE('',*,*,#8245,.T.);
#5604=ORIENTED_EDGE('',*,*,#8256,.F.);
#5605=ORIENTED_EDGE('',*,*,#8257,.T.);
#5606=ORIENTED_EDGE('',*,*,#8258,.F.);
#5607=ORIENTED_EDGE('',*,*,#8243,.T.);
#5608=ORIENTED_EDGE('',*,*,#8259,.F.);
#5609=ORIENTED_EDGE('',*,*,#8256,.T.);
#5610=ORIENTED_EDGE('',*,*,#8247,.T.);
#5611=ORIENTED_EDGE('',*,*,#8102,.T.);
#5612=ORIENTED_EDGE('',*,*,#8260,.F.);
#5613=ORIENTED_EDGE('',*,*,#8261,.F.);
#5614=ORIENTED_EDGE('',*,*,#8260,.T.);
#5615=ORIENTED_EDGE('',*,*,#8107,.T.);
#5616=ORIENTED_EDGE('',*,*,#8262,.T.);
#5617=ORIENTED_EDGE('',*,*,#8263,.F.);
#5618=ORIENTED_EDGE('',*,*,#8262,.F.);
#5619=ORIENTED_EDGE('',*,*,#8106,.F.);
#5620=ORIENTED_EDGE('',*,*,#8264,.F.);
#5621=ORIENTED_EDGE('',*,*,#8265,.F.);
#5622=ORIENTED_EDGE('',*,*,#8264,.T.);
#5623=ORIENTED_EDGE('',*,*,#8105,.F.);
#5624=ORIENTED_EDGE('',*,*,#8266,.F.);
#5625=ORIENTED_EDGE('',*,*,#8267,.F.);
#5626=ORIENTED_EDGE('',*,*,#8266,.T.);
#5627=ORIENTED_EDGE('',*,*,#8104,.T.);
#5628=ORIENTED_EDGE('',*,*,#8246,.T.);
#5629=ORIENTED_EDGE('',*,*,#8255,.T.);
#5630=ORIENTED_EDGE('',*,*,#8268,.F.);
#5631=ORIENTED_EDGE('',*,*,#8269,.T.);
#5632=ORIENTED_EDGE('',*,*,#8270,.F.);
#5633=ORIENTED_EDGE('',*,*,#8232,.F.);
#5634=ORIENTED_EDGE('',*,*,#8271,.F.);
#5635=ORIENTED_EDGE('',*,*,#8272,.T.);
#5636=ORIENTED_EDGE('',*,*,#8273,.F.);
#5637=ORIENTED_EDGE('',*,*,#8230,.F.);
#5638=ORIENTED_EDGE('',*,*,#8274,.F.);
#5639=ORIENTED_EDGE('',*,*,#8275,.T.);
#5640=ORIENTED_EDGE('',*,*,#8276,.F.);
#5641=ORIENTED_EDGE('',*,*,#8252,.T.);
#5642=ORIENTED_EDGE('',*,*,#8277,.F.);
#5643=ORIENTED_EDGE('',*,*,#8278,.T.);
#5644=ORIENTED_EDGE('',*,*,#8110,.F.);
#5645=ORIENTED_EDGE('',*,*,#8248,.T.);
#5646=ORIENTED_EDGE('',*,*,#8276,.T.);
#5647=ORIENTED_EDGE('',*,*,#8279,.F.);
#5648=ORIENTED_EDGE('',*,*,#8280,.F.);
#5649=ORIENTED_EDGE('',*,*,#8111,.F.);
#5650=ORIENTED_EDGE('',*,*,#8278,.F.);
#5651=ORIENTED_EDGE('',*,*,#8281,.F.);
#5652=ORIENTED_EDGE('',*,*,#8282,.T.);
#5653=ORIENTED_EDGE('',*,*,#8112,.T.);
#5654=ORIENTED_EDGE('',*,*,#8280,.T.);
#5655=ORIENTED_EDGE('',*,*,#8283,.F.);
#5656=ORIENTED_EDGE('',*,*,#8284,.T.);
#5657=ORIENTED_EDGE('',*,*,#8113,.T.);
#5658=ORIENTED_EDGE('',*,*,#8282,.F.);
#5659=ORIENTED_EDGE('',*,*,#8285,.F.);
#5660=ORIENTED_EDGE('',*,*,#8286,.T.);
#5661=ORIENTED_EDGE('',*,*,#8287,.F.);
#5662=ORIENTED_EDGE('',*,*,#8250,.T.);
#5663=ORIENTED_EDGE('',*,*,#8288,.F.);
#5664=ORIENTED_EDGE('',*,*,#8285,.T.);
#5665=ORIENTED_EDGE('',*,*,#8249,.T.);
#5666=ORIENTED_EDGE('',*,*,#8108,.F.);
#5667=ORIENTED_EDGE('',*,*,#8284,.F.);
#5668=ORIENTED_EDGE('',*,*,#8289,.F.);
#5669=ORIENTED_EDGE('',*,*,#8290,.T.);
#5670=ORIENTED_EDGE('',*,*,#8291,.F.);
#5671=ORIENTED_EDGE('',*,*,#8236,.F.);
#5672=ORIENTED_EDGE('',*,*,#8292,.F.);
#5673=ORIENTED_EDGE('',*,*,#8293,.T.);
#5674=ORIENTED_EDGE('',*,*,#8294,.F.);
#5675=ORIENTED_EDGE('',*,*,#8238,.F.);
#5676=ORIENTED_EDGE('',*,*,#8295,.F.);
#5677=ORIENTED_EDGE('',*,*,#8296,.T.);
#5678=ORIENTED_EDGE('',*,*,#8297,.F.);
#5679=ORIENTED_EDGE('',*,*,#8242,.F.);
#5680=ORIENTED_EDGE('',*,*,#8298,.F.);
#5681=ORIENTED_EDGE('',*,*,#8295,.T.);
#5682=ORIENTED_EDGE('',*,*,#8241,.F.);
#5683=ORIENTED_EDGE('',*,*,#8299,.T.);
#5684=ORIENTED_EDGE('',*,*,#8300,.F.);
#5685=ORIENTED_EDGE('',*,*,#8299,.F.);
#5686=ORIENTED_EDGE('',*,*,#8240,.F.);
#5687=ORIENTED_EDGE('',*,*,#8301,.T.);
#5688=ORIENTED_EDGE('',*,*,#8302,.F.);
#5689=ORIENTED_EDGE('',*,*,#8301,.F.);
#5690=ORIENTED_EDGE('',*,*,#8239,.T.);
#5691=ORIENTED_EDGE('',*,*,#8294,.T.);
#5692=ORIENTED_EDGE('',*,*,#8303,.F.);
#5693=ORIENTED_EDGE('',*,*,#8304,.T.);
#5694=ORIENTED_EDGE('',*,*,#8305,.F.);
#5695=ORIENTED_EDGE('',*,*,#8234,.F.);
#5696=ORIENTED_EDGE('',*,*,#8305,.T.);
#5697=ORIENTED_EDGE('',*,*,#8306,.T.);
#5698=ORIENTED_EDGE('',*,*,#8292,.T.);
#5699=ORIENTED_EDGE('',*,*,#8237,.F.);
#5700=ORIENTED_EDGE('',*,*,#8297,.T.);
#5701=ORIENTED_EDGE('',*,*,#8307,.T.);
#5702=ORIENTED_EDGE('',*,*,#8289,.T.);
#5703=ORIENTED_EDGE('',*,*,#8235,.T.);
#5704=ORIENTED_EDGE('',*,*,#8291,.T.);
#5705=ORIENTED_EDGE('',*,*,#8308,.T.);
#5706=ORIENTED_EDGE('',*,*,#8274,.T.);
#5707=ORIENTED_EDGE('',*,*,#8251,.T.);
#5708=ORIENTED_EDGE('',*,*,#8287,.T.);
#5709=ORIENTED_EDGE('',*,*,#8309,.T.);
#5710=ORIENTED_EDGE('',*,*,#8271,.T.);
#5711=ORIENTED_EDGE('',*,*,#8229,.T.);
#5712=ORIENTED_EDGE('',*,*,#8273,.T.);
#5713=ORIENTED_EDGE('',*,*,#8310,.T.);
#5714=ORIENTED_EDGE('',*,*,#8268,.T.);
#5715=ORIENTED_EDGE('',*,*,#8231,.T.);
#5716=ORIENTED_EDGE('',*,*,#8270,.T.);
#5717=ORIENTED_EDGE('',*,*,#8311,.T.);
#5718=ORIENTED_EDGE('',*,*,#8253,.T.);
#5719=ORIENTED_EDGE('',*,*,#8244,.T.);
#5720=ORIENTED_EDGE('',*,*,#8258,.T.);
#5721=ORIENTED_EDGE('',*,*,#8312,.T.);
#5722=ORIENTED_EDGE('',*,*,#8303,.T.);
#5723=ORIENTED_EDGE('',*,*,#8233,.T.);
#5724=ORIENTED_EDGE('',*,*,#8228,.F.);
#5725=ORIENTED_EDGE('',*,*,#8313,.F.);
#5726=ORIENTED_EDGE('',*,*,#8313,.T.);
#5727=ORIENTED_EDGE('',*,*,#8314,.F.);
#5728=ORIENTED_EDGE('',*,*,#8227,.F.);
#5729=ORIENTED_EDGE('',*,*,#8315,.F.);
#5730=ORIENTED_EDGE('',*,*,#8315,.T.);
#5731=ORIENTED_EDGE('',*,*,#8316,.F.);
#5732=ORIENTED_EDGE('',*,*,#8314,.T.);
#5733=ORIENTED_EDGE('',*,*,#8146,.F.);
#5734=ORIENTED_EDGE('',*,*,#8149,.T.);
#5735=ORIENTED_EDGE('',*,*,#8152,.T.);
#5736=ORIENTED_EDGE('',*,*,#8125,.T.);
#5737=ORIENTED_EDGE('',*,*,#8128,.T.);
#5738=ORIENTED_EDGE('',*,*,#8137,.F.);
#5739=ORIENTED_EDGE('',*,*,#8130,.T.);
#5740=ORIENTED_EDGE('',*,*,#8133,.T.);
#5741=ORIENTED_EDGE('',*,*,#8135,.T.);
#5742=ORIENTED_EDGE('',*,*,#8155,.F.);
#5743=ORIENTED_EDGE('',*,*,#8114,.T.);
#5744=ORIENTED_EDGE('',*,*,#8117,.T.);
#5745=ORIENTED_EDGE('',*,*,#8122,.F.);
#5746=ORIENTED_EDGE('',*,*,#8120,.F.);
#5747=ORIENTED_EDGE('',*,*,#8124,.F.);
#5748=ORIENTED_EDGE('',*,*,#8154,.F.);
#5749=ORIENTED_EDGE('',*,*,#8141,.T.);
#5750=ORIENTED_EDGE('',*,*,#8144,.T.);
#5751=ORIENTED_EDGE('',*,*,#8138,.T.);
#5752=ORIENTED_EDGE('',*,*,#8148,.F.);
#5753=ORIENTED_EDGE('',*,*,#8317,.T.);
#5754=ORIENTED_EDGE('',*,*,#8318,.T.);
#5755=ORIENTED_EDGE('',*,*,#8319,.F.);
#5756=ORIENTED_EDGE('',*,*,#8320,.T.);
#5757=ORIENTED_EDGE('',*,*,#8321,.T.);
#5758=ORIENTED_EDGE('',*,*,#8322,.F.);
#5759=ORIENTED_EDGE('',*,*,#8323,.T.);
#5760=ORIENTED_EDGE('',*,*,#8324,.T.);
#5761=ORIENTED_EDGE('',*,*,#8325,.T.);
#5762=ORIENTED_EDGE('',*,*,#8326,.T.);
#5763=ORIENTED_EDGE('',*,*,#8327,.F.);
#5764=ORIENTED_EDGE('',*,*,#8328,.T.);
#5765=ORIENTED_EDGE('',*,*,#8329,.T.);
#5766=ORIENTED_EDGE('',*,*,#8330,.F.);
#5767=ORIENTED_EDGE('',*,*,#8331,.F.);
#5768=ORIENTED_EDGE('',*,*,#8332,.F.);
#5769=ORIENTED_EDGE('',*,*,#8333,.F.);
#5770=ORIENTED_EDGE('',*,*,#8334,.T.);
#5771=ORIENTED_EDGE('',*,*,#8335,.F.);
#5772=ORIENTED_EDGE('',*,*,#8336,.F.);
#5773=ORIENTED_EDGE('',*,*,#8337,.F.);
#5774=ORIENTED_EDGE('',*,*,#8338,.T.);
#5775=ORIENTED_EDGE('',*,*,#8339,.T.);
#5776=ORIENTED_EDGE('',*,*,#8340,.T.);
#5777=ORIENTED_EDGE('',*,*,#8341,.T.);
#5778=ORIENTED_EDGE('',*,*,#8342,.T.);
#5779=ORIENTED_EDGE('',*,*,#8343,.T.);
#5780=ORIENTED_EDGE('',*,*,#8344,.T.);
#5781=ORIENTED_EDGE('',*,*,#8345,.F.);
#5782=ORIENTED_EDGE('',*,*,#8346,.T.);
#5783=ORIENTED_EDGE('',*,*,#8347,.F.);
#5784=ORIENTED_EDGE('',*,*,#8348,.T.);
#5785=ORIENTED_EDGE('',*,*,#8312,.F.);
#5786=ORIENTED_EDGE('',*,*,#8257,.F.);
#5787=ORIENTED_EDGE('',*,*,#8259,.T.);
#5788=ORIENTED_EDGE('',*,*,#8261,.T.);
#5789=ORIENTED_EDGE('',*,*,#8263,.T.);
#5790=ORIENTED_EDGE('',*,*,#8265,.T.);
#5791=ORIENTED_EDGE('',*,*,#8267,.T.);
#5792=ORIENTED_EDGE('',*,*,#8254,.F.);
#5793=ORIENTED_EDGE('',*,*,#8311,.F.);
#5794=ORIENTED_EDGE('',*,*,#8269,.F.);
#5795=ORIENTED_EDGE('',*,*,#8310,.F.);
#5796=ORIENTED_EDGE('',*,*,#8272,.F.);
#5797=ORIENTED_EDGE('',*,*,#8309,.F.);
#5798=ORIENTED_EDGE('',*,*,#8286,.F.);
#5799=ORIENTED_EDGE('',*,*,#8288,.T.);
#5800=ORIENTED_EDGE('',*,*,#8283,.T.);
#5801=ORIENTED_EDGE('',*,*,#8281,.T.);
#5802=ORIENTED_EDGE('',*,*,#8279,.T.);
#5803=ORIENTED_EDGE('',*,*,#8277,.T.);
#5804=ORIENTED_EDGE('',*,*,#8275,.F.);
#5805=ORIENTED_EDGE('',*,*,#8308,.F.);
#5806=ORIENTED_EDGE('',*,*,#8290,.F.);
#5807=ORIENTED_EDGE('',*,*,#8307,.F.);
#5808=ORIENTED_EDGE('',*,*,#8296,.F.);
#5809=ORIENTED_EDGE('',*,*,#8298,.T.);
#5810=ORIENTED_EDGE('',*,*,#8300,.T.);
#5811=ORIENTED_EDGE('',*,*,#8302,.T.);
#5812=ORIENTED_EDGE('',*,*,#8293,.F.);
#5813=ORIENTED_EDGE('',*,*,#8306,.F.);
#5814=ORIENTED_EDGE('',*,*,#8304,.F.);
#5815=ORIENTED_EDGE('',*,*,#8226,.T.);
#5816=ORIENTED_EDGE('',*,*,#8222,.F.);
#5817=ORIENTED_EDGE('',*,*,#8220,.F.);
#5818=ORIENTED_EDGE('',*,*,#8218,.F.);
#5819=ORIENTED_EDGE('',*,*,#8224,.T.);
#5820=ORIENTED_EDGE('',*,*,#8213,.F.);
#5821=ORIENTED_EDGE('',*,*,#8211,.F.);
#5822=ORIENTED_EDGE('',*,*,#8216,.F.);
#5823=ORIENTED_EDGE('',*,*,#8225,.T.);
#5824=ORIENTED_EDGE('',*,*,#8202,.T.);
#5825=ORIENTED_EDGE('',*,*,#8206,.T.);
#5826=ORIENTED_EDGE('',*,*,#8200,.T.);
#5827=ORIENTED_EDGE('',*,*,#8198,.F.);
#5828=ORIENTED_EDGE('',*,*,#8208,.T.);
#5829=ORIENTED_EDGE('',*,*,#8194,.F.);
#5830=ORIENTED_EDGE('',*,*,#8190,.F.);
#5831=ORIENTED_EDGE('',*,*,#8193,.F.);
#5832=ORIENTED_EDGE('',*,*,#8196,.T.);
#5833=ORIENTED_EDGE('',*,*,#8183,.F.);
#5834=ORIENTED_EDGE('',*,*,#8186,.F.);
#5835=ORIENTED_EDGE('',*,*,#8188,.F.);
#5836=ORIENTED_EDGE('',*,*,#8209,.T.);
#5837=ORIENTED_EDGE('',*,*,#8179,.T.);
#5838=ORIENTED_EDGE('',*,*,#8349,.T.);
#5839=ORIENTED_EDGE('',*,*,#8350,.T.);
#5840=ORIENTED_EDGE('',*,*,#8351,.T.);
#5841=ORIENTED_EDGE('',*,*,#8352,.T.);
#5842=ORIENTED_EDGE('',*,*,#8353,.T.);
#5843=ORIENTED_EDGE('',*,*,#8354,.T.);
#5844=ORIENTED_EDGE('',*,*,#8355,.F.);
#5845=ORIENTED_EDGE('',*,*,#8356,.T.);
#5846=ORIENTED_EDGE('',*,*,#8357,.T.);
#5847=ORIENTED_EDGE('',*,*,#8358,.T.);
#5848=ORIENTED_EDGE('',*,*,#8359,.F.);
#5849=ORIENTED_EDGE('',*,*,#8360,.T.);
#5850=ORIENTED_EDGE('',*,*,#8316,.T.);
#5851=ORIENTED_EDGE('',*,*,#8361,.T.);
#5852=ORIENTED_EDGE('',*,*,#8362,.F.);
#5853=ORIENTED_EDGE('',*,*,#8363,.F.);
#5854=ORIENTED_EDGE('',*,*,#8364,.T.);
#5855=ORIENTED_EDGE('',*,*,#8365,.T.);
#5856=ORIENTED_EDGE('',*,*,#8364,.F.);
#5857=ORIENTED_EDGE('',*,*,#8366,.F.);
#5858=ORIENTED_EDGE('',*,*,#8367,.F.);
#5859=ORIENTED_EDGE('',*,*,#8368,.F.);
#5860=ORIENTED_EDGE('',*,*,#8369,.T.);
#5861=ORIENTED_EDGE('',*,*,#8361,.F.);
#5862=ORIENTED_EDGE('',*,*,#8365,.F.);
#5863=ORIENTED_EDGE('',*,*,#8370,.F.);
#5864=ORIENTED_EDGE('',*,*,#8362,.T.);
#5865=ORIENTED_EDGE('',*,*,#8369,.F.);
#5866=ORIENTED_EDGE('',*,*,#8371,.F.);
#5867=ORIENTED_EDGE('',*,*,#8372,.F.);
#5868=ORIENTED_EDGE('',*,*,#8366,.T.);
#5869=ORIENTED_EDGE('',*,*,#8363,.T.);
#5870=ORIENTED_EDGE('',*,*,#8370,.T.);
#5871=ORIENTED_EDGE('',*,*,#8373,.F.);
#5872=ORIENTED_EDGE('',*,*,#8374,.F.);
#5873=ORIENTED_EDGE('',*,*,#8375,.F.);
#5874=ORIENTED_EDGE('',*,*,#8376,.T.);
#5875=ORIENTED_EDGE('',*,*,#8377,.T.);
#5876=ORIENTED_EDGE('',*,*,#8378,.T.);
#5877=ORIENTED_EDGE('',*,*,#8379,.F.);
#5878=ORIENTED_EDGE('',*,*,#8380,.F.);
#5879=ORIENTED_EDGE('',*,*,#8381,.T.);
#5880=ORIENTED_EDGE('',*,*,#8382,.T.);
#5881=ORIENTED_EDGE('',*,*,#8383,.T.);
#5882=ORIENTED_EDGE('',*,*,#8373,.T.);
#5883=ORIENTED_EDGE('',*,*,#8371,.T.);
#5884=ORIENTED_EDGE('',*,*,#8368,.T.);
#5885=ORIENTED_EDGE('',*,*,#8367,.T.);
#5886=ORIENTED_EDGE('',*,*,#8372,.T.);
#5887=ORIENTED_EDGE('',*,*,#8384,.F.);
#5888=ORIENTED_EDGE('',*,*,#8385,.T.);
#5889=ORIENTED_EDGE('',*,*,#8386,.F.);
#5890=ORIENTED_EDGE('',*,*,#8387,.T.);
#5891=ORIENTED_EDGE('',*,*,#8388,.F.);
#5892=ORIENTED_EDGE('',*,*,#8389,.F.);
#5893=ORIENTED_EDGE('',*,*,#8390,.T.);
#5894=ORIENTED_EDGE('',*,*,#8391,.T.);
#5895=ORIENTED_EDGE('',*,*,#8392,.F.);
#5896=ORIENTED_EDGE('',*,*,#8393,.T.);
#5897=ORIENTED_EDGE('',*,*,#8394,.T.);
#5898=ORIENTED_EDGE('',*,*,#8395,.F.);
#5899=ORIENTED_EDGE('',*,*,#8375,.T.);
#5900=ORIENTED_EDGE('',*,*,#8396,.T.);
#5901=ORIENTED_EDGE('',*,*,#8397,.T.);
#5902=ORIENTED_EDGE('',*,*,#8398,.T.);
#5903=ORIENTED_EDGE('',*,*,#8399,.T.);
#5904=ORIENTED_EDGE('',*,*,#8400,.T.);
#5905=ORIENTED_EDGE('',*,*,#8401,.T.);
#5906=ORIENTED_EDGE('',*,*,#8402,.T.);
#5907=ORIENTED_EDGE('',*,*,#8403,.T.);
#5908=ORIENTED_EDGE('',*,*,#8404,.F.);
#5909=ORIENTED_EDGE('',*,*,#8405,.T.);
#5910=ORIENTED_EDGE('',*,*,#8406,.F.);
#5911=ORIENTED_EDGE('',*,*,#8329,.F.);
#5912=ORIENTED_EDGE('',*,*,#8407,.F.);
#5913=ORIENTED_EDGE('',*,*,#8403,.F.);
#5914=ORIENTED_EDGE('',*,*,#8408,.F.);
#5915=ORIENTED_EDGE('',*,*,#8409,.F.);
#5916=ORIENTED_EDGE('',*,*,#8327,.T.);
#5917=ORIENTED_EDGE('',*,*,#8410,.F.);
#5918=ORIENTED_EDGE('',*,*,#8405,.F.);
#5919=ORIENTED_EDGE('',*,*,#8328,.F.);
#5920=ORIENTED_EDGE('',*,*,#8409,.T.);
#5921=ORIENTED_EDGE('',*,*,#8404,.T.);
#5922=ORIENTED_EDGE('',*,*,#8407,.T.);
#5923=ORIENTED_EDGE('',*,*,#8411,.F.);
#5924=ORIENTED_EDGE('',*,*,#8331,.T.);
#5925=ORIENTED_EDGE('',*,*,#8412,.F.);
#5926=ORIENTED_EDGE('',*,*,#8401,.F.);
#5927=ORIENTED_EDGE('',*,*,#8412,.T.);
#5928=ORIENTED_EDGE('',*,*,#8330,.T.);
#5929=ORIENTED_EDGE('',*,*,#8408,.T.);
#5930=ORIENTED_EDGE('',*,*,#8402,.F.);
#5931=ORIENTED_EDGE('',*,*,#8413,.F.);
#5932=ORIENTED_EDGE('',*,*,#8347,.T.);
#5933=ORIENTED_EDGE('',*,*,#8414,.F.);
#5934=ORIENTED_EDGE('',*,*,#8394,.F.);
#5935=ORIENTED_EDGE('',*,*,#8348,.F.);
#5936=ORIENTED_EDGE('',*,*,#8413,.T.);
#5937=ORIENTED_EDGE('',*,*,#8393,.F.);
#5938=ORIENTED_EDGE('',*,*,#8415,.F.);
#5939=ORIENTED_EDGE('',*,*,#8344,.F.);
#5940=ORIENTED_EDGE('',*,*,#8416,.F.);
#5941=ORIENTED_EDGE('',*,*,#8389,.T.);
#5942=ORIENTED_EDGE('',*,*,#8417,.T.);
#5943=ORIENTED_EDGE('',*,*,#8386,.T.);
#5944=ORIENTED_EDGE('',*,*,#8418,.T.);
#5945=ORIENTED_EDGE('',*,*,#8342,.F.);
#5946=ORIENTED_EDGE('',*,*,#8419,.F.);
#5947=ORIENTED_EDGE('',*,*,#8391,.F.);
#5948=ORIENTED_EDGE('',*,*,#8420,.T.);
#5949=ORIENTED_EDGE('',*,*,#8343,.F.);
#5950=ORIENTED_EDGE('',*,*,#8420,.F.);
#5951=ORIENTED_EDGE('',*,*,#8390,.F.);
#5952=ORIENTED_EDGE('',*,*,#8416,.T.);
#5953=ORIENTED_EDGE('',*,*,#8338,.F.);
#5954=ORIENTED_EDGE('',*,*,#8421,.T.);
#5955=ORIENTED_EDGE('',*,*,#8381,.F.);
#5956=ORIENTED_EDGE('',*,*,#8422,.F.);
#5957=ORIENTED_EDGE('',*,*,#8378,.F.);
#5958=ORIENTED_EDGE('',*,*,#8423,.F.);
#5959=ORIENTED_EDGE('',*,*,#8340,.F.);
#5960=ORIENTED_EDGE('',*,*,#8424,.F.);
#5961=ORIENTED_EDGE('',*,*,#8380,.T.);
#5962=ORIENTED_EDGE('',*,*,#8425,.T.);
#5963=ORIENTED_EDGE('',*,*,#8341,.F.);
#5964=ORIENTED_EDGE('',*,*,#8425,.F.);
#5965=ORIENTED_EDGE('',*,*,#8379,.T.);
#5966=ORIENTED_EDGE('',*,*,#8422,.T.);
#5967=ORIENTED_EDGE('',*,*,#8387,.F.);
#5968=ORIENTED_EDGE('',*,*,#8417,.F.);
#5969=ORIENTED_EDGE('',*,*,#8388,.T.);
#5970=ORIENTED_EDGE('',*,*,#8419,.T.);
#5971=ORIENTED_EDGE('',*,*,#8426,.F.);
#5972=ORIENTED_EDGE('',*,*,#8345,.T.);
#5973=ORIENTED_EDGE('',*,*,#8418,.F.);
#5974=ORIENTED_EDGE('',*,*,#8385,.F.);
#5975=ORIENTED_EDGE('',*,*,#8346,.F.);
#5976=ORIENTED_EDGE('',*,*,#8426,.T.);
#5977=ORIENTED_EDGE('',*,*,#8384,.T.);
#5978=ORIENTED_EDGE('',*,*,#8376,.F.);
#5979=ORIENTED_EDGE('',*,*,#8395,.T.);
#5980=ORIENTED_EDGE('',*,*,#8414,.T.);
#5981=ORIENTED_EDGE('',*,*,#8325,.F.);
#5982=ORIENTED_EDGE('',*,*,#8415,.T.);
#5983=ORIENTED_EDGE('',*,*,#8392,.T.);
#5984=ORIENTED_EDGE('',*,*,#8427,.F.);
#5985=ORIENTED_EDGE('',*,*,#8326,.F.);
#5986=ORIENTED_EDGE('',*,*,#8427,.T.);
#5987=ORIENTED_EDGE('',*,*,#8406,.T.);
#5988=ORIENTED_EDGE('',*,*,#8410,.T.);
#5989=ORIENTED_EDGE('',*,*,#8428,.F.);
#5990=ORIENTED_EDGE('',*,*,#8332,.T.);
#5991=ORIENTED_EDGE('',*,*,#8411,.T.);
#5992=ORIENTED_EDGE('',*,*,#8400,.F.);
#5993=ORIENTED_EDGE('',*,*,#8429,.F.);
#5994=ORIENTED_EDGE('',*,*,#8335,.T.);
#5995=ORIENTED_EDGE('',*,*,#8430,.F.);
#5996=ORIENTED_EDGE('',*,*,#8397,.F.);
#5997=ORIENTED_EDGE('',*,*,#8334,.F.);
#5998=ORIENTED_EDGE('',*,*,#8431,.F.);
#5999=ORIENTED_EDGE('',*,*,#8398,.F.);
#6000=ORIENTED_EDGE('',*,*,#8430,.T.);
#6001=ORIENTED_EDGE('',*,*,#8432,.F.);
#6002=ORIENTED_EDGE('',*,*,#8336,.T.);
#6003=ORIENTED_EDGE('',*,*,#8429,.T.);
#6004=ORIENTED_EDGE('',*,*,#8396,.F.);
#6005=ORIENTED_EDGE('',*,*,#8374,.T.);
#6006=ORIENTED_EDGE('',*,*,#8383,.F.);
#6007=ORIENTED_EDGE('',*,*,#8431,.T.);
#6008=ORIENTED_EDGE('',*,*,#8333,.T.);
#6009=ORIENTED_EDGE('',*,*,#8428,.T.);
#6010=ORIENTED_EDGE('',*,*,#8399,.F.);
#6011=ORIENTED_EDGE('',*,*,#8339,.F.);
#6012=ORIENTED_EDGE('',*,*,#8423,.T.);
#6013=ORIENTED_EDGE('',*,*,#8377,.F.);
#6014=ORIENTED_EDGE('',*,*,#8424,.T.);
#6015=ORIENTED_EDGE('',*,*,#8421,.F.);
#6016=ORIENTED_EDGE('',*,*,#8337,.T.);
#6017=ORIENTED_EDGE('',*,*,#8432,.T.);
#6018=ORIENTED_EDGE('',*,*,#8382,.F.);
#6019=ORIENTED_EDGE('',*,*,#8433,.F.);
#6020=ORIENTED_EDGE('',*,*,#8434,.F.);
#6021=ORIENTED_EDGE('',*,*,#8435,.T.);
#6022=ORIENTED_EDGE('',*,*,#8436,.T.);
#6023=ORIENTED_EDGE('',*,*,#8350,.F.);
#6024=ORIENTED_EDGE('',*,*,#8437,.F.);
#6025=ORIENTED_EDGE('',*,*,#8436,.F.);
#6026=ORIENTED_EDGE('',*,*,#8438,.T.);
#6027=ORIENTED_EDGE('',*,*,#8351,.F.);
#6028=ORIENTED_EDGE('',*,*,#8438,.F.);
#6029=ORIENTED_EDGE('',*,*,#8435,.F.);
#6030=ORIENTED_EDGE('',*,*,#8439,.T.);
#6031=ORIENTED_EDGE('',*,*,#8352,.F.);
#6032=ORIENTED_EDGE('',*,*,#8439,.F.);
#6033=ORIENTED_EDGE('',*,*,#8434,.T.);
#6034=ORIENTED_EDGE('',*,*,#8440,.T.);
#6035=ORIENTED_EDGE('',*,*,#8349,.F.);
#6036=ORIENTED_EDGE('',*,*,#8440,.F.);
#6037=ORIENTED_EDGE('',*,*,#8433,.T.);
#6038=ORIENTED_EDGE('',*,*,#8437,.T.);
#6039=ORIENTED_EDGE('',*,*,#8441,.T.);
#6040=ORIENTED_EDGE('',*,*,#8442,.F.);
#6041=ORIENTED_EDGE('',*,*,#8443,.F.);
#6042=ORIENTED_EDGE('',*,*,#8444,.F.);
#6043=ORIENTED_EDGE('',*,*,#8445,.T.);
#6044=ORIENTED_EDGE('',*,*,#8322,.T.);
#6045=ORIENTED_EDGE('',*,*,#8446,.F.);
#6046=ORIENTED_EDGE('',*,*,#8442,.T.);
#6047=ORIENTED_EDGE('',*,*,#8323,.F.);
#6048=ORIENTED_EDGE('',*,*,#8445,.F.);
#6049=ORIENTED_EDGE('',*,*,#8441,.F.);
#6050=ORIENTED_EDGE('',*,*,#8447,.T.);
#6051=ORIENTED_EDGE('',*,*,#8324,.F.);
#6052=ORIENTED_EDGE('',*,*,#8447,.F.);
#6053=ORIENTED_EDGE('',*,*,#8444,.T.);
#6054=ORIENTED_EDGE('',*,*,#8448,.T.);
#6055=ORIENTED_EDGE('',*,*,#8321,.F.);
#6056=ORIENTED_EDGE('',*,*,#8448,.F.);
#6057=ORIENTED_EDGE('',*,*,#8443,.T.);
#6058=ORIENTED_EDGE('',*,*,#8446,.T.);
#6059=ORIENTED_EDGE('',*,*,#8449,.F.);
#6060=ORIENTED_EDGE('',*,*,#8450,.T.);
#6061=ORIENTED_EDGE('',*,*,#8451,.T.);
#6062=ORIENTED_EDGE('',*,*,#8452,.T.);
#6063=ORIENTED_EDGE('',*,*,#8453,.T.);
#6064=ORIENTED_EDGE('',*,*,#8355,.T.);
#6065=ORIENTED_EDGE('',*,*,#8454,.F.);
#6066=ORIENTED_EDGE('',*,*,#8450,.F.);
#6067=ORIENTED_EDGE('',*,*,#8353,.F.);
#6068=ORIENTED_EDGE('',*,*,#8455,.F.);
#6069=ORIENTED_EDGE('',*,*,#8452,.F.);
#6070=ORIENTED_EDGE('',*,*,#8456,.T.);
#6071=ORIENTED_EDGE('',*,*,#8354,.F.);
#6072=ORIENTED_EDGE('',*,*,#8456,.F.);
#6073=ORIENTED_EDGE('',*,*,#8451,.F.);
#6074=ORIENTED_EDGE('',*,*,#8454,.T.);
#6075=ORIENTED_EDGE('',*,*,#8356,.F.);
#6076=ORIENTED_EDGE('',*,*,#8453,.F.);
#6077=ORIENTED_EDGE('',*,*,#8449,.T.);
#6078=ORIENTED_EDGE('',*,*,#8455,.T.);
#6079=ORIENTED_EDGE('',*,*,#8457,.F.);
#6080=ORIENTED_EDGE('',*,*,#8458,.F.);
#6081=ORIENTED_EDGE('',*,*,#8459,.T.);
#6082=ORIENTED_EDGE('',*,*,#8460,.F.);
#6083=ORIENTED_EDGE('',*,*,#8461,.F.);
#6084=ORIENTED_EDGE('',*,*,#8319,.T.);
#6085=ORIENTED_EDGE('',*,*,#8462,.F.);
#6086=ORIENTED_EDGE('',*,*,#8458,.T.);
#6087=ORIENTED_EDGE('',*,*,#8318,.F.);
#6088=ORIENTED_EDGE('',*,*,#8463,.F.);
#6089=ORIENTED_EDGE('',*,*,#8459,.F.);
#6090=ORIENTED_EDGE('',*,*,#8462,.T.);
#6091=ORIENTED_EDGE('',*,*,#8320,.F.);
#6092=ORIENTED_EDGE('',*,*,#8461,.T.);
#6093=ORIENTED_EDGE('',*,*,#8457,.T.);
#6094=ORIENTED_EDGE('',*,*,#8464,.T.);
#6095=ORIENTED_EDGE('',*,*,#8317,.F.);
#6096=ORIENTED_EDGE('',*,*,#8464,.F.);
#6097=ORIENTED_EDGE('',*,*,#8460,.T.);
#6098=ORIENTED_EDGE('',*,*,#8463,.T.);
#6099=ORIENTED_EDGE('',*,*,#8358,.F.);
#6100=ORIENTED_EDGE('',*,*,#8465,.F.);
#6101=ORIENTED_EDGE('',*,*,#8466,.T.);
#6102=ORIENTED_EDGE('',*,*,#8467,.T.);
#6103=ORIENTED_EDGE('',*,*,#8360,.F.);
#6104=ORIENTED_EDGE('',*,*,#8468,.F.);
#6105=ORIENTED_EDGE('',*,*,#8469,.F.);
#6106=ORIENTED_EDGE('',*,*,#8470,.T.);
#6107=ORIENTED_EDGE('',*,*,#8357,.F.);
#6108=ORIENTED_EDGE('',*,*,#8470,.F.);
#6109=ORIENTED_EDGE('',*,*,#8471,.F.);
#6110=ORIENTED_EDGE('',*,*,#8465,.T.);
#6111=ORIENTED_EDGE('',*,*,#8468,.T.);
#6112=ORIENTED_EDGE('',*,*,#8359,.T.);
#6113=ORIENTED_EDGE('',*,*,#8467,.F.);
#6114=ORIENTED_EDGE('',*,*,#8472,.F.);
#6115=ORIENTED_EDGE('',*,*,#8469,.T.);
#6116=ORIENTED_EDGE('',*,*,#8472,.T.);
#6117=ORIENTED_EDGE('',*,*,#8466,.F.);
#6118=ORIENTED_EDGE('',*,*,#8471,.T.);
#6119=ORIENTED_EDGE('',*,*,#8473,.T.);
#6120=ORIENTED_EDGE('',*,*,#8474,.T.);
#6121=ORIENTED_EDGE('',*,*,#8475,.T.);
#6122=ORIENTED_EDGE('',*,*,#8476,.T.);
#6123=ORIENTED_EDGE('',*,*,#8477,.T.);
#6124=ORIENTED_EDGE('',*,*,#8478,.F.);
#6125=ORIENTED_EDGE('',*,*,#8479,.T.);
#6126=ORIENTED_EDGE('',*,*,#8480,.T.);
#6127=ORIENTED_EDGE('',*,*,#8481,.T.);
#6128=ORIENTED_EDGE('',*,*,#8482,.T.);
#6129=ORIENTED_EDGE('',*,*,#8483,.T.);
#6130=ORIENTED_EDGE('',*,*,#8484,.T.);
#6131=ORIENTED_EDGE('',*,*,#8485,.T.);
#6132=ORIENTED_EDGE('',*,*,#8486,.F.);
#6133=ORIENTED_EDGE('',*,*,#8487,.T.);
#6134=ORIENTED_EDGE('',*,*,#8488,.F.);
#6135=ORIENTED_EDGE('',*,*,#8489,.T.);
#6136=ORIENTED_EDGE('',*,*,#8490,.F.);
#6137=ORIENTED_EDGE('',*,*,#8491,.F.);
#6138=ORIENTED_EDGE('',*,*,#8492,.T.);
#6139=ORIENTED_EDGE('',*,*,#8493,.T.);
#6140=ORIENTED_EDGE('',*,*,#8494,.T.);
#6141=ORIENTED_EDGE('',*,*,#8495,.F.);
#6142=ORIENTED_EDGE('',*,*,#8496,.T.);
#6143=ORIENTED_EDGE('',*,*,#8497,.T.);
#6144=ORIENTED_EDGE('',*,*,#8498,.F.);
#6145=ORIENTED_EDGE('',*,*,#8499,.F.);
#6146=ORIENTED_EDGE('',*,*,#8500,.T.);
#6147=ORIENTED_EDGE('',*,*,#8501,.T.);
#6148=ORIENTED_EDGE('',*,*,#8502,.T.);
#6149=ORIENTED_EDGE('',*,*,#8503,.T.);
#6150=ORIENTED_EDGE('',*,*,#8504,.T.);
#6151=ORIENTED_EDGE('',*,*,#8505,.T.);
#6152=ORIENTED_EDGE('',*,*,#8506,.F.);
#6153=ORIENTED_EDGE('',*,*,#8507,.T.);
#6154=ORIENTED_EDGE('',*,*,#8508,.F.);
#6155=ORIENTED_EDGE('',*,*,#8509,.T.);
#6156=ORIENTED_EDGE('',*,*,#8510,.F.);
#6157=ORIENTED_EDGE('',*,*,#8511,.F.);
#6158=ORIENTED_EDGE('',*,*,#8512,.T.);
#6159=ORIENTED_EDGE('',*,*,#8513,.T.);
#6160=ORIENTED_EDGE('',*,*,#8514,.F.);
#6161=ORIENTED_EDGE('',*,*,#8515,.F.);
#6162=ORIENTED_EDGE('',*,*,#8516,.T.);
#6163=ORIENTED_EDGE('',*,*,#8506,.T.);
#6164=ORIENTED_EDGE('',*,*,#8517,.T.);
#6165=ORIENTED_EDGE('',*,*,#8518,.T.);
#6166=ORIENTED_EDGE('',*,*,#8519,.T.);
#6167=ORIENTED_EDGE('',*,*,#8520,.T.);
#6168=ORIENTED_EDGE('',*,*,#8521,.F.);
#6169=ORIENTED_EDGE('',*,*,#8514,.T.);
#6170=ORIENTED_EDGE('',*,*,#8522,.T.);
#6171=ORIENTED_EDGE('',*,*,#8523,.T.);
#6172=ORIENTED_EDGE('',*,*,#8524,.F.);
#6173=ORIENTED_EDGE('',*,*,#8525,.T.);
#6174=ORIENTED_EDGE('',*,*,#8526,.F.);
#6175=ORIENTED_EDGE('',*,*,#8490,.T.);
#6176=ORIENTED_EDGE('',*,*,#8527,.T.);
#6177=ORIENTED_EDGE('',*,*,#8528,.T.);
#6178=ORIENTED_EDGE('',*,*,#8529,.T.);
#6179=ORIENTED_EDGE('',*,*,#8530,.T.);
#6180=ORIENTED_EDGE('',*,*,#8531,.T.);
#6181=ORIENTED_EDGE('',*,*,#8532,.F.);
#6182=ORIENTED_EDGE('',*,*,#8533,.T.);
#6183=ORIENTED_EDGE('',*,*,#8508,.T.);
#6184=ORIENTED_EDGE('',*,*,#8534,.T.);
#6185=ORIENTED_EDGE('',*,*,#8535,.F.);
#6186=ORIENTED_EDGE('',*,*,#8536,.T.);
#6187=ORIENTED_EDGE('',*,*,#8537,.T.);
#6188=ORIENTED_EDGE('',*,*,#8538,.T.);
#6189=ORIENTED_EDGE('',*,*,#8539,.T.);
#6190=ORIENTED_EDGE('',*,*,#8540,.T.);
#6191=ORIENTED_EDGE('',*,*,#8486,.T.);
#6192=ORIENTED_EDGE('',*,*,#8541,.T.);
#6193=ORIENTED_EDGE('',*,*,#8542,.T.);
#6194=ORIENTED_EDGE('',*,*,#8543,.T.);
#6195=ORIENTED_EDGE('',*,*,#8544,.T.);
#6196=ORIENTED_EDGE('',*,*,#8545,.F.);
#6197=ORIENTED_EDGE('',*,*,#8498,.T.);
#6198=ORIENTED_EDGE('',*,*,#8546,.T.);
#6199=ORIENTED_EDGE('',*,*,#8547,.T.);
#6200=ORIENTED_EDGE('',*,*,#8548,.F.);
#6201=ORIENTED_EDGE('',*,*,#8549,.T.);
#6202=ORIENTED_EDGE('',*,*,#8550,.F.);
#6203=ORIENTED_EDGE('',*,*,#8510,.T.);
#6204=ORIENTED_EDGE('',*,*,#8551,.T.);
#6205=ORIENTED_EDGE('',*,*,#8552,.T.);
#6206=ORIENTED_EDGE('',*,*,#8553,.T.);
#6207=ORIENTED_EDGE('',*,*,#8488,.T.);
#6208=ORIENTED_EDGE('',*,*,#8554,.T.);
#6209=ORIENTED_EDGE('',*,*,#8555,.T.);
#6210=ORIENTED_EDGE('',*,*,#8556,.F.);
#6211=ORIENTED_EDGE('',*,*,#8557,.T.);
#6212=ORIENTED_EDGE('',*,*,#8558,.T.);
#6213=ORIENTED_EDGE('',*,*,#8559,.T.);
#6214=ORIENTED_EDGE('',*,*,#8560,.F.);
#6215=ORIENTED_EDGE('',*,*,#8561,.T.);
#6216=ORIENTED_EDGE('',*,*,#8562,.T.);
#6217=ORIENTED_EDGE('',*,*,#8563,.T.);
#6218=ORIENTED_EDGE('',*,*,#8564,.F.);
#6219=ORIENTED_EDGE('',*,*,#8565,.T.);
#6220=ORIENTED_EDGE('',*,*,#8566,.T.);
#6221=ORIENTED_EDGE('',*,*,#8567,.T.);
#6222=ORIENTED_EDGE('',*,*,#8568,.T.);
#6223=ORIENTED_EDGE('',*,*,#8569,.F.);
#6224=ORIENTED_EDGE('',*,*,#8570,.T.);
#6225=ORIENTED_EDGE('',*,*,#8571,.T.);
#6226=ORIENTED_EDGE('',*,*,#8572,.T.);
#6227=ORIENTED_EDGE('',*,*,#8573,.F.);
#6228=ORIENTED_EDGE('',*,*,#8574,.T.);
#6229=ORIENTED_EDGE('',*,*,#8575,.T.);
#6230=ORIENTED_EDGE('',*,*,#8576,.T.);
#6231=ORIENTED_EDGE('',*,*,#8577,.T.);
#6232=ORIENTED_EDGE('',*,*,#8578,.T.);
#6233=ORIENTED_EDGE('',*,*,#8579,.T.);
#6234=ORIENTED_EDGE('',*,*,#8580,.T.);
#6235=ORIENTED_EDGE('',*,*,#8581,.F.);
#6236=ORIENTED_EDGE('',*,*,#8582,.T.);
#6237=ORIENTED_EDGE('',*,*,#8583,.T.);
#6238=ORIENTED_EDGE('',*,*,#8584,.T.);
#6239=ORIENTED_EDGE('',*,*,#8585,.T.);
#6240=ORIENTED_EDGE('',*,*,#8586,.T.);
#6241=ORIENTED_EDGE('',*,*,#8587,.T.);
#6242=ORIENTED_EDGE('',*,*,#8588,.F.);
#6243=ORIENTED_EDGE('',*,*,#8589,.T.);
#6244=ORIENTED_EDGE('',*,*,#8590,.T.);
#6245=ORIENTED_EDGE('',*,*,#8591,.T.);
#6246=ORIENTED_EDGE('',*,*,#8592,.T.);
#6247=ORIENTED_EDGE('',*,*,#8593,.T.);
#6248=ORIENTED_EDGE('',*,*,#8594,.T.);
#6249=ORIENTED_EDGE('',*,*,#8595,.F.);
#6250=ORIENTED_EDGE('',*,*,#8596,.T.);
#6251=ORIENTED_EDGE('',*,*,#8597,.T.);
#6252=ORIENTED_EDGE('',*,*,#8598,.T.);
#6253=ORIENTED_EDGE('',*,*,#8599,.T.);
#6254=ORIENTED_EDGE('',*,*,#8600,.F.);
#6255=ORIENTED_EDGE('',*,*,#8601,.T.);
#6256=ORIENTED_EDGE('',*,*,#8602,.T.);
#6257=ORIENTED_EDGE('',*,*,#8603,.T.);
#6258=ORIENTED_EDGE('',*,*,#8604,.T.);
#6259=ORIENTED_EDGE('',*,*,#8605,.T.);
#6260=ORIENTED_EDGE('',*,*,#8606,.T.);
#6261=ORIENTED_EDGE('',*,*,#8607,.F.);
#6262=ORIENTED_EDGE('',*,*,#8608,.T.);
#6263=ORIENTED_EDGE('',*,*,#8609,.T.);
#6264=ORIENTED_EDGE('',*,*,#8610,.T.);
#6265=ORIENTED_EDGE('',*,*,#8611,.T.);
#6266=ORIENTED_EDGE('',*,*,#8612,.T.);
#6267=ORIENTED_EDGE('',*,*,#8613,.T.);
#6268=ORIENTED_EDGE('',*,*,#8569,.T.);
#6269=ORIENTED_EDGE('',*,*,#8614,.T.);
#6270=ORIENTED_EDGE('',*,*,#8517,.F.);
#6271=ORIENTED_EDGE('',*,*,#8505,.F.);
#6272=ORIENTED_EDGE('',*,*,#8615,.T.);
#6273=ORIENTED_EDGE('',*,*,#8521,.T.);
#6274=ORIENTED_EDGE('',*,*,#8616,.T.);
#6275=ORIENTED_EDGE('',*,*,#8583,.F.);
#6276=ORIENTED_EDGE('',*,*,#8617,.T.);
#6277=ORIENTED_EDGE('',*,*,#8511,.T.);
#6278=ORIENTED_EDGE('',*,*,#8618,.T.);
#6279=ORIENTED_EDGE('',*,*,#8619,.T.);
#6280=ORIENTED_EDGE('',*,*,#8620,.T.);
#6281=ORIENTED_EDGE('',*,*,#8519,.F.);
#6282=ORIENTED_EDGE('',*,*,#8550,.T.);
#6283=ORIENTED_EDGE('',*,*,#8621,.T.);
#6284=ORIENTED_EDGE('',*,*,#8603,.F.);
#6285=ORIENTED_EDGE('',*,*,#8622,.T.);
#6286=ORIENTED_EDGE('',*,*,#8499,.T.);
#6287=ORIENTED_EDGE('',*,*,#8607,.T.);
#6288=ORIENTED_EDGE('',*,*,#8623,.T.);
#6289=ORIENTED_EDGE('',*,*,#8546,.F.);
#6290=ORIENTED_EDGE('',*,*,#8497,.F.);
#6291=ORIENTED_EDGE('',*,*,#8624,.T.);
#6292=ORIENTED_EDGE('',*,*,#8625,.T.);
#6293=ORIENTED_EDGE('',*,*,#8626,.T.);
#6294=ORIENTED_EDGE('',*,*,#8627,.T.);
#6295=ORIENTED_EDGE('',*,*,#8548,.T.);
#6296=ORIENTED_EDGE('',*,*,#8526,.T.);
#6297=ORIENTED_EDGE('',*,*,#8628,.T.);
#6298=ORIENTED_EDGE('',*,*,#8577,.F.);
#6299=ORIENTED_EDGE('',*,*,#8629,.T.);
#6300=ORIENTED_EDGE('',*,*,#8491,.T.);
#6301=ORIENTED_EDGE('',*,*,#8581,.T.);
#6302=ORIENTED_EDGE('',*,*,#8630,.T.);
#6303=ORIENTED_EDGE('',*,*,#8522,.F.);
#6304=ORIENTED_EDGE('',*,*,#8513,.F.);
#6305=ORIENTED_EDGE('',*,*,#8631,.T.);
#6306=ORIENTED_EDGE('',*,*,#8632,.T.);
#6307=ORIENTED_EDGE('',*,*,#8633,.T.);
#6308=ORIENTED_EDGE('',*,*,#8634,.T.);
#6309=ORIENTED_EDGE('',*,*,#8524,.T.);
#6310=ORIENTED_EDGE('',*,*,#8595,.T.);
#6311=ORIENTED_EDGE('',*,*,#8635,.T.);
#6312=ORIENTED_EDGE('',*,*,#8541,.F.);
#6313=ORIENTED_EDGE('',*,*,#8485,.F.);
#6314=ORIENTED_EDGE('',*,*,#8636,.T.);
#6315=ORIENTED_EDGE('',*,*,#8545,.T.);
#6316=ORIENTED_EDGE('',*,*,#8637,.T.);
#6317=ORIENTED_EDGE('',*,*,#8609,.F.);
#6318=ORIENTED_EDGE('',*,*,#8638,.T.);
#6319=ORIENTED_EDGE('',*,*,#8495,.T.);
#6320=ORIENTED_EDGE('',*,*,#8639,.T.);
#6321=ORIENTED_EDGE('',*,*,#8640,.T.);
#6322=ORIENTED_EDGE('',*,*,#8641,.T.);
#6323=ORIENTED_EDGE('',*,*,#8543,.F.);
#6324=ORIENTED_EDGE('',*,*,#8580,.F.);
#6325=ORIENTED_EDGE('',*,*,#8642,.T.);
#6326=ORIENTED_EDGE('',*,*,#8632,.F.);
#6327=ORIENTED_EDGE('',*,*,#8523,.F.);
#6328=ORIENTED_EDGE('',*,*,#8630,.F.);
#6329=ORIENTED_EDGE('',*,*,#8634,.F.);
#6330=ORIENTED_EDGE('',*,*,#8643,.T.);
#6331=ORIENTED_EDGE('',*,*,#8578,.F.);
#6332=ORIENTED_EDGE('',*,*,#8628,.F.);
#6333=ORIENTED_EDGE('',*,*,#8525,.F.);
#6334=ORIENTED_EDGE('',*,*,#8594,.F.);
#6335=ORIENTED_EDGE('',*,*,#8644,.T.);
#6336=ORIENTED_EDGE('',*,*,#8639,.F.);
#6337=ORIENTED_EDGE('',*,*,#8542,.F.);
#6338=ORIENTED_EDGE('',*,*,#8635,.F.);
#6339=ORIENTED_EDGE('',*,*,#8641,.F.);
#6340=ORIENTED_EDGE('',*,*,#8645,.T.);
#6341=ORIENTED_EDGE('',*,*,#8592,.F.);
#6342=ORIENTED_EDGE('',*,*,#8637,.F.);
#6343=ORIENTED_EDGE('',*,*,#8544,.F.);
#6344=ORIENTED_EDGE('',*,*,#8606,.F.);
#6345=ORIENTED_EDGE('',*,*,#8646,.T.);
#6346=ORIENTED_EDGE('',*,*,#8625,.F.);
#6347=ORIENTED_EDGE('',*,*,#8547,.F.);
#6348=ORIENTED_EDGE('',*,*,#8623,.F.);
#6349=ORIENTED_EDGE('',*,*,#8627,.F.);
#6350=ORIENTED_EDGE('',*,*,#8647,.T.);
#6351=ORIENTED_EDGE('',*,*,#8604,.F.);
#6352=ORIENTED_EDGE('',*,*,#8621,.F.);
#6353=ORIENTED_EDGE('',*,*,#8549,.F.);
#6354=ORIENTED_EDGE('',*,*,#8620,.F.);
#6355=ORIENTED_EDGE('',*,*,#8648,.T.);
#6356=ORIENTED_EDGE('',*,*,#8566,.F.);
#6357=ORIENTED_EDGE('',*,*,#8616,.F.);
#6358=ORIENTED_EDGE('',*,*,#8520,.F.);
#6359=ORIENTED_EDGE('',*,*,#8568,.F.);
#6360=ORIENTED_EDGE('',*,*,#8649,.T.);
#6361=ORIENTED_EDGE('',*,*,#8618,.F.);
#6362=ORIENTED_EDGE('',*,*,#8518,.F.);
#6363=ORIENTED_EDGE('',*,*,#8614,.F.);
#6364=ORIENTED_EDGE('',*,*,#8650,.F.);
#6365=ORIENTED_EDGE('',*,*,#8651,.T.);
#6366=ORIENTED_EDGE('',*,*,#8564,.T.);
#6367=ORIENTED_EDGE('',*,*,#8652,.T.);
#6368=ORIENTED_EDGE('',*,*,#8573,.T.);
#6369=ORIENTED_EDGE('',*,*,#8590,.F.);
#6370=ORIENTED_EDGE('',*,*,#8653,.T.);
#6371=ORIENTED_EDGE('',*,*,#8556,.T.);
#6372=ORIENTED_EDGE('',*,*,#8654,.T.);
#6373=ORIENTED_EDGE('',*,*,#8655,.F.);
#6374=ORIENTED_EDGE('',*,*,#8656,.T.);
#6375=ORIENTED_EDGE('',*,*,#8655,.T.);
#6376=ORIENTED_EDGE('',*,*,#8657,.T.);
#6377=ORIENTED_EDGE('',*,*,#8650,.T.);
#6378=ORIENTED_EDGE('',*,*,#8572,.F.);
#6379=ORIENTED_EDGE('',*,*,#8658,.T.);
#6380=ORIENTED_EDGE('',*,*,#8591,.F.);
#6381=ORIENTED_EDGE('',*,*,#8558,.F.);
#6382=ORIENTED_EDGE('',*,*,#8659,.T.);
#6383=ORIENTED_EDGE('',*,*,#8588,.T.);
#6384=ORIENTED_EDGE('',*,*,#8660,.T.);
#6385=ORIENTED_EDGE('',*,*,#8661,.T.);
#6386=ORIENTED_EDGE('',*,*,#8560,.T.);
#6387=ORIENTED_EDGE('',*,*,#8662,.T.);
#6388=ORIENTED_EDGE('',*,*,#8663,.F.);
#6389=ORIENTED_EDGE('',*,*,#8599,.F.);
#6390=ORIENTED_EDGE('',*,*,#8664,.T.);
#6391=ORIENTED_EDGE('',*,*,#8665,.T.);
#6392=ORIENTED_EDGE('',*,*,#8663,.T.);
#6393=ORIENTED_EDGE('',*,*,#8666,.T.);
#6394=ORIENTED_EDGE('',*,*,#8660,.F.);
#6395=ORIENTED_EDGE('',*,*,#8587,.F.);
#6396=ORIENTED_EDGE('',*,*,#8667,.T.);
#6397=ORIENTED_EDGE('',*,*,#8600,.T.);
#6398=ORIENTED_EDGE('',*,*,#8668,.T.);
#6399=ORIENTED_EDGE('',*,*,#8669,.T.);
#6400=ORIENTED_EDGE('',*,*,#8670,.T.);
#6401=ORIENTED_EDGE('',*,*,#8671,.T.);
#6402=ORIENTED_EDGE('',*,*,#8672,.F.);
#6403=ORIENTED_EDGE('',*,*,#8668,.F.);
#6404=ORIENTED_EDGE('',*,*,#8673,.T.);
#6405=ORIENTED_EDGE('',*,*,#8674,.F.);
#6406=ORIENTED_EDGE('',*,*,#8675,.T.);
#6407=ORIENTED_EDGE('',*,*,#8535,.T.);
#6408=ORIENTED_EDGE('',*,*,#8676,.T.);
#6409=ORIENTED_EDGE('',*,*,#8515,.T.);
#6410=ORIENTED_EDGE('',*,*,#8677,.T.);
#6411=ORIENTED_EDGE('',*,*,#8678,.T.);
#6412=ORIENTED_EDGE('',*,*,#8679,.T.);
#6413=ORIENTED_EDGE('',*,*,#8674,.T.);
#6414=ORIENTED_EDGE('',*,*,#8680,.T.);
#6415=ORIENTED_EDGE('',*,*,#8681,.T.);
#6416=ORIENTED_EDGE('',*,*,#8681,.F.);
#6417=ORIENTED_EDGE('',*,*,#8672,.T.);
#6418=ORIENTED_EDGE('',*,*,#8682,.F.);
#6419=ORIENTED_EDGE('',*,*,#8682,.T.);
#6420=ORIENTED_EDGE('',*,*,#8656,.F.);
#6421=ORIENTED_EDGE('',*,*,#8653,.F.);
#6422=ORIENTED_EDGE('',*,*,#8589,.F.);
#6423=ORIENTED_EDGE('',*,*,#8659,.F.);
#6424=ORIENTED_EDGE('',*,*,#8557,.F.);
#6425=ORIENTED_EDGE('',*,*,#8565,.F.);
#6426=ORIENTED_EDGE('',*,*,#8651,.F.);
#6427=ORIENTED_EDGE('',*,*,#8657,.F.);
#6428=ORIENTED_EDGE('',*,*,#8654,.F.);
#6429=ORIENTED_EDGE('',*,*,#8559,.F.);
#6430=ORIENTED_EDGE('',*,*,#8661,.F.);
#6431=ORIENTED_EDGE('',*,*,#8666,.F.);
#6432=ORIENTED_EDGE('',*,*,#8662,.F.);
#6433=ORIENTED_EDGE('',*,*,#8597,.F.);
#6434=ORIENTED_EDGE('',*,*,#8683,.T.);
#6435=ORIENTED_EDGE('',*,*,#8610,.F.);
#6436=ORIENTED_EDGE('',*,*,#8684,.F.);
#6437=ORIENTED_EDGE('',*,*,#8664,.F.);
#6438=ORIENTED_EDGE('',*,*,#8598,.F.);
#6439=ORIENTED_EDGE('',*,*,#8685,.F.);
#6440=ORIENTED_EDGE('',*,*,#8561,.F.);
#6441=ORIENTED_EDGE('',*,*,#8652,.F.);
#6442=ORIENTED_EDGE('',*,*,#8563,.F.);
#6443=ORIENTED_EDGE('',*,*,#8686,.F.);
#6444=ORIENTED_EDGE('',*,*,#8574,.F.);
#6445=ORIENTED_EDGE('',*,*,#8612,.F.);
#6446=ORIENTED_EDGE('',*,*,#8687,.T.);
#6447=ORIENTED_EDGE('',*,*,#8575,.F.);
#6448=ORIENTED_EDGE('',*,*,#8688,.F.);
#6449=ORIENTED_EDGE('',*,*,#8685,.T.);
#6450=ORIENTED_EDGE('',*,*,#8684,.T.);
#6451=ORIENTED_EDGE('',*,*,#8689,.F.);
#6452=ORIENTED_EDGE('',*,*,#8688,.T.);
#6453=ORIENTED_EDGE('',*,*,#8686,.T.);
#6454=ORIENTED_EDGE('',*,*,#8690,.F.);
#6455=ORIENTED_EDGE('',*,*,#8689,.T.);
#6456=ORIENTED_EDGE('',*,*,#8613,.F.);
#6457=ORIENTED_EDGE('',*,*,#8690,.T.);
#6458=ORIENTED_EDGE('',*,*,#8562,.F.);
#6459=ORIENTED_EDGE('',*,*,#8586,.F.);
#6460=ORIENTED_EDGE('',*,*,#8691,.T.);
#6461=ORIENTED_EDGE('',*,*,#8601,.F.);
#6462=ORIENTED_EDGE('',*,*,#8667,.F.);
#6463=ORIENTED_EDGE('',*,*,#8571,.F.);
#6464=ORIENTED_EDGE('',*,*,#8692,.T.);
#6465=ORIENTED_EDGE('',*,*,#8584,.F.);
#6466=ORIENTED_EDGE('',*,*,#8658,.F.);
#6467=ORIENTED_EDGE('',*,*,#8693,.F.);
#6468=ORIENTED_EDGE('',*,*,#8551,.F.);
#6469=ORIENTED_EDGE('',*,*,#8509,.F.);
#6470=ORIENTED_EDGE('',*,*,#8533,.F.);
#6471=ORIENTED_EDGE('',*,*,#8675,.F.);
#6472=ORIENTED_EDGE('',*,*,#8679,.F.);
#6473=ORIENTED_EDGE('',*,*,#8694,.F.);
#6474=ORIENTED_EDGE('',*,*,#8536,.F.);
#6475=ORIENTED_EDGE('',*,*,#8476,.F.);
#6476=ORIENTED_EDGE('',*,*,#8695,.T.);
#6477=ORIENTED_EDGE('',*,*,#8530,.F.);
#6478=ORIENTED_EDGE('',*,*,#8696,.F.);
#6479=ORIENTED_EDGE('',*,*,#8539,.F.);
#6480=ORIENTED_EDGE('',*,*,#8697,.T.);
#6481=ORIENTED_EDGE('',*,*,#8473,.F.);
#6482=ORIENTED_EDGE('',*,*,#8698,.F.);
#6483=ORIENTED_EDGE('',*,*,#8487,.F.);
#6484=ORIENTED_EDGE('',*,*,#8540,.F.);
#6485=ORIENTED_EDGE('',*,*,#8699,.F.);
#6486=ORIENTED_EDGE('',*,*,#8554,.F.);
#6487=ORIENTED_EDGE('',*,*,#8696,.T.);
#6488=ORIENTED_EDGE('',*,*,#8694,.T.);
#6489=ORIENTED_EDGE('',*,*,#8700,.F.);
#6490=ORIENTED_EDGE('',*,*,#8699,.T.);
#6491=ORIENTED_EDGE('',*,*,#8698,.T.);
#6492=ORIENTED_EDGE('',*,*,#8701,.F.);
#6493=ORIENTED_EDGE('',*,*,#8673,.F.);
#6494=ORIENTED_EDGE('',*,*,#8671,.F.);
#6495=ORIENTED_EDGE('',*,*,#8702,.F.);
#6496=ORIENTED_EDGE('',*,*,#8680,.F.);
#6497=ORIENTED_EDGE('',*,*,#8700,.T.);
#6498=ORIENTED_EDGE('',*,*,#8678,.F.);
#6499=ORIENTED_EDGE('',*,*,#8703,.F.);
#6500=ORIENTED_EDGE('',*,*,#8477,.F.);
#6501=ORIENTED_EDGE('',*,*,#8701,.T.);
#6502=ORIENTED_EDGE('',*,*,#8481,.F.);
#6503=ORIENTED_EDGE('',*,*,#8704,.F.);
#6504=ORIENTED_EDGE('',*,*,#8552,.F.);
#6505=ORIENTED_EDGE('',*,*,#8489,.F.);
#6506=ORIENTED_EDGE('',*,*,#8553,.F.);
#6507=ORIENTED_EDGE('',*,*,#8705,.F.);
#6508=ORIENTED_EDGE('',*,*,#8527,.F.);
#6509=ORIENTED_EDGE('',*,*,#8703,.T.);
#6510=ORIENTED_EDGE('',*,*,#8702,.T.);
#6511=ORIENTED_EDGE('',*,*,#8706,.F.);
#6512=ORIENTED_EDGE('',*,*,#8478,.T.);
#6513=ORIENTED_EDGE('',*,*,#8705,.T.);
#6514=ORIENTED_EDGE('',*,*,#8704,.T.);
#6515=ORIENTED_EDGE('',*,*,#8707,.F.);
#6516=ORIENTED_EDGE('',*,*,#8706,.T.);
#6517=ORIENTED_EDGE('',*,*,#8670,.F.);
#6518=ORIENTED_EDGE('',*,*,#8708,.F.);
#6519=ORIENTED_EDGE('',*,*,#8479,.F.);
#6520=ORIENTED_EDGE('',*,*,#8707,.T.);
#6521=ORIENTED_EDGE('',*,*,#8480,.F.);
#6522=ORIENTED_EDGE('',*,*,#8709,.F.);
#6523=ORIENTED_EDGE('',*,*,#8528,.F.);
#6524=ORIENTED_EDGE('',*,*,#8709,.T.);
#6525=ORIENTED_EDGE('',*,*,#8708,.T.);
#6526=ORIENTED_EDGE('',*,*,#8710,.F.);
#6527=ORIENTED_EDGE('',*,*,#8710,.T.);
#6528=ORIENTED_EDGE('',*,*,#8669,.F.);
#6529=ORIENTED_EDGE('',*,*,#8677,.F.);
#6530=ORIENTED_EDGE('',*,*,#8529,.F.);
#6531=ORIENTED_EDGE('',*,*,#8507,.F.);
#6532=ORIENTED_EDGE('',*,*,#8516,.F.);
#6533=ORIENTED_EDGE('',*,*,#8676,.F.);
#6534=ORIENTED_EDGE('',*,*,#8534,.F.);
#6535=ORIENTED_EDGE('',*,*,#8629,.F.);
#6536=ORIENTED_EDGE('',*,*,#8576,.F.);
#6537=ORIENTED_EDGE('',*,*,#8711,.F.);
#6538=ORIENTED_EDGE('',*,*,#8492,.F.);
#6539=ORIENTED_EDGE('',*,*,#8711,.T.);
#6540=ORIENTED_EDGE('',*,*,#8687,.F.);
#6541=ORIENTED_EDGE('',*,*,#8712,.F.);
#6542=ORIENTED_EDGE('',*,*,#8493,.F.);
#6543=ORIENTED_EDGE('',*,*,#8712,.T.);
#6544=ORIENTED_EDGE('',*,*,#8611,.F.);
#6545=ORIENTED_EDGE('',*,*,#8713,.F.);
#6546=ORIENTED_EDGE('',*,*,#8494,.F.);
#6547=ORIENTED_EDGE('',*,*,#8636,.F.);
#6548=ORIENTED_EDGE('',*,*,#8484,.F.);
#6549=ORIENTED_EDGE('',*,*,#8714,.F.);
#6550=ORIENTED_EDGE('',*,*,#8596,.F.);
#6551=ORIENTED_EDGE('',*,*,#8713,.T.);
#6552=ORIENTED_EDGE('',*,*,#8683,.F.);
#6553=ORIENTED_EDGE('',*,*,#8714,.T.);
#6554=ORIENTED_EDGE('',*,*,#8483,.F.);
#6555=ORIENTED_EDGE('',*,*,#8638,.F.);
#6556=ORIENTED_EDGE('',*,*,#8608,.F.);
#6557=ORIENTED_EDGE('',*,*,#8624,.F.);
#6558=ORIENTED_EDGE('',*,*,#8496,.F.);
#6559=ORIENTED_EDGE('',*,*,#8615,.F.);
#6560=ORIENTED_EDGE('',*,*,#8504,.F.);
#6561=ORIENTED_EDGE('',*,*,#8715,.F.);
#6562=ORIENTED_EDGE('',*,*,#8570,.F.);
#6563=ORIENTED_EDGE('',*,*,#8715,.T.);
#6564=ORIENTED_EDGE('',*,*,#8503,.F.);
#6565=ORIENTED_EDGE('',*,*,#8716,.F.);
#6566=ORIENTED_EDGE('',*,*,#8692,.F.);
#6567=ORIENTED_EDGE('',*,*,#8716,.T.);
#6568=ORIENTED_EDGE('',*,*,#8502,.F.);
#6569=ORIENTED_EDGE('',*,*,#8717,.F.);
#6570=ORIENTED_EDGE('',*,*,#8585,.F.);
#6571=ORIENTED_EDGE('',*,*,#8717,.T.);
#6572=ORIENTED_EDGE('',*,*,#8501,.F.);
#6573=ORIENTED_EDGE('',*,*,#8718,.F.);
#6574=ORIENTED_EDGE('',*,*,#8691,.F.);
#6575=ORIENTED_EDGE('',*,*,#8622,.F.);
#6576=ORIENTED_EDGE('',*,*,#8602,.F.);
#6577=ORIENTED_EDGE('',*,*,#8718,.T.);
#6578=ORIENTED_EDGE('',*,*,#8500,.F.);
#6579=ORIENTED_EDGE('',*,*,#8617,.F.);
#6580=ORIENTED_EDGE('',*,*,#8582,.F.);
#6581=ORIENTED_EDGE('',*,*,#8631,.F.);
#6582=ORIENTED_EDGE('',*,*,#8512,.F.);
#6583=ORIENTED_EDGE('',*,*,#8649,.F.);
#6584=ORIENTED_EDGE('',*,*,#8567,.F.);
#6585=ORIENTED_EDGE('',*,*,#8648,.F.);
#6586=ORIENTED_EDGE('',*,*,#8619,.F.);
#6587=ORIENTED_EDGE('',*,*,#8643,.F.);
#6588=ORIENTED_EDGE('',*,*,#8633,.F.);
#6589=ORIENTED_EDGE('',*,*,#8642,.F.);
#6590=ORIENTED_EDGE('',*,*,#8579,.F.);
#6591=ORIENTED_EDGE('',*,*,#8644,.F.);
#6592=ORIENTED_EDGE('',*,*,#8593,.F.);
#6593=ORIENTED_EDGE('',*,*,#8645,.F.);
#6594=ORIENTED_EDGE('',*,*,#8640,.F.);
#6595=ORIENTED_EDGE('',*,*,#8647,.F.);
#6596=ORIENTED_EDGE('',*,*,#8626,.F.);
#6597=ORIENTED_EDGE('',*,*,#8646,.F.);
#6598=ORIENTED_EDGE('',*,*,#8605,.F.);
#6599=ORIENTED_EDGE('',*,*,#8719,.T.);
#6600=ORIENTED_EDGE('',*,*,#8482,.F.);
#6601=ORIENTED_EDGE('',*,*,#8719,.F.);
#6602=ORIENTED_EDGE('',*,*,#8555,.F.);
#6603=ORIENTED_EDGE('',*,*,#8720,.T.);
#6604=ORIENTED_EDGE('',*,*,#8721,.T.);
#6605=ORIENTED_EDGE('',*,*,#8722,.T.);
#6606=ORIENTED_EDGE('',*,*,#8723,.T.);
#6607=ORIENTED_EDGE('',*,*,#8724,.F.);
#6608=ORIENTED_EDGE('',*,*,#8725,.T.);
#6609=ORIENTED_EDGE('',*,*,#8726,.T.);
#6610=ORIENTED_EDGE('',*,*,#8727,.F.);
#6611=ORIENTED_EDGE('',*,*,#8724,.T.);
#6612=ORIENTED_EDGE('',*,*,#8728,.T.);
#6613=ORIENTED_EDGE('',*,*,#8729,.F.);
#6614=ORIENTED_EDGE('',*,*,#8693,.T.);
#6615=ORIENTED_EDGE('',*,*,#8532,.T.);
#6616=ORIENTED_EDGE('',*,*,#8730,.T.);
#6617=ORIENTED_EDGE('',*,*,#8720,.F.);
#6618=ORIENTED_EDGE('',*,*,#8727,.T.);
#6619=ORIENTED_EDGE('',*,*,#8731,.T.);
#6620=ORIENTED_EDGE('',*,*,#8537,.F.);
#6621=ORIENTED_EDGE('',*,*,#8732,.T.);
#6622=ORIENTED_EDGE('',*,*,#8733,.T.);
#6623=ORIENTED_EDGE('',*,*,#8729,.T.);
#6624=ORIENTED_EDGE('',*,*,#8733,.F.);
#6625=ORIENTED_EDGE('',*,*,#8734,.T.);
#6626=ORIENTED_EDGE('',*,*,#8732,.F.);
#6627=ORIENTED_EDGE('',*,*,#8731,.F.);
#6628=ORIENTED_EDGE('',*,*,#8726,.F.);
#6629=ORIENTED_EDGE('',*,*,#8735,.F.);
#6630=ORIENTED_EDGE('',*,*,#8538,.F.);
#6631=ORIENTED_EDGE('',*,*,#8735,.T.);
#6632=ORIENTED_EDGE('',*,*,#8725,.F.);
#6633=ORIENTED_EDGE('',*,*,#8736,.F.);
#6634=ORIENTED_EDGE('',*,*,#8697,.F.);
#6635=ORIENTED_EDGE('',*,*,#8736,.T.);
#6636=ORIENTED_EDGE('',*,*,#8728,.F.);
#6637=ORIENTED_EDGE('',*,*,#8737,.F.);
#6638=ORIENTED_EDGE('',*,*,#8474,.F.);
#6639=ORIENTED_EDGE('',*,*,#8730,.F.);
#6640=ORIENTED_EDGE('',*,*,#8531,.F.);
#6641=ORIENTED_EDGE('',*,*,#8738,.F.);
#6642=ORIENTED_EDGE('',*,*,#8721,.F.);
#6643=ORIENTED_EDGE('',*,*,#8737,.T.);
#6644=ORIENTED_EDGE('',*,*,#8723,.F.);
#6645=ORIENTED_EDGE('',*,*,#8739,.F.);
#6646=ORIENTED_EDGE('',*,*,#8475,.F.);
#6647=ORIENTED_EDGE('',*,*,#8738,.T.);
#6648=ORIENTED_EDGE('',*,*,#8695,.F.);
#6649=ORIENTED_EDGE('',*,*,#8739,.T.);
#6650=ORIENTED_EDGE('',*,*,#8722,.F.);
#6651=ORIENTED_EDGE('',*,*,#8734,.F.);
#6652=ORIENTED_EDGE('',*,*,#8665,.F.);
#6653=VERTEX_POINT('',#12430);
#6654=VERTEX_POINT('',#12432);
#6655=VERTEX_POINT('',#12437);
#6656=VERTEX_POINT('',#12438);
#6657=VERTEX_POINT('',#12440);
#6658=VERTEX_POINT('',#12442);
#6659=VERTEX_POINT('',#12446);
#6660=VERTEX_POINT('',#12447);
#6661=VERTEX_POINT('',#12452);
#6662=VERTEX_POINT('',#12453);
#6663=VERTEX_POINT('',#12463);
#6664=VERTEX_POINT('',#12464);
#6665=VERTEX_POINT('',#12466);
#6666=VERTEX_POINT('',#12468);
#6667=VERTEX_POINT('',#12472);
#6668=VERTEX_POINT('',#12473);
#6669=VERTEX_POINT('',#12475);
#6670=VERTEX_POINT('',#12477);
#6671=VERTEX_POINT('',#12481);
#6672=VERTEX_POINT('',#12485);
#6673=VERTEX_POINT('',#12492);
#6674=VERTEX_POINT('',#12493);
#6675=VERTEX_POINT('',#12495);
#6676=VERTEX_POINT('',#12497);
#6677=VERTEX_POINT('',#12501);
#6678=VERTEX_POINT('',#12502);
#6679=VERTEX_POINT('',#12504);
#6680=VERTEX_POINT('',#12506);
#6681=VERTEX_POINT('',#12510);
#6682=VERTEX_POINT('',#12511);
#6683=VERTEX_POINT('',#12513);
#6684=VERTEX_POINT('',#12515);
#6685=VERTEX_POINT('',#12517);
#6686=VERTEX_POINT('',#12519);
#6687=VERTEX_POINT('',#12521);
#6688=VERTEX_POINT('',#12523);
#6689=VERTEX_POINT('',#12526);
#6690=VERTEX_POINT('',#12527);
#6691=VERTEX_POINT('',#12529);
#6692=VERTEX_POINT('',#12531);
#6693=VERTEX_POINT('',#12533);
#6694=VERTEX_POINT('',#12535);
#6695=VERTEX_POINT('',#12537);
#6696=VERTEX_POINT('',#12539);
#6697=VERTEX_POINT('',#12542);
#6698=VERTEX_POINT('',#12543);
#6699=VERTEX_POINT('',#12545);
#6700=VERTEX_POINT('',#12547);
#6701=VERTEX_POINT('',#12550);
#6702=VERTEX_POINT('',#12553);
#6703=VERTEX_POINT('',#12555);
#6704=VERTEX_POINT('',#12557);
#6705=VERTEX_POINT('',#12559);
#6706=VERTEX_POINT('',#12561);
#6707=VERTEX_POINT('',#12563);
#6708=VERTEX_POINT('',#12565);
#6709=VERTEX_POINT('',#12569);
#6710=VERTEX_POINT('',#12570);
#6711=VERTEX_POINT('',#12575);
#6712=VERTEX_POINT('',#12577);
#6713=VERTEX_POINT('',#12581);
#6714=VERTEX_POINT('',#12582);
#6715=VERTEX_POINT('',#12584);
#6716=VERTEX_POINT('',#12586);
#6717=VERTEX_POINT('',#12588);
#6718=VERTEX_POINT('',#12590);
#6719=VERTEX_POINT('',#12592);
#6720=VERTEX_POINT('',#12594);
#6721=VERTEX_POINT('',#12597);
#6722=VERTEX_POINT('',#12598);
#6723=VERTEX_POINT('',#12600);
#6724=VERTEX_POINT('',#12602);
#6725=VERTEX_POINT('',#12604);
#6726=VERTEX_POINT('',#12606);
#6727=VERTEX_POINT('',#12608);
#6728=VERTEX_POINT('',#12610);
#6729=VERTEX_POINT('',#12613);
#6730=VERTEX_POINT('',#12615);
#6731=VERTEX_POINT('',#12617);
#6732=VERTEX_POINT('',#12619);
#6733=VERTEX_POINT('',#12621);
#6734=VERTEX_POINT('',#12623);
#6735=VERTEX_POINT('',#12626);
#6736=VERTEX_POINT('',#12630);
#6737=VERTEX_POINT('',#12642);
#6738=VERTEX_POINT('',#12644);
#6739=VERTEX_POINT('',#12648);
#6740=VERTEX_POINT('',#12649);
#6741=VERTEX_POINT('',#12651);
#6742=VERTEX_POINT('',#12653);
#6743=VERTEX_POINT('',#12678);
#6744=VERTEX_POINT('',#12680);
#6745=VERTEX_POINT('',#12684);
#6746=VERTEX_POINT('',#12686);
#6747=VERTEX_POINT('',#12691);
#6748=VERTEX_POINT('',#12696);
#6749=VERTEX_POINT('',#12707);
#6750=VERTEX_POINT('',#12709);
#6751=VERTEX_POINT('',#12713);
#6752=VERTEX_POINT('',#12715);
#6753=VERTEX_POINT('',#12723);
#6754=VERTEX_POINT('',#12725);
#6755=VERTEX_POINT('',#12729);
#6756=VERTEX_POINT('',#12731);
#6757=VERTEX_POINT('',#12735);
#6758=VERTEX_POINT('',#12736);
#6759=VERTEX_POINT('',#12738);
#6760=VERTEX_POINT('',#12741);
#6761=VERTEX_POINT('',#12745);
#6762=VERTEX_POINT('',#12747);
#6763=VERTEX_POINT('',#12749);
#6764=VERTEX_POINT('',#12751);
#6765=VERTEX_POINT('',#12763);
#6766=VERTEX_POINT('',#12764);
#6767=VERTEX_POINT('',#12766);
#6768=VERTEX_POINT('',#12768);
#6769=VERTEX_POINT('',#12770);
#6770=VERTEX_POINT('',#12772);
#6771=VERTEX_POINT('',#12774);
#6772=VERTEX_POINT('',#12776);
#6773=VERTEX_POINT('',#12780);
#6774=VERTEX_POINT('',#12781);
#6775=VERTEX_POINT('',#12783);
#6776=VERTEX_POINT('',#12785);
#6777=VERTEX_POINT('',#12787);
#6778=VERTEX_POINT('',#12789);
#6779=VERTEX_POINT('',#12791);
#6780=VERTEX_POINT('',#12793);
#6781=VERTEX_POINT('',#12949);
#6782=VERTEX_POINT('',#12950);
#6783=VERTEX_POINT('',#12952);
#6784=VERTEX_POINT('',#12954);
#6785=VERTEX_POINT('',#12956);
#6786=VERTEX_POINT('',#12958);
#6787=VERTEX_POINT('',#12960);
#6788=VERTEX_POINT('',#12962);
#6789=VERTEX_POINT('',#12966);
#6790=VERTEX_POINT('',#12967);
#6791=VERTEX_POINT('',#12969);
#6792=VERTEX_POINT('',#12971);
#6793=VERTEX_POINT('',#12973);
#6794=VERTEX_POINT('',#12975);
#6795=VERTEX_POINT('',#12977);
#6796=VERTEX_POINT('',#12979);
#6797=VERTEX_POINT('',#13144);
#6798=VERTEX_POINT('',#13145);
#6799=VERTEX_POINT('',#13147);
#6800=VERTEX_POINT('',#13149);
#6801=VERTEX_POINT('',#13153);
#6802=VERTEX_POINT('',#13154);
#6803=VERTEX_POINT('',#13156);
#6804=VERTEX_POINT('',#13158);
#6805=VERTEX_POINT('',#13162);
#6806=VERTEX_POINT('',#13163);
#6807=VERTEX_POINT('',#13165);
#6808=VERTEX_POINT('',#13167);
#6809=VERTEX_POINT('',#13169);
#6810=VERTEX_POINT('',#13171);
#6811=VERTEX_POINT('',#13173);
#6812=VERTEX_POINT('',#13175);
#6813=VERTEX_POINT('',#13177);
#6814=VERTEX_POINT('',#13179);
#6815=VERTEX_POINT('',#13183);
#6816=VERTEX_POINT('',#13184);
#6817=VERTEX_POINT('',#13186);
#6818=VERTEX_POINT('',#13188);
#6819=VERTEX_POINT('',#13190);
#6820=VERTEX_POINT('',#13192);
#6821=VERTEX_POINT('',#13194);
#6822=VERTEX_POINT('',#13196);
#6823=VERTEX_POINT('',#13198);
#6824=VERTEX_POINT('',#13200);
#6825=VERTEX_POINT('',#13210);
#6826=VERTEX_POINT('',#13212);
#6827=VERTEX_POINT('',#13217);
#6828=VERTEX_POINT('',#13219);
#6829=VERTEX_POINT('',#13223);
#6830=VERTEX_POINT('',#13224);
#6831=VERTEX_POINT('',#13233);
#6832=VERTEX_POINT('',#13235);
#6833=VERTEX_POINT('',#13245);
#6834=VERTEX_POINT('',#13246);
#6835=VERTEX_POINT('',#13248);
#6836=VERTEX_POINT('',#13250);
#6837=VERTEX_POINT('',#13255);
#6838=VERTEX_POINT('',#13257);
#6839=VERTEX_POINT('',#13259);
#6840=VERTEX_POINT('',#13264);
#6841=VERTEX_POINT('',#13266);
#6842=VERTEX_POINT('',#13268);
#6843=VERTEX_POINT('',#13286);
#6844=VERTEX_POINT('',#13288);
#6845=VERTEX_POINT('',#13293);
#6846=VERTEX_POINT('',#13295);
#6847=VERTEX_POINT('',#13303);
#6848=VERTEX_POINT('',#13305);
#6849=VERTEX_POINT('',#13312);
#6850=VERTEX_POINT('',#13316);
#6851=VERTEX_POINT('',#13318);
#6852=VERTEX_POINT('',#13322);
#6853=VERTEX_POINT('',#13324);
#6854=VERTEX_POINT('',#13332);
#6855=VERTEX_POINT('',#13334);
#6856=VERTEX_POINT('',#13338);
#6857=VERTEX_POINT('',#13342);
#6858=VERTEX_POINT('',#13348);
#6859=VERTEX_POINT('',#13350);
#6860=VERTEX_POINT('',#13354);
#6861=VERTEX_POINT('',#13361);
#6862=VERTEX_POINT('',#13363);
#6863=VERTEX_POINT('',#13367);
#6864=VERTEX_POINT('',#13371);
#6865=VERTEX_POINT('',#13377);
#6866=VERTEX_POINT('',#13379);
#6867=VERTEX_POINT('',#13383);
#6868=VERTEX_POINT('',#13385);
#6869=VERTEX_POINT('',#13393);
#6870=VERTEX_POINT('',#13395);
#6871=VERTEX_POINT('',#13399);
#6872=VERTEX_POINT('',#13401);
#6873=VERTEX_POINT('',#13417);
#6874=VERTEX_POINT('',#13419);
#6875=VERTEX_POINT('',#13423);
#6876=VERTEX_POINT('',#13425);
#6877=VERTEX_POINT('',#13427);
#6878=VERTEX_POINT('',#13437);
#6879=VERTEX_POINT('',#13438);
#6880=VERTEX_POINT('',#13443);
#6881=VERTEX_POINT('',#13445);
#6882=VERTEX_POINT('',#13457);
#6883=VERTEX_POINT('',#13461);
#6884=VERTEX_POINT('',#13462);
#6885=VERTEX_POINT('',#13464);
#6886=VERTEX_POINT('',#13466);
#6887=VERTEX_POINT('',#13470);
#6888=VERTEX_POINT('',#13471);
#6889=VERTEX_POINT('',#13473);
#6890=VERTEX_POINT('',#13475);
#6891=VERTEX_POINT('',#13477);
#6892=VERTEX_POINT('',#13480);
#6893=VERTEX_POINT('',#13483);
#6894=VERTEX_POINT('',#13485);
#6895=VERTEX_POINT('',#13487);
#6896=VERTEX_POINT('',#13490);
#6897=VERTEX_POINT('',#13492);
#6898=VERTEX_POINT('',#13494);
#6899=VERTEX_POINT('',#13496);
#6900=VERTEX_POINT('',#13498);
#6901=VERTEX_POINT('',#13500);
#6902=VERTEX_POINT('',#13502);
#6903=VERTEX_POINT('',#13504);
#6904=VERTEX_POINT('',#13506);
#6905=VERTEX_POINT('',#13510);
#6906=VERTEX_POINT('',#13511);
#6907=VERTEX_POINT('',#13513);
#6908=VERTEX_POINT('',#13515);
#6909=VERTEX_POINT('',#13517);
#6910=VERTEX_POINT('',#13519);
#6911=VERTEX_POINT('',#13521);
#6912=VERTEX_POINT('',#13523);
#6913=VERTEX_POINT('',#13525);
#6914=VERTEX_POINT('',#13527);
#6915=VERTEX_POINT('',#13529);
#6916=VERTEX_POINT('',#13531);
#6917=VERTEX_POINT('',#13533);
#6918=VERTEX_POINT('',#13536);
#6919=VERTEX_POINT('',#13538);
#6920=VERTEX_POINT('',#13540);
#6921=VERTEX_POINT('',#13544);
#6922=VERTEX_POINT('',#13549);
#6923=VERTEX_POINT('',#13551);
#6924=VERTEX_POINT('',#13554);
#6925=VERTEX_POINT('',#13556);
#6926=VERTEX_POINT('',#13566);
#6927=VERTEX_POINT('',#13568);
#6928=VERTEX_POINT('',#13572);
#6929=VERTEX_POINT('',#13576);
#6930=VERTEX_POINT('',#13578);
#6931=VERTEX_POINT('',#13580);
#6932=VERTEX_POINT('',#13584);
#6933=VERTEX_POINT('',#13586);
#6934=VERTEX_POINT('',#13590);
#6935=VERTEX_POINT('',#13594);
#6936=VERTEX_POINT('',#13595);
#6937=VERTEX_POINT('',#13597);
#6938=VERTEX_POINT('',#13604);
#6939=VERTEX_POINT('',#13608);
#6940=VERTEX_POINT('',#13609);
#6941=VERTEX_POINT('',#13611);
#6942=VERTEX_POINT('',#13614);
#6943=VERTEX_POINT('',#13638);
#6944=VERTEX_POINT('',#13639);
#6945=VERTEX_POINT('',#13644);
#6946=VERTEX_POINT('',#13645);
#6947=VERTEX_POINT('',#13647);
#6948=VERTEX_POINT('',#13649);
#6949=VERTEX_POINT('',#13651);
#6950=VERTEX_POINT('',#13653);
#6951=VERTEX_POINT('',#13655);
#6952=VERTEX_POINT('',#13657);
#6953=VERTEX_POINT('',#13661);
#6954=VERTEX_POINT('',#13662);
#6955=VERTEX_POINT('',#13667);
#6956=VERTEX_POINT('',#13668);
#6957=VERTEX_POINT('',#13670);
#6958=VERTEX_POINT('',#13672);
#6959=VERTEX_POINT('',#13674);
#6960=VERTEX_POINT('',#13676);
#6961=VERTEX_POINT('',#13678);
#6962=VERTEX_POINT('',#13680);
#6963=VERTEX_POINT('',#13684);
#6964=VERTEX_POINT('',#13685);
#6965=VERTEX_POINT('',#13688);
#6966=VERTEX_POINT('',#13690);
#6967=VERTEX_POINT('',#13694);
#6968=VERTEX_POINT('',#13695);
#6969=VERTEX_POINT('',#13698);
#6970=VERTEX_POINT('',#13700);
#6971=VERTEX_POINT('',#13941);
#6972=VERTEX_POINT('',#13943);
#6973=VERTEX_POINT('',#13948);
#6974=VERTEX_POINT('',#13949);
#6975=VERTEX_POINT('',#13951);
#6976=VERTEX_POINT('',#13953);
#6977=VERTEX_POINT('',#13957);
#6978=VERTEX_POINT('',#13959);
#6979=VERTEX_POINT('',#13963);
#6980=VERTEX_POINT('',#13964);
#6981=VERTEX_POINT('',#13974);
#6982=VERTEX_POINT('',#13975);
#6983=VERTEX_POINT('',#13977);
#6984=VERTEX_POINT('',#13979);
#6985=VERTEX_POINT('',#13981);
#6986=VERTEX_POINT('',#13983);
#6987=VERTEX_POINT('',#13985);
#6988=VERTEX_POINT('',#13987);
#6989=VERTEX_POINT('',#13989);
#6990=VERTEX_POINT('',#13991);
#6991=VERTEX_POINT('',#13993);
#6992=VERTEX_POINT('',#13995);
#6993=VERTEX_POINT('',#13997);
#6994=VERTEX_POINT('',#13999);
#6995=VERTEX_POINT('',#14001);
#6996=VERTEX_POINT('',#14003);
#6997=VERTEX_POINT('',#14005);
#6998=VERTEX_POINT('',#14007);
#6999=VERTEX_POINT('',#14009);
#7000=VERTEX_POINT('',#14011);
#7001=VERTEX_POINT('',#14015);
#7002=VERTEX_POINT('',#14016);
#7003=VERTEX_POINT('',#14021);
#7004=VERTEX_POINT('',#14025);
#7005=VERTEX_POINT('',#14029);
#7006=VERTEX_POINT('',#14033);
#7007=VERTEX_POINT('',#14037);
#7008=VERTEX_POINT('',#14041);
#7009=VERTEX_POINT('',#14045);
#7010=VERTEX_POINT('',#14049);
#7011=VERTEX_POINT('',#14053);
#7012=VERTEX_POINT('',#14057);
#7013=VERTEX_POINT('',#14061);
#7014=VERTEX_POINT('',#14065);
#7015=VERTEX_POINT('',#14069);
#7016=VERTEX_POINT('',#14073);
#7017=VERTEX_POINT('',#14077);
#7018=VERTEX_POINT('',#14081);
#7019=VERTEX_POINT('',#14085);
#7020=VERTEX_POINT('',#14089);
#7021=VERTEX_POINT('',#14095);
#7022=VERTEX_POINT('',#14096);
#7023=VERTEX_POINT('',#14098);
#7024=VERTEX_POINT('',#14100);
#7025=VERTEX_POINT('',#14104);
#7026=VERTEX_POINT('',#14106);
#7027=VERTEX_POINT('',#14110);
#7028=VERTEX_POINT('',#14111);
#7029=VERTEX_POINT('',#14116);
#7030=VERTEX_POINT('',#14120);
#7031=VERTEX_POINT('',#14122);
#7032=VERTEX_POINT('',#14124);
#7033=VERTEX_POINT('',#14126);
#7034=VERTEX_POINT('',#14128);
#7035=VERTEX_POINT('',#14130);
#7036=VERTEX_POINT('',#14132);
#7037=VERTEX_POINT('',#14134);
#7038=VERTEX_POINT('',#14136);
#7039=VERTEX_POINT('',#14138);
#7040=VERTEX_POINT('',#14140);
#7041=VERTEX_POINT('',#14142);
#7042=VERTEX_POINT('',#14144);
#7043=VERTEX_POINT('',#14146);
#7044=VERTEX_POINT('',#14148);
#7045=VERTEX_POINT('',#14150);
#7046=VERTEX_POINT('',#14152);
#7047=VERTEX_POINT('',#14154);
#7048=VERTEX_POINT('',#14156);
#7049=VERTEX_POINT('',#14160);
#7050=VERTEX_POINT('',#14161);
#7051=VERTEX_POINT('',#14163);
#7052=VERTEX_POINT('',#14165);
#7053=VERTEX_POINT('',#14169);
#7054=VERTEX_POINT('',#14171);
#7055=VERTEX_POINT('',#14175);
#7056=VERTEX_POINT('',#14176);
#7057=VERTEX_POINT('',#14181);
#7058=VERTEX_POINT('',#14185);
#7059=VERTEX_POINT('',#14186);
#7060=VERTEX_POINT('',#14188);
#7061=VERTEX_POINT('',#14190);
#7062=VERTEX_POINT('',#14192);
#7063=VERTEX_POINT('',#14194);
#7064=VERTEX_POINT('',#14198);
#7065=VERTEX_POINT('',#14199);
#7066=VERTEX_POINT('',#14201);
#7067=VERTEX_POINT('',#14203);
#7068=VERTEX_POINT('',#14205);
#7069=VERTEX_POINT('',#14207);
#7070=VERTEX_POINT('',#14211);
#7071=VERTEX_POINT('',#14212);
#7072=VERTEX_POINT('',#14217);
#7073=VERTEX_POINT('',#14221);
#7074=VERTEX_POINT('',#14223);
#7075=VERTEX_POINT('',#14229);
#7076=VERTEX_POINT('',#14233);
#7077=VERTEX_POINT('',#14234);
#7078=VERTEX_POINT('',#14239);
#7079=VERTEX_POINT('',#14243);
#7080=VERTEX_POINT('',#14244);
#7081=VERTEX_POINT('',#14249);
#7082=VERTEX_POINT('',#14253);
#7083=VERTEX_POINT('',#14259);
#7084=VERTEX_POINT('',#14260);
#7085=VERTEX_POINT('',#14265);
#7086=VERTEX_POINT('',#14266);
#7087=VERTEX_POINT('',#14273);
#7088=VERTEX_POINT('',#14275);
#7089=VERTEX_POINT('',#14281);
#7090=VERTEX_POINT('',#14283);
#7091=VERTEX_POINT('',#14294);
#7092=VERTEX_POINT('',#14296);
#7093=VERTEX_POINT('',#14298);
#7094=VERTEX_POINT('',#14300);
#7095=VERTEX_POINT('',#14302);
#7096=VERTEX_POINT('',#14304);
#7097=VERTEX_POINT('',#14306);
#7098=VERTEX_POINT('',#14308);
#7099=VERTEX_POINT('',#14310);
#7100=VERTEX_POINT('',#14312);
#7101=VERTEX_POINT('',#14314);
#7102=VERTEX_POINT('',#14316);
#7103=VERTEX_POINT('',#14318);
#7104=VERTEX_POINT('',#14320);
#7105=VERTEX_POINT('',#14322);
#7106=VERTEX_POINT('',#14324);
#7107=VERTEX_POINT('',#14326);
#7108=VERTEX_POINT('',#14328);
#7109=VERTEX_POINT('',#14330);
#7110=VERTEX_POINT('',#14332);
#7111=VERTEX_POINT('',#14334);
#7112=VERTEX_POINT('',#14336);
#7113=VERTEX_POINT('',#14340);
#7114=VERTEX_POINT('',#14341);
#7115=VERTEX_POINT('',#14346);
#7116=VERTEX_POINT('',#14348);
#7117=VERTEX_POINT('',#14352);
#7118=VERTEX_POINT('',#14356);
#7119=VERTEX_POINT('',#14360);
#7120=VERTEX_POINT('',#14362);
#7121=VERTEX_POINT('',#14366);
#7122=VERTEX_POINT('',#14370);
#7123=VERTEX_POINT('',#14376);
#7124=VERTEX_POINT('',#14378);
#7125=VERTEX_POINT('',#14382);
#7126=VERTEX_POINT('',#14386);
#7127=VERTEX_POINT('',#14387);
#7128=VERTEX_POINT('',#14390);
#7129=VERTEX_POINT('',#14401);
#7130=VERTEX_POINT('',#14403);
#7131=VERTEX_POINT('',#14407);
#7132=VERTEX_POINT('',#14411);
#7133=VERTEX_POINT('',#14415);
#7134=VERTEX_POINT('',#14417);
#7135=VERTEX_POINT('',#14421);
#7136=VERTEX_POINT('',#14425);
#7137=VERTEX_POINT('',#14435);
#7138=VERTEX_POINT('',#14437);
#7139=VERTEX_POINT('',#14439);
#7140=VERTEX_POINT('',#14440);
#7141=VERTEX_POINT('',#14442);
#7142=VERTEX_POINT('',#14444);
#7143=VERTEX_POINT('',#14446);
#7144=VERTEX_POINT('',#14448);
#7145=VERTEX_POINT('',#14450);
#7146=VERTEX_POINT('',#14452);
#7147=VERTEX_POINT('',#14456);
#7148=VERTEX_POINT('',#14457);
#7149=VERTEX_POINT('',#14459);
#7150=VERTEX_POINT('',#14461);
#7151=VERTEX_POINT('',#14463);
#7152=VERTEX_POINT('',#14465);
#7153=VERTEX_POINT('',#14469);
#7154=VERTEX_POINT('',#14470);
#7155=VERTEX_POINT('',#14472);
#7156=VERTEX_POINT('',#14474);
#7157=VERTEX_POINT('',#14479);
#7158=VERTEX_POINT('',#14481);
#7159=VERTEX_POINT('',#14483);
#7160=VERTEX_POINT('',#14485);
#7161=VERTEX_POINT('',#14489);
#7162=VERTEX_POINT('',#14491);
#7163=VERTEX_POINT('',#14495);
#7164=VERTEX_POINT('',#14497);
#7165=VERTEX_POINT('',#14501);
#7166=VERTEX_POINT('',#14505);
#7167=VERTEX_POINT('',#14509);
#7168=VERTEX_POINT('',#14513);
#7169=VERTEX_POINT('',#14519);
#7170=VERTEX_POINT('',#14521);
#7171=VERTEX_POINT('',#14525);
#7172=VERTEX_POINT('',#14527);
#7173=VERTEX_POINT('',#14531);
#7174=VERTEX_POINT('',#14533);
#7175=VERTEX_POINT('',#14537);
#7176=VERTEX_POINT('',#14541);
#7177=VERTEX_POINT('',#14545);
#7178=VERTEX_POINT('',#14549);
#7179=VERTEX_POINT('',#14553);
#7180=VERTEX_POINT('',#14555);
#7181=VERTEX_POINT('',#14561);
#7182=VERTEX_POINT('',#14563);
#7183=VERTEX_POINT('',#14567);
#7184=VERTEX_POINT('',#14569);
#7185=VERTEX_POINT('',#14573);
#7186=VERTEX_POINT('',#14575);
#7187=VERTEX_POINT('',#14579);
#7188=VERTEX_POINT('',#14583);
#7189=VERTEX_POINT('',#14589);
#7190=VERTEX_POINT('',#14591);
#7191=VERTEX_POINT('',#14606);
#7192=VERTEX_POINT('',#14609);
#7193=VERTEX_POINT('',#14612);
#7194=VERTEX_POINT('',#14615);
#7195=VERTEX_POINT('',#14618);
#7196=VERTEX_POINT('',#14619);
#7197=VERTEX_POINT('',#14621);
#7198=VERTEX_POINT('',#14623);
#7199=VERTEX_POINT('',#14626);
#7200=VERTEX_POINT('',#14627);
#7201=VERTEX_POINT('',#14629);
#7202=VERTEX_POINT('',#14631);
#7203=VERTEX_POINT('',#14634);
#7204=VERTEX_POINT('',#14635);
#7205=VERTEX_POINT('',#14637);
#7206=VERTEX_POINT('',#14639);
#7207=VERTEX_POINT('',#14641);
#7208=VERTEX_POINT('',#14643);
#7209=VERTEX_POINT('',#14645);
#7210=VERTEX_POINT('',#14647);
#7211=VERTEX_POINT('',#14649);
#7212=VERTEX_POINT('',#14651);
#7213=VERTEX_POINT('',#14653);
#7214=VERTEX_POINT('',#14655);
#7215=VERTEX_POINT('',#14657);
#7216=VERTEX_POINT('',#14659);
#7217=VERTEX_POINT('',#14661);
#7218=VERTEX_POINT('',#14663);
#7219=VERTEX_POINT('',#14665);
#7220=VERTEX_POINT('',#14667);
#7221=VERTEX_POINT('',#14669);
#7222=VERTEX_POINT('',#14671);
#7223=VERTEX_POINT('',#14673);
#7224=VERTEX_POINT('',#14675);
#7225=VERTEX_POINT('',#14677);
#7226=VERTEX_POINT('',#14679);
#7227=VERTEX_POINT('',#14682);
#7228=VERTEX_POINT('',#14683);
#7229=VERTEX_POINT('',#14685);
#7230=VERTEX_POINT('',#14687);
#7231=VERTEX_POINT('',#14690);
#7232=VERTEX_POINT('',#14691);
#7233=VERTEX_POINT('',#14693);
#7234=VERTEX_POINT('',#14695);
#7235=VERTEX_POINT('',#14698);
#7236=VERTEX_POINT('',#14699);
#7237=VERTEX_POINT('',#14701);
#7238=VERTEX_POINT('',#14703);
#7239=VERTEX_POINT('',#14707);
#7240=VERTEX_POINT('',#14708);
#7241=VERTEX_POINT('',#14710);
#7242=VERTEX_POINT('',#14712);
#7243=VERTEX_POINT('',#14716);
#7244=VERTEX_POINT('',#14718);
#7245=VERTEX_POINT('',#14722);
#7246=VERTEX_POINT('',#14726);
#7247=VERTEX_POINT('',#14730);
#7248=VERTEX_POINT('',#14732);
#7249=VERTEX_POINT('',#14734);
#7250=VERTEX_POINT('',#14736);
#7251=VERTEX_POINT('',#14740);
#7252=VERTEX_POINT('',#14741);
#7253=VERTEX_POINT('',#14743);
#7254=VERTEX_POINT('',#14745);
#7255=VERTEX_POINT('',#14749);
#7256=VERTEX_POINT('',#14750);
#7257=VERTEX_POINT('',#14752);
#7258=VERTEX_POINT('',#14755);
#7259=VERTEX_POINT('',#14757);
#7260=VERTEX_POINT('',#14759);
#7261=VERTEX_POINT('',#14763);
#7262=VERTEX_POINT('',#14764);
#7263=VERTEX_POINT('',#14766);
#7264=VERTEX_POINT('',#14768);
#7265=VERTEX_POINT('',#14772);
#7266=VERTEX_POINT('',#14773);
#7267=VERTEX_POINT('',#14775);
#7268=VERTEX_POINT('',#14777);
#7269=VERTEX_POINT('',#14780);
#7270=VERTEX_POINT('',#14782);
#7271=VERTEX_POINT('',#14784);
#7272=VERTEX_POINT('',#14786);
#7273=VERTEX_POINT('',#14788);
#7274=VERTEX_POINT('',#14790);
#7275=VERTEX_POINT('',#14792);
#7276=VERTEX_POINT('',#14794);
#7277=VERTEX_POINT('',#14796);
#7278=VERTEX_POINT('',#14798);
#7279=VERTEX_POINT('',#14852);
#7280=VERTEX_POINT('',#14853);
#7281=VERTEX_POINT('',#14855);
#7282=VERTEX_POINT('',#14857);
#7283=VERTEX_POINT('',#14869);
#7284=VERTEX_POINT('',#14870);
#7285=VERTEX_POINT('',#14872);
#7286=VERTEX_POINT('',#14874);
#7287=VERTEX_POINT('',#14886);
#7288=VERTEX_POINT('',#14887);
#7289=VERTEX_POINT('',#14889);
#7290=VERTEX_POINT('',#14891);
#7291=VERTEX_POINT('',#14903);
#7292=VERTEX_POINT('',#14904);
#7293=VERTEX_POINT('',#14906);
#7294=VERTEX_POINT('',#14908);
#7295=VERTEX_POINT('',#14920);
#7296=VERTEX_POINT('',#14922);
#7297=VERTEX_POINT('',#14926);
#7298=VERTEX_POINT('',#14928);
#7299=VERTEX_POINT('',#14937);
#7300=VERTEX_POINT('',#14938);
#7301=VERTEX_POINT('',#14940);
#7302=VERTEX_POINT('',#14942);
#7303=VERTEX_POINT('',#14944);
#7304=VERTEX_POINT('',#14946);
#7305=VERTEX_POINT('',#14948);
#7306=VERTEX_POINT('',#14950);
#7307=VERTEX_POINT('',#14952);
#7308=VERTEX_POINT('',#14955);
#7309=VERTEX_POINT('',#14958);
#7310=VERTEX_POINT('',#14959);
#7311=VERTEX_POINT('',#14961);
#7312=VERTEX_POINT('',#14963);
#7313=VERTEX_POINT('',#14965);
#7314=VERTEX_POINT('',#14967);
#7315=VERTEX_POINT('',#14969);
#7316=VERTEX_POINT('',#14971);
#7317=VERTEX_POINT('',#14973);
#7318=VERTEX_POINT('',#14975);
#7319=VERTEX_POINT('',#14977);
#7320=VERTEX_POINT('',#14979);
#7321=VERTEX_POINT('',#14983);
#7322=VERTEX_POINT('',#14984);
#7323=VERTEX_POINT('',#14986);
#7324=VERTEX_POINT('',#14988);
#7325=VERTEX_POINT('',#14992);
#7326=VERTEX_POINT('',#14993);
#7327=VERTEX_POINT('',#14995);
#7328=VERTEX_POINT('',#14997);
#7329=VERTEX_POINT('',#14999);
#7330=VERTEX_POINT('',#15001);
#7331=VERTEX_POINT('',#15003);
#7332=VERTEX_POINT('',#15005);
#7333=VERTEX_POINT('',#15007);
#7334=VERTEX_POINT('',#15009);
#7335=VERTEX_POINT('',#15011);
#7336=VERTEX_POINT('',#15013);
#7337=VERTEX_POINT('',#15017);
#7338=VERTEX_POINT('',#15018);
#7339=VERTEX_POINT('',#15020);
#7340=VERTEX_POINT('',#15022);
#7341=VERTEX_POINT('',#15026);
#7342=VERTEX_POINT('',#15027);
#7343=VERTEX_POINT('',#15030);
#7344=VERTEX_POINT('',#15032);
#7345=VERTEX_POINT('',#15034);
#7346=VERTEX_POINT('',#15036);
#7347=VERTEX_POINT('',#15039);
#7348=VERTEX_POINT('',#15041);
#7349=VERTEX_POINT('',#15043);
#7350=VERTEX_POINT('',#15045);
#7351=VERTEX_POINT('',#15048);
#7352=VERTEX_POINT('',#15050);
#7353=VERTEX_POINT('',#15054);
#7354=VERTEX_POINT('',#15055);
#7355=VERTEX_POINT('',#15057);
#7356=VERTEX_POINT('',#15059);
#7357=VERTEX_POINT('',#15062);
#7358=VERTEX_POINT('',#15064);
#7359=VERTEX_POINT('',#15068);
#7360=VERTEX_POINT('',#15069);
#7361=VERTEX_POINT('',#15071);
#7362=VERTEX_POINT('',#15073);
#7363=VERTEX_POINT('',#15076);
#7364=VERTEX_POINT('',#15078);
#7365=VERTEX_POINT('',#15080);
#7366=VERTEX_POINT('',#15082);
#7367=VERTEX_POINT('',#15085);
#7368=VERTEX_POINT('',#15087);
#7369=VERTEX_POINT('',#15089);
#7370=VERTEX_POINT('',#15091);
#7371=VERTEX_POINT('',#15096);
#7372=VERTEX_POINT('',#15097);
#7373=VERTEX_POINT('',#15102);
#7374=VERTEX_POINT('',#15104);
#7375=VERTEX_POINT('',#15105);
#7376=VERTEX_POINT('',#15107);
#7377=VERTEX_POINT('',#15109);
#7378=VERTEX_POINT('',#15111);
#7379=VERTEX_POINT('',#15113);
#7380=VERTEX_POINT('',#15115);
#7381=VERTEX_POINT('',#15117);
#7382=VERTEX_POINT('',#15119);
#7383=VERTEX_POINT('',#15121);
#7384=VERTEX_POINT('',#15125);
#7385=VERTEX_POINT('',#15126);
#7386=VERTEX_POINT('',#15128);
#7387=VERTEX_POINT('',#15130);
#7388=VERTEX_POINT('',#15132);
#7389=VERTEX_POINT('',#15134);
#7390=VERTEX_POINT('',#15136);
#7391=VERTEX_POINT('',#15138);
#7392=VERTEX_POINT('',#15140);
#7393=VERTEX_POINT('',#15142);
#7394=VERTEX_POINT('',#15144);
#7395=VERTEX_POINT('',#15146);
#7396=VERTEX_POINT('',#15148);
#7397=VERTEX_POINT('',#15150);
#7398=VERTEX_POINT('',#15152);
#7399=VERTEX_POINT('',#15154);
#7400=VERTEX_POINT('',#15156);
#7401=VERTEX_POINT('',#15158);
#7402=VERTEX_POINT('',#15162);
#7403=VERTEX_POINT('',#15163);
#7404=VERTEX_POINT('',#15165);
#7405=VERTEX_POINT('',#15167);
#7406=VERTEX_POINT('',#15169);
#7407=VERTEX_POINT('',#15171);
#7408=VERTEX_POINT('',#15173);
#7409=VERTEX_POINT('',#15175);
#7410=VERTEX_POINT('',#15179);
#7411=VERTEX_POINT('',#15180);
#7412=VERTEX_POINT('',#15182);
#7413=VERTEX_POINT('',#15184);
#7414=VERTEX_POINT('',#15186);
#7415=VERTEX_POINT('',#15188);
#7416=VERTEX_POINT('',#15190);
#7417=VERTEX_POINT('',#15192);
#7418=VERTEX_POINT('',#15194);
#7419=VERTEX_POINT('',#15196);
#7420=VERTEX_POINT('',#15198);
#7421=VERTEX_POINT('',#15200);
#7422=VERTEX_POINT('',#15202);
#7423=VERTEX_POINT('',#15204);
#7424=VERTEX_POINT('',#15206);
#7425=VERTEX_POINT('',#15208);
#7426=VERTEX_POINT('',#15210);
#7427=VERTEX_POINT('',#15212);
#7428=VERTEX_POINT('',#15216);
#7429=VERTEX_POINT('',#15217);
#7430=VERTEX_POINT('',#15219);
#7431=VERTEX_POINT('',#15221);
#7432=VERTEX_POINT('',#15231);
#7433=VERTEX_POINT('',#15233);
#7434=VERTEX_POINT('',#15243);
#7435=VERTEX_POINT('',#15245);
#7436=VERTEX_POINT('',#15255);
#7437=VERTEX_POINT('',#15257);
#7438=VERTEX_POINT('',#15267);
#7439=VERTEX_POINT('',#15269);
#7440=VERTEX_POINT('',#15289);
#7441=VERTEX_POINT('',#15295);
#7442=VERTEX_POINT('',#15299);
#7443=VERTEX_POINT('',#15305);
#7444=VERTEX_POINT('',#15309);
#7445=VERTEX_POINT('',#15314);
#7446=VERTEX_POINT('',#15319);
#7447=VERTEX_POINT('',#15320);
#7448=VERTEX_POINT('',#15322);
#7449=VERTEX_POINT('',#15324);
#7450=VERTEX_POINT('',#15328);
#7451=VERTEX_POINT('',#15330);
#7452=VERTEX_POINT('',#15332);
#7453=VERTEX_POINT('',#15338);
#7454=VERTEX_POINT('',#15339);
#7455=VERTEX_POINT('',#15344);
#7456=VERTEX_POINT('',#15348);
#7457=VERTEX_POINT('',#15434);
#7458=VERTEX_POINT('',#15435);
#7459=VERTEX_POINT('',#15467);
#7460=VERTEX_POINT('',#15468);
#7461=VERTEX_POINT('',#15470);
#7462=VERTEX_POINT('',#15472);
#7463=VERTEX_POINT('',#15474);
#7464=VERTEX_POINT('',#15478);
#7465=VERTEX_POINT('',#15479);
#7466=VERTEX_POINT('',#15481);
#7467=VERTEX_POINT('',#15486);
#7468=VERTEX_POINT('',#15491);
#7469=VERTEX_POINT('',#15493);
#7470=VERTEX_POINT('',#15497);
#7471=EDGE_CURVE('',#6653,#6653,#8740,.T.);
#7472=EDGE_CURVE('',#6654,#6654,#8741,.T.);
#7473=EDGE_CURVE('',#6655,#6656,#279,.T.);
#7474=EDGE_CURVE('',#6655,#6657,#8742,.T.);
#7475=EDGE_CURVE('',#6657,#6658,#280,.T.);
#7476=EDGE_CURVE('',#6656,#6658,#281,.T.);
#7477=EDGE_CURVE('',#6659,#6660,#282,.T.);
#7478=EDGE_CURVE('',#6659,#6655,#8743,.T.);
#7479=EDGE_CURVE('',#6656,#6660,#8744,.T.);
#7480=EDGE_CURVE('',#6661,#6662,#283,.T.);
#7481=EDGE_CURVE('',#6661,#6659,#8745,.T.);
#7482=EDGE_CURVE('',#6660,#6662,#284,.T.);
#7483=EDGE_CURVE('',#6658,#6662,#8746,.T.);
#7484=EDGE_CURVE('',#6657,#6661,#8747,.T.);
#7485=EDGE_CURVE('',#6663,#6664,#285,.T.);
#7486=EDGE_CURVE('',#6664,#6665,#286,.T.);
#7487=EDGE_CURVE('',#6665,#6666,#287,.T.);
#7488=EDGE_CURVE('',#6663,#6666,#8748,.T.);
#7489=EDGE_CURVE('',#6667,#6668,#288,.T.);
#7490=EDGE_CURVE('',#6668,#6669,#289,.T.);
#7491=EDGE_CURVE('',#6670,#6669,#290,.T.);
#7492=EDGE_CURVE('',#6670,#6667,#8749,.T.);
#7493=EDGE_CURVE('',#6665,#6671,#291,.T.);
#7494=EDGE_CURVE('',#6666,#6671,#292,.T.);
#7495=EDGE_CURVE('',#6667,#6672,#293,.T.);
#7496=EDGE_CURVE('',#6672,#6668,#294,.T.);
#7497=EDGE_CURVE('',#6671,#6672,#295,.T.);
#7498=EDGE_CURVE('',#6666,#6667,#296,.T.);
#7499=EDGE_CURVE('',#6673,#6674,#297,.T.);
#7500=EDGE_CURVE('',#6673,#6675,#298,.T.);
#7501=EDGE_CURVE('',#6676,#6675,#299,.T.);
#7502=EDGE_CURVE('',#6676,#6674,#300,.T.);
#7503=EDGE_CURVE('',#6677,#6678,#301,.T.);
#7504=EDGE_CURVE('',#6678,#6679,#302,.T.);
#7505=EDGE_CURVE('',#6679,#6680,#303,.T.);
#7506=EDGE_CURVE('',#6680,#6677,#304,.T.);
#7507=EDGE_CURVE('',#6681,#6682,#305,.T.);
#7508=EDGE_CURVE('',#6681,#6683,#8750,.T.);
#7509=EDGE_CURVE('',#6683,#6684,#306,.T.);
#7510=EDGE_CURVE('',#6684,#6685,#8751,.T.);
#7511=EDGE_CURVE('',#6685,#6686,#307,.T.);
#7512=EDGE_CURVE('',#6686,#6687,#8752,.T.);
#7513=EDGE_CURVE('',#6688,#6687,#308,.T.);
#7514=EDGE_CURVE('',#6688,#6682,#8753,.T.);
#7515=EDGE_CURVE('',#6689,#6690,#309,.T.);
#7516=EDGE_CURVE('',#6689,#6691,#8754,.T.);
#7517=EDGE_CURVE('',#6691,#6692,#310,.T.);
#7518=EDGE_CURVE('',#6692,#6693,#8755,.T.);
#7519=EDGE_CURVE('',#6693,#6694,#311,.T.);
#7520=EDGE_CURVE('',#6694,#6695,#8756,.T.);
#7521=EDGE_CURVE('',#6696,#6695,#312,.T.);
#7522=EDGE_CURVE('',#6696,#6690,#8757,.T.);
#7523=EDGE_CURVE('',#6697,#6698,#313,.T.);
#7524=EDGE_CURVE('',#6698,#6699,#8758,.T.);
#7525=EDGE_CURVE('',#6700,#6699,#314,.T.);
#7526=EDGE_CURVE('',#6700,#6678,#315,.T.);
#7527=EDGE_CURVE('',#6677,#6701,#8759,.T.);
#7528=EDGE_CURVE('',#6701,#6669,#316,.T.);
#7529=EDGE_CURVE('',#6702,#6664,#317,.T.);
#7530=EDGE_CURVE('',#6702,#6703,#8760,.T.);
#7531=EDGE_CURVE('',#6704,#6703,#318,.T.);
#7532=EDGE_CURVE('',#6704,#6705,#319,.T.);
#7533=EDGE_CURVE('',#6706,#6705,#320,.T.);
#7534=EDGE_CURVE('',#6706,#6707,#321,.T.);
#7535=EDGE_CURVE('',#6707,#6708,#8761,.T.);
#7536=EDGE_CURVE('',#6708,#6697,#322,.T.);
#7537=EDGE_CURVE('',#6709,#6710,#323,.T.);
#7538=EDGE_CURVE('',#6710,#6704,#324,.T.);
#7539=EDGE_CURVE('',#6703,#6709,#325,.T.);
#7540=EDGE_CURVE('',#6699,#6711,#326,.T.);
#7541=EDGE_CURVE('',#6711,#6712,#327,.T.);
#7542=EDGE_CURVE('',#6712,#6700,#328,.T.);
#7543=EDGE_CURVE('',#6713,#6714,#329,.T.);
#7544=EDGE_CURVE('',#6713,#6715,#8762,.T.);
#7545=EDGE_CURVE('',#6715,#6716,#330,.T.);
#7546=EDGE_CURVE('',#6716,#6717,#8763,.T.);
#7547=EDGE_CURVE('',#6717,#6718,#331,.T.);
#7548=EDGE_CURVE('',#6718,#6719,#8764,.T.);
#7549=EDGE_CURVE('',#6720,#6719,#332,.T.);
#7550=EDGE_CURVE('',#6720,#6714,#8765,.T.);
#7551=EDGE_CURVE('',#6721,#6722,#333,.T.);
#7552=EDGE_CURVE('',#6721,#6723,#8766,.T.);
#7553=EDGE_CURVE('',#6723,#6724,#334,.T.);
#7554=EDGE_CURVE('',#6724,#6725,#8767,.T.);
#7555=EDGE_CURVE('',#6725,#6726,#335,.T.);
#7556=EDGE_CURVE('',#6726,#6727,#8768,.T.);
#7557=EDGE_CURVE('',#6728,#6727,#336,.T.);
#7558=EDGE_CURVE('',#6728,#6722,#8769,.T.);
#7559=EDGE_CURVE('',#6711,#6729,#8770,.T.);
#7560=EDGE_CURVE('',#6730,#6729,#337,.T.);
#7561=EDGE_CURVE('',#6731,#6730,#338,.T.);
#7562=EDGE_CURVE('',#6731,#6732,#8771,.T.);
#7563=EDGE_CURVE('',#6733,#6732,#339,.T.);
#7564=EDGE_CURVE('',#6734,#6733,#340,.T.);
#7565=EDGE_CURVE('',#6734,#6710,#341,.T.);
#7566=EDGE_CURVE('',#6709,#6735,#8772,.T.);
#7567=EDGE_CURVE('',#6735,#6663,#342,.T.);
#7568=EDGE_CURVE('',#6670,#6663,#343,.T.);
#7569=EDGE_CURVE('',#6736,#6670,#344,.T.);
#7570=EDGE_CURVE('',#6736,#6680,#8773,.T.);
#7571=EDGE_CURVE('',#6679,#6712,#345,.T.);
#7572=EDGE_CURVE('',#6705,#6734,#346,.T.);
#7573=EDGE_CURVE('',#6733,#6706,#347,.T.);
#7574=EDGE_CURVE('',#6701,#6736,#348,.T.);
#7575=EDGE_CURVE('',#6735,#6702,#349,.T.);
#7576=EDGE_CURVE('',#6733,#6737,#8774,.T.);
#7577=EDGE_CURVE('',#6737,#6738,#350,.T.);
#7578=EDGE_CURVE('',#6706,#6738,#8775,.T.);
#7579=EDGE_CURVE('',#6739,#6740,#8776,.T.);
#7580=EDGE_CURVE('',#6739,#6741,#351,.T.);
#7581=EDGE_CURVE('',#6741,#6742,#8777,.T.);
#7582=EDGE_CURVE('',#6742,#6740,#352,.T.);
#7583=EDGE_CURVE('',#6738,#6742,#353,.T.);
#7584=EDGE_CURVE('',#6741,#6707,#260,.T.);
#7585=EDGE_CURVE('',#6732,#6739,#261,.T.);
#7586=EDGE_CURVE('',#6740,#6737,#354,.T.);
#7587=EDGE_CURVE('',#6737,#6743,#355,.T.);
#7588=EDGE_CURVE('',#6744,#6743,#356,.T.);
#7589=EDGE_CURVE('',#6738,#6744,#357,.T.);
#7590=EDGE_CURVE('',#6742,#6745,#358,.T.);
#7591=EDGE_CURVE('',#6745,#6746,#359,.T.);
#7592=EDGE_CURVE('',#6740,#6746,#360,.T.);
#7593=EDGE_CURVE('',#6675,#6745,#8778,.T.);
#7594=EDGE_CURVE('',#6747,#6744,#361,.T.);
#7595=EDGE_CURVE('',#6676,#6747,#362,.T.);
#7596=EDGE_CURVE('',#6746,#6673,#8779,.T.);
#7597=EDGE_CURVE('',#6674,#6748,#363,.T.);
#7598=EDGE_CURVE('',#6748,#6743,#364,.T.);
#7599=EDGE_CURVE('',#6708,#6731,#365,.T.);
#7600=EDGE_CURVE('',#6730,#6697,#366,.T.);
#7601=EDGE_CURVE('',#6729,#6698,#367,.T.);
#7602=EDGE_CURVE('',#6747,#6748,#368,.T.);
#7603=EDGE_CURVE('',#6747,#6749,#8780,.T.);
#7604=EDGE_CURVE('',#6749,#6750,#369,.T.);
#7605=EDGE_CURVE('',#6748,#6750,#8781,.T.);
#7606=EDGE_CURVE('',#6743,#6751,#8782,.T.);
#7607=EDGE_CURVE('',#6751,#6752,#370,.T.);
#7608=EDGE_CURVE('',#6744,#6752,#8783,.T.);
#7609=EDGE_CURVE('',#6750,#6751,#371,.T.);
#7610=EDGE_CURVE('',#6752,#6749,#372,.T.);
#7611=EDGE_CURVE('',#6749,#6753,#373,.T.);
#7612=EDGE_CURVE('',#6753,#6754,#374,.T.);
#7613=EDGE_CURVE('',#6750,#6754,#375,.T.);
#7614=EDGE_CURVE('',#6751,#6755,#376,.T.);
#7615=EDGE_CURVE('',#6755,#6756,#377,.T.);
#7616=EDGE_CURVE('',#6752,#6756,#378,.T.);
#7617=EDGE_CURVE('',#6757,#6758,#379,.T.);
#7618=EDGE_CURVE('',#6758,#6759,#8784,.T.);
#7619=EDGE_CURVE('',#6759,#6755,#380,.T.);
#7620=EDGE_CURVE('',#6754,#6760,#381,.T.);
#7621=EDGE_CURVE('',#6760,#6757,#8785,.T.);
#7622=EDGE_CURVE('',#6756,#6761,#382,.T.);
#7623=EDGE_CURVE('',#6761,#6762,#8786,.T.);
#7624=EDGE_CURVE('',#6762,#6763,#383,.T.);
#7625=EDGE_CURVE('',#6763,#6764,#8787,.T.);
#7626=EDGE_CURVE('',#6764,#6753,#384,.T.);
#7627=EDGE_CURVE('',#6762,#6758,#385,.T.);
#7628=EDGE_CURVE('',#6757,#6763,#386,.T.);
#7629=EDGE_CURVE('',#6759,#6761,#387,.T.);
#7630=EDGE_CURVE('',#6764,#6760,#388,.T.);
#7631=EDGE_CURVE('',#6765,#6766,#389,.T.);
#7632=EDGE_CURVE('',#6766,#6767,#8788,.T.);
#7633=EDGE_CURVE('',#6767,#6768,#390,.T.);
#7634=EDGE_CURVE('',#6768,#6769,#8789,.T.);
#7635=EDGE_CURVE('',#6769,#6770,#391,.T.);
#7636=EDGE_CURVE('',#6770,#6771,#8790,.T.);
#7637=EDGE_CURVE('',#6771,#6772,#392,.T.);
#7638=EDGE_CURVE('',#6772,#6765,#8791,.T.);
#7639=EDGE_CURVE('',#6773,#6774,#393,.T.);
#7640=EDGE_CURVE('',#6774,#6775,#8792,.T.);
#7641=EDGE_CURVE('',#6775,#6776,#394,.T.);
#7642=EDGE_CURVE('',#6776,#6777,#8793,.T.);
#7643=EDGE_CURVE('',#6777,#6778,#395,.T.);
#7644=EDGE_CURVE('',#6778,#6779,#8794,.T.);
#7645=EDGE_CURVE('',#6779,#6780,#396,.T.);
#7646=EDGE_CURVE('',#6780,#6773,#8795,.T.);
#7647=EDGE_CURVE('',#6719,#6778,#8796,.T.);
#7648=EDGE_CURVE('',#6779,#6718,#8797,.T.);
#7649=EDGE_CURVE('',#6780,#6717,#8798,.T.);
#7650=EDGE_CURVE('',#6720,#6777,#8799,.T.);
#7651=EDGE_CURVE('',#6773,#6716,#8800,.T.);
#7652=EDGE_CURVE('',#6714,#6776,#8801,.T.);
#7653=EDGE_CURVE('',#6774,#6715,#8802,.T.);
#7654=EDGE_CURVE('',#6713,#6775,#8803,.T.);
#7655=EDGE_CURVE('',#6727,#6770,#8804,.T.);
#7656=EDGE_CURVE('',#6771,#6726,#8805,.T.);
#7657=EDGE_CURVE('',#6772,#6725,#8806,.T.);
#7658=EDGE_CURVE('',#6728,#6769,#8807,.T.);
#7659=EDGE_CURVE('',#6765,#6724,#8808,.T.);
#7660=EDGE_CURVE('',#6722,#6768,#8809,.T.);
#7661=EDGE_CURVE('',#6766,#6723,#8810,.T.);
#7662=EDGE_CURVE('',#6721,#6767,#8811,.T.);
#7663=EDGE_CURVE('',#6781,#6782,#397,.T.);
#7664=EDGE_CURVE('',#6782,#6783,#8812,.T.);
#7665=EDGE_CURVE('',#6783,#6784,#398,.T.);
#7666=EDGE_CURVE('',#6784,#6785,#8813,.T.);
#7667=EDGE_CURVE('',#6785,#6786,#399,.T.);
#7668=EDGE_CURVE('',#6786,#6787,#8814,.T.);
#7669=EDGE_CURVE('',#6787,#6788,#400,.T.);
#7670=EDGE_CURVE('',#6788,#6781,#8815,.T.);
#7671=EDGE_CURVE('',#6789,#6790,#401,.T.);
#7672=EDGE_CURVE('',#6790,#6791,#8816,.T.);
#7673=EDGE_CURVE('',#6791,#6792,#402,.T.);
#7674=EDGE_CURVE('',#6792,#6793,#8817,.T.);
#7675=EDGE_CURVE('',#6793,#6794,#403,.T.);
#7676=EDGE_CURVE('',#6794,#6795,#8818,.T.);
#7677=EDGE_CURVE('',#6795,#6796,#404,.T.);
#7678=EDGE_CURVE('',#6796,#6789,#8819,.T.);
#7679=EDGE_CURVE('',#6693,#6786,#8820,.T.);
#7680=EDGE_CURVE('',#6787,#6692,#8821,.T.);
#7681=EDGE_CURVE('',#6788,#6691,#8822,.T.);
#7682=EDGE_CURVE('',#6694,#6785,#8823,.T.);
#7683=EDGE_CURVE('',#6781,#6689,#8824,.T.);
#7684=EDGE_CURVE('',#6695,#6784,#8825,.T.);
#7685=EDGE_CURVE('',#6782,#6690,#8826,.T.);
#7686=EDGE_CURVE('',#6696,#6783,#8827,.T.);
#7687=EDGE_CURVE('',#6685,#6794,#8828,.T.);
#7688=EDGE_CURVE('',#6795,#6684,#8829,.T.);
#7689=EDGE_CURVE('',#6796,#6683,#8830,.T.);
#7690=EDGE_CURVE('',#6686,#6793,#8831,.T.);
#7691=EDGE_CURVE('',#6789,#6681,#8832,.T.);
#7692=EDGE_CURVE('',#6687,#6792,#8833,.T.);
#7693=EDGE_CURVE('',#6790,#6682,#8834,.T.);
#7694=EDGE_CURVE('',#6688,#6791,#8835,.T.);
#7695=EDGE_CURVE('',#6797,#6798,#405,.T.);
#7696=EDGE_CURVE('',#6798,#6799,#406,.T.);
#7697=EDGE_CURVE('',#6800,#6799,#407,.T.);
#7698=EDGE_CURVE('',#6797,#6800,#408,.T.);
#7699=EDGE_CURVE('',#6801,#6802,#409,.T.);
#7700=EDGE_CURVE('',#6803,#6802,#8836,.T.);
#7701=EDGE_CURVE('',#6804,#6803,#410,.T.);
#7702=EDGE_CURVE('',#6804,#6801,#8837,.T.);
#7703=EDGE_CURVE('',#6805,#6806,#411,.T.);
#7704=EDGE_CURVE('',#6805,#6807,#8838,.T.);
#7705=EDGE_CURVE('',#6808,#6807,#412,.T.);
#7706=EDGE_CURVE('',#6808,#6809,#8839,.T.);
#7707=EDGE_CURVE('',#6810,#6809,#413,.T.);
#7708=EDGE_CURVE('',#6811,#6810,#414,.T.);
#7709=EDGE_CURVE('',#6812,#6811,#415,.T.);
#7710=EDGE_CURVE('',#6812,#6813,#416,.T.);
#7711=EDGE_CURVE('',#6813,#6814,#417,.T.);
#7712=EDGE_CURVE('',#6806,#6814,#418,.T.);
#7713=EDGE_CURVE('',#6815,#6816,#419,.T.);
#7714=EDGE_CURVE('',#6815,#6817,#8840,.T.);
#7715=EDGE_CURVE('',#6818,#6817,#420,.T.);
#7716=EDGE_CURVE('',#6818,#6819,#421,.T.);
#7717=EDGE_CURVE('',#6820,#6819,#422,.T.);
#7718=EDGE_CURVE('',#6821,#6820,#423,.T.);
#7719=EDGE_CURVE('',#6822,#6821,#424,.T.);
#7720=EDGE_CURVE('',#6823,#6822,#425,.T.);
#7721=EDGE_CURVE('',#6824,#6823,#426,.T.);
#7722=EDGE_CURVE('',#6824,#6816,#8841,.T.);
#7723=EDGE_CURVE('',#6807,#6815,#427,.T.);
#7724=EDGE_CURVE('',#6816,#6808,#428,.T.);
#7725=EDGE_CURVE('',#6817,#6825,#262,.T.);
#7726=EDGE_CURVE('',#6825,#6826,#216,.T.);
#7727=EDGE_CURVE('',#6826,#6827,#263,.T.);
#7728=EDGE_CURVE('',#6827,#6828,#429,.T.);
#7729=EDGE_CURVE('',#6818,#6828,#8842,.T.);
#7730=EDGE_CURVE('',#6829,#6830,#217,.T.);
#7731=EDGE_CURVE('',#6829,#6805,#264,.T.);
#7732=EDGE_CURVE('',#6806,#6831,#8843,.T.);
#7733=EDGE_CURVE('',#6831,#6832,#430,.T.);
#7734=EDGE_CURVE('',#6832,#6830,#265,.T.);
#7735=EDGE_CURVE('',#6833,#6834,#431,.T.);
#7736=EDGE_CURVE('',#6833,#6835,#432,.T.);
#7737=EDGE_CURVE('',#6835,#6836,#433,.T.);
#7738=EDGE_CURVE('',#6836,#6834,#434,.T.);
#7739=EDGE_CURVE('',#6827,#6833,#8844,.T.);
#7740=EDGE_CURVE('',#6834,#6837,#8845,.T.);
#7741=EDGE_CURVE('',#6838,#6837,#435,.T.);
#7742=EDGE_CURVE('',#6838,#6839,#436,.T.);
#7743=EDGE_CURVE('',#6828,#6839,#437,.T.);
#7744=EDGE_CURVE('',#6835,#6832,#8846,.T.);
#7745=EDGE_CURVE('',#6831,#6840,#438,.T.);
#7746=EDGE_CURVE('',#6840,#6841,#439,.T.);
#7747=EDGE_CURVE('',#6842,#6841,#440,.T.);
#7748=EDGE_CURVE('',#6842,#6836,#8847,.T.);
#7749=EDGE_CURVE('',#6823,#6810,#441,.T.);
#7750=EDGE_CURVE('',#6822,#6811,#442,.T.);
#7751=EDGE_CURVE('',#6821,#6812,#443,.T.);
#7752=EDGE_CURVE('',#6820,#6813,#444,.T.);
#7753=EDGE_CURVE('',#6818,#6806,#445,.T.);
#7754=EDGE_CURVE('',#6828,#6831,#446,.T.);
#7755=EDGE_CURVE('',#6839,#6840,#447,.T.);
#7756=EDGE_CURVE('',#6841,#6838,#448,.T.);
#7757=EDGE_CURVE('',#6820,#6843,#8848,.T.);
#7758=EDGE_CURVE('',#6843,#6844,#449,.T.);
#7759=EDGE_CURVE('',#6813,#6844,#8849,.T.);
#7760=EDGE_CURVE('',#6819,#6814,#450,.T.);
#7761=EDGE_CURVE('',#6814,#6845,#8850,.T.);
#7762=EDGE_CURVE('',#6845,#6846,#451,.T.);
#7763=EDGE_CURVE('',#6819,#6846,#8851,.T.);
#7764=EDGE_CURVE('',#6844,#6845,#452,.T.);
#7765=EDGE_CURVE('',#6846,#6843,#453,.T.);
#7766=EDGE_CURVE('',#6843,#6847,#454,.T.);
#7767=EDGE_CURVE('',#6847,#6848,#455,.T.);
#7768=EDGE_CURVE('',#6844,#6848,#456,.T.);
#7769=EDGE_CURVE('',#6848,#6803,#457,.T.);
#7770=EDGE_CURVE('',#6845,#6803,#458,.T.);
#7771=EDGE_CURVE('',#6846,#6849,#459,.T.);
#7772=EDGE_CURVE('',#6849,#6847,#460,.T.);
#7773=EDGE_CURVE('',#6806,#6850,#8852,.T.);
#7774=EDGE_CURVE('',#6850,#6851,#461,.T.);
#7775=EDGE_CURVE('',#6818,#6851,#8853,.T.);
#7776=EDGE_CURVE('',#6819,#6852,#8854,.T.);
#7777=EDGE_CURVE('',#6852,#6853,#462,.T.);
#7778=EDGE_CURVE('',#6814,#6853,#8855,.T.);
#7779=EDGE_CURVE('',#6851,#6852,#463,.T.);
#7780=EDGE_CURVE('',#6853,#6850,#464,.T.);
#7781=EDGE_CURVE('',#6850,#6854,#465,.T.);
#7782=EDGE_CURVE('',#6854,#6855,#466,.T.);
#7783=EDGE_CURVE('',#6851,#6855,#467,.T.);
#7784=EDGE_CURVE('',#6855,#6856,#468,.T.);
#7785=EDGE_CURVE('',#6852,#6856,#469,.T.);
#7786=EDGE_CURVE('',#6853,#6857,#470,.T.);
#7787=EDGE_CURVE('',#6857,#6854,#471,.T.);
#7788=EDGE_CURVE('',#6856,#6857,#472,.T.);
#7789=EDGE_CURVE('',#6845,#6858,#8856,.T.);
#7790=EDGE_CURVE('',#6858,#6859,#473,.T.);
#7791=EDGE_CURVE('',#6846,#6859,#8857,.T.);
#7792=EDGE_CURVE('',#6859,#6860,#474,.T.);
#7793=EDGE_CURVE('',#6801,#6860,#8858,.T.);
#7794=EDGE_CURVE('',#6849,#6804,#8859,.T.);
#7795=EDGE_CURVE('',#6802,#6858,#475,.T.);
#7796=EDGE_CURVE('',#6858,#6861,#476,.T.);
#7797=EDGE_CURVE('',#6861,#6862,#477,.T.);
#7798=EDGE_CURVE('',#6859,#6862,#478,.T.);
#7799=EDGE_CURVE('',#6862,#6863,#479,.T.);
#7800=EDGE_CURVE('',#6860,#6863,#480,.T.);
#7801=EDGE_CURVE('',#6802,#6864,#481,.T.);
#7802=EDGE_CURVE('',#6864,#6861,#482,.T.);
#7803=EDGE_CURVE('',#6863,#6864,#483,.T.);
#7804=EDGE_CURVE('',#6852,#6865,#8860,.T.);
#7805=EDGE_CURVE('',#6865,#6866,#484,.T.);
#7806=EDGE_CURVE('',#6853,#6866,#8861,.T.);
#7807=EDGE_CURVE('',#6857,#6867,#8862,.T.);
#7808=EDGE_CURVE('',#6867,#6868,#485,.T.);
#7809=EDGE_CURVE('',#6856,#6868,#8863,.T.);
#7810=EDGE_CURVE('',#6866,#6867,#486,.T.);
#7811=EDGE_CURVE('',#6868,#6865,#487,.T.);
#7812=EDGE_CURVE('',#6865,#6869,#488,.T.);
#7813=EDGE_CURVE('',#6869,#6870,#489,.T.);
#7814=EDGE_CURVE('',#6866,#6870,#490,.T.);
#7815=EDGE_CURVE('',#6867,#6871,#491,.T.);
#7816=EDGE_CURVE('',#6871,#6872,#492,.T.);
#7817=EDGE_CURVE('',#6868,#6872,#493,.T.);
#7818=EDGE_CURVE('',#6870,#6871,#494,.T.);
#7819=EDGE_CURVE('',#6872,#6869,#495,.T.);
#7820=EDGE_CURVE('',#6837,#6842,#496,.T.);
#7821=EDGE_CURVE('',#6825,#6829,#497,.T.);
#7822=EDGE_CURVE('',#6830,#6826,#498,.T.);
#7823=EDGE_CURVE('',#6809,#6824,#499,.T.);
#7824=EDGE_CURVE('',#6847,#6873,#8864,.T.);
#7825=EDGE_CURVE('',#6873,#6874,#500,.T.);
#7826=EDGE_CURVE('',#6848,#6874,#8865,.T.);
#7827=EDGE_CURVE('',#6875,#6849,#501,.T.);
#7828=EDGE_CURVE('',#6875,#6876,#8866,.T.);
#7829=EDGE_CURVE('',#6876,#6877,#502,.T.);
#7830=EDGE_CURVE('',#6877,#6873,#266,.T.);
#7831=EDGE_CURVE('',#6878,#6879,#503,.T.);
#7832=EDGE_CURVE('',#6878,#6880,#267,.T.);
#7833=EDGE_CURVE('',#6881,#6880,#8867,.T.);
#7834=EDGE_CURVE('',#6881,#6804,#504,.T.);
#7835=EDGE_CURVE('',#6874,#6882,#268,.T.);
#7836=EDGE_CURVE('',#6882,#6879,#505,.T.);
#7837=EDGE_CURVE('',#6883,#6884,#506,.T.);
#7838=EDGE_CURVE('',#6884,#6885,#507,.T.);
#7839=EDGE_CURVE('',#6886,#6885,#508,.T.);
#7840=EDGE_CURVE('',#6883,#6886,#509,.T.);
#7841=EDGE_CURVE('',#6887,#6888,#510,.T.);
#7842=EDGE_CURVE('',#6888,#6889,#8868,.T.);
#7843=EDGE_CURVE('',#6889,#6890,#511,.T.);
#7844=EDGE_CURVE('',#6890,#6891,#512,.T.);
#7845=EDGE_CURVE('',#6891,#6877,#8869,.T.);
#7846=EDGE_CURVE('',#6876,#6892,#513,.T.);
#7847=EDGE_CURVE('',#6883,#6892,#514,.T.);
#7848=EDGE_CURVE('',#6893,#6886,#515,.T.);
#7849=EDGE_CURVE('',#6893,#6894,#8870,.T.);
#7850=EDGE_CURVE('',#6895,#6894,#516,.T.);
#7851=EDGE_CURVE('',#6895,#6798,#8871,.T.);
#7852=EDGE_CURVE('',#6896,#6797,#517,.T.);
#7853=EDGE_CURVE('',#6896,#6897,#518,.T.);
#7854=EDGE_CURVE('',#6898,#6897,#519,.T.);
#7855=EDGE_CURVE('',#6898,#6899,#8872,.T.);
#7856=EDGE_CURVE('',#6900,#6899,#520,.T.);
#7857=EDGE_CURVE('',#6900,#6901,#8873,.T.);
#7858=EDGE_CURVE('',#6901,#6902,#521,.T.);
#7859=EDGE_CURVE('',#6902,#6903,#522,.T.);
#7860=EDGE_CURVE('',#6904,#6903,#523,.T.);
#7861=EDGE_CURVE('',#6904,#6887,#8874,.T.);
#7862=EDGE_CURVE('',#6905,#6906,#524,.T.);
#7863=EDGE_CURVE('',#6905,#6907,#8875,.T.);
#7864=EDGE_CURVE('',#6908,#6907,#525,.T.);
#7865=EDGE_CURVE('',#6908,#6909,#8876,.T.);
#7866=EDGE_CURVE('',#6909,#6910,#526,.T.);
#7867=EDGE_CURVE('',#6911,#6910,#527,.T.);
#7868=EDGE_CURVE('',#6912,#6911,#528,.T.);
#7869=EDGE_CURVE('',#6912,#6913,#8877,.T.);
#7870=EDGE_CURVE('',#6913,#6914,#529,.T.);
#7871=EDGE_CURVE('',#6914,#6915,#8878,.T.);
#7872=EDGE_CURVE('',#6915,#6916,#530,.T.);
#7873=EDGE_CURVE('',#6917,#6916,#531,.T.);
#7874=EDGE_CURVE('',#6917,#6800,#532,.T.);
#7875=EDGE_CURVE('',#6799,#6918,#8879,.T.);
#7876=EDGE_CURVE('',#6918,#6919,#533,.T.);
#7877=EDGE_CURVE('',#6919,#6920,#8880,.T.);
#7878=EDGE_CURVE('',#6920,#6885,#534,.T.);
#7879=EDGE_CURVE('',#6879,#6884,#535,.T.);
#7880=EDGE_CURVE('',#6882,#6921,#8881,.T.);
#7881=EDGE_CURVE('',#6906,#6921,#536,.T.);
#7882=EDGE_CURVE('',#6921,#6891,#537,.T.);
#7883=EDGE_CURVE('',#6890,#6922,#8882,.T.);
#7884=EDGE_CURVE('',#6923,#6922,#538,.T.);
#7885=EDGE_CURVE('',#6923,#6903,#8883,.T.);
#7886=EDGE_CURVE('',#6902,#6924,#8884,.T.);
#7887=EDGE_CURVE('',#6925,#6924,#539,.T.);
#7888=EDGE_CURVE('',#6925,#6897,#8885,.T.);
#7889=EDGE_CURVE('',#6896,#6917,#540,.T.);
#7890=EDGE_CURVE('',#6916,#6911,#541,.T.);
#7891=EDGE_CURVE('',#6910,#6906,#542,.T.);
#7892=EDGE_CURVE('',#6920,#6893,#543,.T.);
#7893=EDGE_CURVE('',#6864,#6926,#8886,.T.);
#7894=EDGE_CURVE('',#6926,#6927,#544,.T.);
#7895=EDGE_CURVE('',#6863,#6927,#8887,.T.);
#7896=EDGE_CURVE('',#6927,#6928,#545,.T.);
#7897=EDGE_CURVE('',#6928,#6860,#8888,.T.);
#7898=EDGE_CURVE('',#6801,#6929,#8889,.T.);
#7899=EDGE_CURVE('',#6930,#6929,#546,.T.);
#7900=EDGE_CURVE('',#6931,#6930,#8890,.T.);
#7901=EDGE_CURVE('',#6931,#6926,#547,.T.);
#7902=EDGE_CURVE('',#6926,#6932,#548,.T.);
#7903=EDGE_CURVE('',#6932,#6933,#549,.T.);
#7904=EDGE_CURVE('',#6927,#6933,#550,.T.);
#7905=EDGE_CURVE('',#6933,#6934,#551,.T.);
#7906=EDGE_CURVE('',#6934,#6928,#552,.T.);
#7907=EDGE_CURVE('',#6935,#6936,#553,.T.);
#7908=EDGE_CURVE('',#6936,#6937,#554,.T.);
#7909=EDGE_CURVE('',#6937,#6932,#555,.T.);
#7910=EDGE_CURVE('',#6935,#6931,#556,.T.);
#7911=EDGE_CURVE('',#6937,#6934,#8891,.T.);
#7912=EDGE_CURVE('',#6881,#6938,#557,.T.);
#7913=EDGE_CURVE('',#6938,#6875,#8892,.T.);
#7914=EDGE_CURVE('',#6939,#6940,#558,.T.);
#7915=EDGE_CURVE('',#6939,#6941,#559,.T.);
#7916=EDGE_CURVE('',#6941,#6938,#8893,.T.);
#7917=EDGE_CURVE('',#6880,#6942,#8894,.T.);
#7918=EDGE_CURVE('',#6942,#6940,#560,.T.);
#7919=EDGE_CURVE('',#6929,#6878,#269,.T.);
#7920=EDGE_CURVE('',#6879,#6930,#561,.T.);
#7921=EDGE_CURVE('',#6892,#6939,#8895,.T.);
#7922=EDGE_CURVE('',#6940,#6936,#8896,.T.);
#7923=EDGE_CURVE('',#6884,#6935,#562,.T.);
#7924=EDGE_CURVE('',#6928,#6942,#8897,.T.);
#7925=EDGE_CURVE('',#6876,#6941,#8898,.T.);
#7926=EDGE_CURVE('',#6895,#6918,#563,.T.);
#7927=EDGE_CURVE('',#6894,#6919,#564,.T.);
#7928=EDGE_CURVE('',#6943,#6944,#565,.T.);
#7929=EDGE_CURVE('',#6943,#6911,#8899,.T.);
#7930=EDGE_CURVE('',#6916,#6944,#8900,.T.);
#7931=EDGE_CURVE('',#6945,#6946,#566,.T.);
#7932=EDGE_CURVE('',#6946,#6947,#8901,.T.);
#7933=EDGE_CURVE('',#6947,#6948,#567,.T.);
#7934=EDGE_CURVE('',#6948,#6949,#8902,.T.);
#7935=EDGE_CURVE('',#6949,#6950,#568,.T.);
#7936=EDGE_CURVE('',#6950,#6951,#8903,.T.);
#7937=EDGE_CURVE('',#6951,#6952,#569,.T.);
#7938=EDGE_CURVE('',#6952,#6945,#8904,.T.);
#7939=EDGE_CURVE('',#6953,#6954,#570,.T.);
#7940=EDGE_CURVE('',#6954,#6906,#8905,.T.);
#7941=EDGE_CURVE('',#6910,#6953,#8906,.T.);
#7942=EDGE_CURVE('',#6955,#6956,#571,.T.);
#7943=EDGE_CURVE('',#6956,#6957,#8907,.T.);
#7944=EDGE_CURVE('',#6957,#6958,#572,.T.);
#7945=EDGE_CURVE('',#6958,#6959,#8908,.T.);
#7946=EDGE_CURVE('',#6959,#6960,#573,.T.);
#7947=EDGE_CURVE('',#6960,#6961,#8909,.T.);
#7948=EDGE_CURVE('',#6961,#6962,#574,.T.);
#7949=EDGE_CURVE('',#6962,#6955,#8910,.T.);
#7950=EDGE_CURVE('',#6963,#6964,#8911,.T.);
#7951=EDGE_CURVE('',#6964,#6925,#575,.T.);
#7952=EDGE_CURVE('',#6924,#6965,#576,.T.);
#7953=EDGE_CURVE('',#6965,#6966,#8912,.T.);
#7954=EDGE_CURVE('',#6966,#6963,#577,.T.);
#7955=EDGE_CURVE('',#6967,#6968,#8913,.T.);
#7956=EDGE_CURVE('',#6968,#6923,#578,.T.);
#7957=EDGE_CURVE('',#6922,#6969,#579,.T.);
#7958=EDGE_CURVE('',#6969,#6970,#8914,.T.);
#7959=EDGE_CURVE('',#6970,#6967,#580,.T.);
#7960=EDGE_CURVE('',#6944,#6950,#8915,.T.);
#7961=EDGE_CURVE('',#6951,#6916,#8916,.T.);
#7962=EDGE_CURVE('',#6952,#6915,#8917,.T.);
#7963=EDGE_CURVE('',#6943,#6949,#8918,.T.);
#7964=EDGE_CURVE('',#6945,#6914,#8919,.T.);
#7965=EDGE_CURVE('',#6911,#6948,#8920,.T.);
#7966=EDGE_CURVE('',#6946,#6913,#8921,.T.);
#7967=EDGE_CURVE('',#6912,#6947,#8922,.T.);
#7968=EDGE_CURVE('',#6953,#6960,#8923,.T.);
#7969=EDGE_CURVE('',#6961,#6910,#8924,.T.);
#7970=EDGE_CURVE('',#6962,#6909,#8925,.T.);
#7971=EDGE_CURVE('',#6954,#6959,#8926,.T.);
#7972=EDGE_CURVE('',#6955,#6908,#8927,.T.);
#7973=EDGE_CURVE('',#6906,#6958,#8928,.T.);
#7974=EDGE_CURVE('',#6956,#6907,#8929,.T.);
#7975=EDGE_CURVE('',#6905,#6957,#8930,.T.);
#7976=EDGE_CURVE('',#6889,#6969,#8931,.T.);
#7977=EDGE_CURVE('',#6888,#6970,#8932,.T.);
#7978=EDGE_CURVE('',#6967,#6887,#8933,.T.);
#7979=EDGE_CURVE('',#6968,#6904,#8934,.T.);
#7980=EDGE_CURVE('',#6901,#6965,#8935,.T.);
#7981=EDGE_CURVE('',#6900,#6966,#8936,.T.);
#7982=EDGE_CURVE('',#6963,#6899,#8937,.T.);
#7983=EDGE_CURVE('',#6964,#6898,#8938,.T.);
#7984=EDGE_CURVE('',#6971,#6971,#8939,.T.);
#7985=EDGE_CURVE('',#6972,#6972,#8940,.T.);
#7986=EDGE_CURVE('',#6973,#6974,#581,.T.);
#7987=EDGE_CURVE('',#6973,#6975,#8941,.T.);
#7988=EDGE_CURVE('',#6975,#6976,#582,.T.);
#7989=EDGE_CURVE('',#6976,#6974,#583,.T.);
#7990=EDGE_CURVE('',#6974,#6977,#8942,.T.);
#7991=EDGE_CURVE('',#6978,#6977,#584,.T.);
#7992=EDGE_CURVE('',#6973,#6978,#8943,.T.);
#7993=EDGE_CURVE('',#6979,#6980,#585,.T.);
#7994=EDGE_CURVE('',#6979,#6978,#8944,.T.);
#7995=EDGE_CURVE('',#6977,#6980,#586,.T.);
#7996=EDGE_CURVE('',#6975,#6979,#8945,.T.);
#7997=EDGE_CURVE('',#6976,#6980,#8946,.T.);
#7998=EDGE_CURVE('',#6981,#6982,#587,.T.);
#7999=EDGE_CURVE('',#6982,#6983,#8947,.T.);
#8000=EDGE_CURVE('',#6983,#6984,#8948,.T.);
#8001=EDGE_CURVE('',#6984,#6985,#588,.T.);
#8002=EDGE_CURVE('',#6985,#6986,#8949,.T.);
#8003=EDGE_CURVE('',#6986,#6987,#589,.T.);
#8004=EDGE_CURVE('',#6987,#6988,#8950,.T.);
#8005=EDGE_CURVE('',#6988,#6989,#590,.T.);
#8006=EDGE_CURVE('',#6989,#6990,#8951,.T.);
#8007=EDGE_CURVE('',#6990,#6991,#8952,.T.);
#8008=EDGE_CURVE('',#6991,#6992,#591,.T.);
#8009=EDGE_CURVE('',#6992,#6993,#8953,.T.);
#8010=EDGE_CURVE('',#6993,#6994,#8954,.T.);
#8011=EDGE_CURVE('',#6994,#6995,#592,.T.);
#8012=EDGE_CURVE('',#6995,#6996,#8955,.T.);
#8013=EDGE_CURVE('',#6996,#6997,#593,.T.);
#8014=EDGE_CURVE('',#6997,#6998,#8956,.T.);
#8015=EDGE_CURVE('',#6998,#6999,#594,.T.);
#8016=EDGE_CURVE('',#6999,#7000,#8957,.T.);
#8017=EDGE_CURVE('',#7000,#6981,#8958,.T.);
#8018=EDGE_CURVE('',#7001,#7002,#8959,.T.);
#8019=EDGE_CURVE('',#6986,#7001,#595,.T.);
#8020=EDGE_CURVE('',#7002,#6985,#596,.T.);
#8021=EDGE_CURVE('',#7003,#7001,#597,.T.);
#8022=EDGE_CURVE('',#7003,#6987,#598,.T.);
#8023=EDGE_CURVE('',#7004,#7003,#8960,.T.);
#8024=EDGE_CURVE('',#6988,#7004,#599,.T.);
#8025=EDGE_CURVE('',#7005,#7004,#600,.T.);
#8026=EDGE_CURVE('',#7005,#6989,#601,.T.);
#8027=EDGE_CURVE('',#7006,#7005,#8961,.T.);
#8028=EDGE_CURVE('',#6990,#7006,#602,.T.);
#8029=EDGE_CURVE('',#7007,#7006,#8962,.T.);
#8030=EDGE_CURVE('',#6991,#7007,#603,.T.);
#8031=EDGE_CURVE('',#7008,#7007,#604,.T.);
#8032=EDGE_CURVE('',#7008,#6992,#605,.T.);
#8033=EDGE_CURVE('',#7009,#7008,#8963,.T.);
#8034=EDGE_CURVE('',#6993,#7009,#606,.T.);
#8035=EDGE_CURVE('',#7010,#7009,#8964,.T.);
#8036=EDGE_CURVE('',#6994,#7010,#607,.T.);
#8037=EDGE_CURVE('',#7011,#7010,#608,.T.);
#8038=EDGE_CURVE('',#7011,#6995,#609,.T.);
#8039=EDGE_CURVE('',#7012,#7011,#8965,.T.);
#8040=EDGE_CURVE('',#6996,#7012,#610,.T.);
#8041=EDGE_CURVE('',#7013,#7012,#611,.T.);
#8042=EDGE_CURVE('',#7013,#6997,#612,.T.);
#8043=EDGE_CURVE('',#7014,#7013,#8966,.T.);
#8044=EDGE_CURVE('',#6998,#7014,#613,.T.);
#8045=EDGE_CURVE('',#7015,#7014,#614,.T.);
#8046=EDGE_CURVE('',#7015,#6999,#615,.T.);
#8047=EDGE_CURVE('',#7016,#7015,#8967,.T.);
#8048=EDGE_CURVE('',#7000,#7016,#616,.T.);
#8049=EDGE_CURVE('',#7017,#7016,#8968,.T.);
#8050=EDGE_CURVE('',#6981,#7017,#617,.T.);
#8051=EDGE_CURVE('',#7018,#7017,#618,.T.);
#8052=EDGE_CURVE('',#7018,#6982,#619,.T.);
#8053=EDGE_CURVE('',#7019,#7018,#8969,.T.);
#8054=EDGE_CURVE('',#6983,#7019,#620,.T.);
#8055=EDGE_CURVE('',#7020,#7019,#8970,.T.);
#8056=EDGE_CURVE('',#6984,#7020,#621,.T.);
#8057=EDGE_CURVE('',#7002,#7020,#622,.T.);
#8058=EDGE_CURVE('',#7021,#7022,#8971,.T.);
#8059=EDGE_CURVE('',#7023,#7021,#623,.T.);
#8060=EDGE_CURVE('',#7023,#7024,#218,.T.);
#8061=EDGE_CURVE('',#7022,#7024,#624,.T.);
#8062=EDGE_CURVE('',#7023,#7025,#625,.T.);
#8063=EDGE_CURVE('',#7021,#7026,#626,.T.);
#8064=EDGE_CURVE('',#7025,#7026,#627,.T.);
#8065=EDGE_CURVE('',#7027,#7028,#628,.T.);
#8066=EDGE_CURVE('',#7027,#7023,#629,.T.);
#8067=EDGE_CURVE('',#7028,#7025,#630,.T.);
#8068=EDGE_CURVE('',#7029,#7027,#8972,.T.);
#8069=EDGE_CURVE('',#7024,#7029,#631,.T.);
#8070=EDGE_CURVE('',#7022,#7030,#632,.T.);
#8071=EDGE_CURVE('',#7031,#7029,#633,.T.);
#8072=EDGE_CURVE('',#7031,#7032,#634,.T.);
#8073=EDGE_CURVE('',#7032,#7033,#635,.T.);
#8074=EDGE_CURVE('',#7034,#7033,#636,.T.);
#8075=EDGE_CURVE('',#7034,#7035,#637,.T.);
#8076=EDGE_CURVE('',#7035,#7036,#638,.T.);
#8077=EDGE_CURVE('',#7036,#7037,#639,.T.);
#8078=EDGE_CURVE('',#7037,#7038,#640,.T.);
#8079=EDGE_CURVE('',#7038,#7039,#641,.T.);
#8080=EDGE_CURVE('',#7039,#7040,#642,.T.);
#8081=EDGE_CURVE('',#7040,#7041,#643,.T.);
#8082=EDGE_CURVE('',#7042,#7041,#644,.T.);
#8083=EDGE_CURVE('',#7042,#7043,#645,.T.);
#8084=EDGE_CURVE('',#7043,#7044,#646,.T.);
#8085=EDGE_CURVE('',#7045,#7044,#647,.T.);
#8086=EDGE_CURVE('',#7046,#7045,#648,.T.);
#8087=EDGE_CURVE('',#7046,#7047,#649,.T.);
#8088=EDGE_CURVE('',#7047,#7048,#650,.T.);
#8089=EDGE_CURVE('',#7048,#7030,#651,.T.);
#8090=EDGE_CURVE('',#7049,#7050,#8973,.T.);
#8091=EDGE_CURVE('',#7051,#7049,#652,.T.);
#8092=EDGE_CURVE('',#7052,#7051,#219,.T.);
#8093=EDGE_CURVE('',#7050,#7052,#653,.T.);
#8094=EDGE_CURVE('',#7053,#7051,#654,.T.);
#8095=EDGE_CURVE('',#7054,#7049,#655,.T.);
#8096=EDGE_CURVE('',#7053,#7054,#656,.T.);
#8097=EDGE_CURVE('',#7055,#7056,#657,.T.);
#8098=EDGE_CURVE('',#7056,#7051,#658,.T.);
#8099=EDGE_CURVE('',#7055,#7053,#659,.T.);
#8100=EDGE_CURVE('',#7057,#7056,#8974,.T.);
#8101=EDGE_CURVE('',#7052,#7057,#660,.T.);
#8102=EDGE_CURVE('',#7058,#7059,#661,.T.);
#8103=EDGE_CURVE('',#7058,#7060,#662,.T.);
#8104=EDGE_CURVE('',#7061,#7060,#663,.T.);
#8105=EDGE_CURVE('',#7061,#7062,#664,.T.);
#8106=EDGE_CURVE('',#7062,#7063,#665,.T.);
#8107=EDGE_CURVE('',#7059,#7063,#666,.T.);
#8108=EDGE_CURVE('',#7064,#7065,#667,.T.);
#8109=EDGE_CURVE('',#7065,#7066,#668,.T.);
#8110=EDGE_CURVE('',#7066,#7067,#669,.T.);
#8111=EDGE_CURVE('',#7067,#7068,#670,.T.);
#8112=EDGE_CURVE('',#7069,#7068,#671,.T.);
#8113=EDGE_CURVE('',#7064,#7069,#672,.T.);
#8114=EDGE_CURVE('',#7070,#7071,#673,.T.);
#8115=EDGE_CURVE('',#7070,#7042,#674,.T.);
#8116=EDGE_CURVE('',#7041,#7071,#675,.T.);
#8117=EDGE_CURVE('',#7071,#7072,#676,.T.);
#8118=EDGE_CURVE('',#7072,#7040,#677,.T.);
#8119=EDGE_CURVE('',#7073,#7038,#678,.T.);
#8120=EDGE_CURVE('',#7073,#7074,#679,.T.);
#8121=EDGE_CURVE('',#7074,#7039,#680,.T.);
#8122=EDGE_CURVE('',#7074,#7072,#681,.T.);
#8123=EDGE_CURVE('',#7075,#7037,#682,.T.);
#8124=EDGE_CURVE('',#7075,#7073,#683,.T.);
#8125=EDGE_CURVE('',#7076,#7077,#684,.T.);
#8126=EDGE_CURVE('',#7076,#7030,#685,.T.);
#8127=EDGE_CURVE('',#7048,#7077,#686,.T.);
#8128=EDGE_CURVE('',#7077,#7078,#687,.T.);
#8129=EDGE_CURVE('',#7078,#7047,#688,.T.);
#8130=EDGE_CURVE('',#7079,#7080,#689,.T.);
#8131=EDGE_CURVE('',#7079,#7046,#690,.T.);
#8132=EDGE_CURVE('',#7045,#7080,#691,.T.);
#8133=EDGE_CURVE('',#7080,#7081,#692,.T.);
#8134=EDGE_CURVE('',#7044,#7081,#693,.T.);
#8135=EDGE_CURVE('',#7081,#7082,#694,.T.);
#8136=EDGE_CURVE('',#7043,#7082,#695,.T.);
#8137=EDGE_CURVE('',#7079,#7078,#696,.T.);
#8138=EDGE_CURVE('',#7083,#7084,#697,.T.);
#8139=EDGE_CURVE('',#7034,#7083,#698,.T.);
#8140=EDGE_CURVE('',#7033,#7084,#699,.T.);
#8141=EDGE_CURVE('',#7085,#7086,#700,.T.);
#8142=EDGE_CURVE('',#7085,#7036,#701,.T.);
#8143=EDGE_CURVE('',#7035,#7086,#702,.T.);
#8144=EDGE_CURVE('',#7086,#7083,#703,.T.);
#8145=EDGE_CURVE('',#7031,#7087,#704,.T.);
#8146=EDGE_CURVE('',#7087,#7088,#705,.T.);
#8147=EDGE_CURVE('',#7088,#7032,#706,.T.);
#8148=EDGE_CURVE('',#7088,#7084,#707,.T.);
#8149=EDGE_CURVE('',#7087,#7089,#708,.T.);
#8150=EDGE_CURVE('',#7090,#7028,#709,.T.);
#8151=EDGE_CURVE('',#7089,#7090,#710,.T.);
#8152=EDGE_CURVE('',#7089,#7076,#711,.T.);
#8153=EDGE_CURVE('',#7026,#7090,#712,.T.);
#8154=EDGE_CURVE('',#7085,#7075,#713,.T.);
#8155=EDGE_CURVE('',#7070,#7082,#714,.T.);
#8156=EDGE_CURVE('',#7091,#7057,#715,.T.);
#8157=EDGE_CURVE('',#7092,#7091,#716,.T.);
#8158=EDGE_CURVE('',#7092,#7093,#717,.T.);
#8159=EDGE_CURVE('',#7094,#7093,#718,.T.);
#8160=EDGE_CURVE('',#7095,#7094,#719,.T.);
#8161=EDGE_CURVE('',#7096,#7095,#720,.T.);
#8162=EDGE_CURVE('',#7096,#7097,#721,.T.);
#8163=EDGE_CURVE('',#7098,#7097,#722,.T.);
#8164=EDGE_CURVE('',#7099,#7098,#723,.T.);
#8165=EDGE_CURVE('',#7100,#7099,#724,.T.);
#8166=EDGE_CURVE('',#7100,#7101,#725,.T.);
#8167=EDGE_CURVE('',#7102,#7101,#726,.T.);
#8168=EDGE_CURVE('',#7102,#7103,#727,.T.);
#8169=EDGE_CURVE('',#7103,#7104,#728,.T.);
#8170=EDGE_CURVE('',#7105,#7104,#729,.T.);
#8171=EDGE_CURVE('',#7106,#7105,#730,.T.);
#8172=EDGE_CURVE('',#7106,#7107,#731,.T.);
#8173=EDGE_CURVE('',#7107,#7108,#732,.T.);
#8174=EDGE_CURVE('',#7109,#7108,#733,.T.);
#8175=EDGE_CURVE('',#7110,#7109,#734,.T.);
#8176=EDGE_CURVE('',#7110,#7111,#8975,.T.);
#8177=EDGE_CURVE('',#7112,#7111,#735,.T.);
#8178=EDGE_CURVE('',#7050,#7112,#736,.T.);
#8179=EDGE_CURVE('',#7113,#7114,#737,.T.);
#8180=EDGE_CURVE('',#7101,#7113,#738,.T.);
#8181=EDGE_CURVE('',#7114,#7100,#739,.T.);
#8182=EDGE_CURVE('',#7104,#7115,#740,.T.);
#8183=EDGE_CURVE('',#7115,#7116,#741,.T.);
#8184=EDGE_CURVE('',#7105,#7116,#742,.T.);
#8185=EDGE_CURVE('',#7103,#7117,#743,.T.);
#8186=EDGE_CURVE('',#7117,#7115,#744,.T.);
#8187=EDGE_CURVE('',#7102,#7118,#745,.T.);
#8188=EDGE_CURVE('',#7118,#7117,#746,.T.);
#8189=EDGE_CURVE('',#7107,#7119,#747,.T.);
#8190=EDGE_CURVE('',#7119,#7120,#748,.T.);
#8191=EDGE_CURVE('',#7108,#7120,#749,.T.);
#8192=EDGE_CURVE('',#7106,#7121,#750,.T.);
#8193=EDGE_CURVE('',#7121,#7119,#751,.T.);
#8194=EDGE_CURVE('',#7120,#7122,#752,.T.);
#8195=EDGE_CURVE('',#7109,#7122,#753,.T.);
#8196=EDGE_CURVE('',#7121,#7116,#754,.T.);
#8197=EDGE_CURVE('',#7123,#7110,#755,.T.);
#8198=EDGE_CURVE('',#7123,#7124,#8976,.T.);
#8199=EDGE_CURVE('',#7111,#7124,#756,.T.);
#8200=EDGE_CURVE('',#7125,#7124,#757,.T.);
#8201=EDGE_CURVE('',#7125,#7112,#758,.T.);
#8202=EDGE_CURVE('',#7126,#7127,#759,.T.);
#8203=EDGE_CURVE('',#7126,#7091,#760,.T.);
#8204=EDGE_CURVE('',#7128,#7055,#761,.T.);
#8205=EDGE_CURVE('',#7128,#7127,#762,.T.);
#8206=EDGE_CURVE('',#7127,#7125,#763,.T.);
#8207=EDGE_CURVE('',#7054,#7128,#764,.T.);
#8208=EDGE_CURVE('',#7123,#7122,#765,.T.);
#8209=EDGE_CURVE('',#7118,#7113,#766,.T.);
#8210=EDGE_CURVE('',#7093,#7129,#767,.T.);
#8211=EDGE_CURVE('',#7129,#7130,#768,.T.);
#8212=EDGE_CURVE('',#7094,#7130,#769,.T.);
#8213=EDGE_CURVE('',#7130,#7131,#770,.T.);
#8214=EDGE_CURVE('',#7095,#7131,#771,.T.);
#8215=EDGE_CURVE('',#7092,#7132,#772,.T.);
#8216=EDGE_CURVE('',#7132,#7129,#773,.T.);
#8217=EDGE_CURVE('',#7096,#7133,#774,.T.);
#8218=EDGE_CURVE('',#7133,#7134,#775,.T.);
#8219=EDGE_CURVE('',#7097,#7134,#776,.T.);
#8220=EDGE_CURVE('',#7134,#7135,#777,.T.);
#8221=EDGE_CURVE('',#7098,#7135,#778,.T.);
#8222=EDGE_CURVE('',#7135,#7136,#779,.T.);
#8223=EDGE_CURVE('',#7099,#7136,#780,.T.);
#8224=EDGE_CURVE('',#7133,#7131,#781,.T.);
#8225=EDGE_CURVE('',#7132,#7126,#782,.T.);
#8226=EDGE_CURVE('',#7114,#7136,#783,.T.);
#8227=EDGE_CURVE('',#7137,#7137,#8977,.T.);
#8228=EDGE_CURVE('',#7138,#7138,#8978,.T.);
#8229=EDGE_CURVE('',#7139,#7140,#784,.T.);
#8230=EDGE_CURVE('',#7139,#7141,#8979,.T.);
#8231=EDGE_CURVE('',#7142,#7141,#785,.T.);
#8232=EDGE_CURVE('',#7142,#7143,#8980,.T.);
#8233=EDGE_CURVE('',#7144,#7143,#786,.T.);
#8234=EDGE_CURVE('',#7144,#7145,#8981,.T.);
#8235=EDGE_CURVE('',#7146,#7145,#787,.T.);
#8236=EDGE_CURVE('',#7146,#7140,#8982,.T.);
#8237=EDGE_CURVE('',#7147,#7148,#788,.T.);
#8238=EDGE_CURVE('',#7148,#7149,#8983,.T.);
#8239=EDGE_CURVE('',#7150,#7149,#789,.T.);
#8240=EDGE_CURVE('',#7150,#7151,#790,.T.);
#8241=EDGE_CURVE('',#7151,#7152,#791,.T.);
#8242=EDGE_CURVE('',#7152,#7147,#8984,.T.);
#8243=EDGE_CURVE('',#7153,#7154,#220,.T.);
#8244=EDGE_CURVE('',#7155,#7153,#792,.T.);
#8245=EDGE_CURVE('',#7156,#7155,#221,.T.);
#8246=EDGE_CURVE('',#7060,#7156,#793,.T.);
#8247=EDGE_CURVE('',#7154,#7058,#794,.T.);
#8248=EDGE_CURVE('',#7066,#7157,#795,.T.);
#8249=EDGE_CURVE('',#7158,#7065,#796,.T.);
#8250=EDGE_CURVE('',#7159,#7158,#222,.T.);
#8251=EDGE_CURVE('',#7160,#7159,#797,.T.);
#8252=EDGE_CURVE('',#7157,#7160,#223,.T.);
#8253=EDGE_CURVE('',#7161,#7155,#798,.T.);
#8254=EDGE_CURVE('',#7161,#7162,#8985,.T.);
#8255=EDGE_CURVE('',#7156,#7162,#799,.T.);
#8256=EDGE_CURVE('',#7163,#7154,#800,.T.);
#8257=EDGE_CURVE('',#7163,#7164,#8986,.T.);
#8258=EDGE_CURVE('',#7153,#7164,#801,.T.);
#8259=EDGE_CURVE('',#7163,#7165,#802,.T.);
#8260=EDGE_CURVE('',#7165,#7059,#803,.T.);
#8261=EDGE_CURVE('',#7165,#7166,#804,.T.);
#8262=EDGE_CURVE('',#7063,#7166,#805,.T.);
#8263=EDGE_CURVE('',#7166,#7167,#806,.T.);
#8264=EDGE_CURVE('',#7167,#7062,#807,.T.);
#8265=EDGE_CURVE('',#7167,#7168,#808,.T.);
#8266=EDGE_CURVE('',#7168,#7061,#809,.T.);
#8267=EDGE_CURVE('',#7168,#7162,#810,.T.);
#8268=EDGE_CURVE('',#7169,#7142,#811,.T.);
#8269=EDGE_CURVE('',#7169,#7170,#8987,.T.);
#8270=EDGE_CURVE('',#7143,#7170,#812,.T.);
#8271=EDGE_CURVE('',#7171,#7139,#813,.T.);
#8272=EDGE_CURVE('',#7171,#7172,#8988,.T.);
#8273=EDGE_CURVE('',#7141,#7172,#814,.T.);
#8274=EDGE_CURVE('',#7173,#7160,#815,.T.);
#8275=EDGE_CURVE('',#7173,#7174,#8989,.T.);
#8276=EDGE_CURVE('',#7157,#7174,#816,.T.);
#8277=EDGE_CURVE('',#7175,#7174,#817,.T.);
#8278=EDGE_CURVE('',#7175,#7067,#818,.T.);
#8279=EDGE_CURVE('',#7176,#7175,#819,.T.);
#8280=EDGE_CURVE('',#7068,#7176,#820,.T.);
#8281=EDGE_CURVE('',#7177,#7176,#821,.T.);
#8282=EDGE_CURVE('',#7177,#7069,#822,.T.);
#8283=EDGE_CURVE('',#7178,#7177,#823,.T.);
#8284=EDGE_CURVE('',#7178,#7064,#824,.T.);
#8285=EDGE_CURVE('',#7179,#7158,#825,.T.);
#8286=EDGE_CURVE('',#7179,#7180,#8990,.T.);
#8287=EDGE_CURVE('',#7159,#7180,#826,.T.);
#8288=EDGE_CURVE('',#7179,#7178,#827,.T.);
#8289=EDGE_CURVE('',#7181,#7146,#828,.T.);
#8290=EDGE_CURVE('',#7181,#7182,#8991,.T.);
#8291=EDGE_CURVE('',#7140,#7182,#829,.T.);
#8292=EDGE_CURVE('',#7183,#7148,#830,.T.);
#8293=EDGE_CURVE('',#7183,#7184,#8992,.T.);
#8294=EDGE_CURVE('',#7149,#7184,#831,.T.);
#8295=EDGE_CURVE('',#7185,#7152,#832,.T.);
#8296=EDGE_CURVE('',#7185,#7186,#8993,.T.);
#8297=EDGE_CURVE('',#7147,#7186,#833,.T.);
#8298=EDGE_CURVE('',#7185,#7187,#834,.T.);
#8299=EDGE_CURVE('',#7151,#7187,#835,.T.);
#8300=EDGE_CURVE('',#7187,#7188,#836,.T.);
#8301=EDGE_CURVE('',#7150,#7188,#837,.T.);
#8302=EDGE_CURVE('',#7188,#7184,#838,.T.);
#8303=EDGE_CURVE('',#7189,#7144,#839,.T.);
#8304=EDGE_CURVE('',#7189,#7190,#8994,.T.);
#8305=EDGE_CURVE('',#7145,#7190,#840,.T.);
#8306=EDGE_CURVE('',#7190,#7183,#841,.T.);
#8307=EDGE_CURVE('',#7186,#7181,#842,.T.);
#8308=EDGE_CURVE('',#7182,#7173,#843,.T.);
#8309=EDGE_CURVE('',#7180,#7171,#844,.T.);
#8310=EDGE_CURVE('',#7172,#7169,#845,.T.);
#8311=EDGE_CURVE('',#7170,#7161,#846,.T.);
#8312=EDGE_CURVE('',#7164,#7189,#847,.T.);
#8313=EDGE_CURVE('',#7191,#7191,#8995,.T.);
#8314=EDGE_CURVE('',#7192,#7192,#8996,.T.);
#8315=EDGE_CURVE('',#7193,#7193,#8997,.T.);
#8316=EDGE_CURVE('',#7194,#7194,#8998,.T.);
#8317=EDGE_CURVE('',#7195,#7196,#848,.T.);
#8318=EDGE_CURVE('',#7196,#7197,#849,.T.);
#8319=EDGE_CURVE('',#7198,#7197,#850,.T.);
#8320=EDGE_CURVE('',#7198,#7195,#851,.T.);
#8321=EDGE_CURVE('',#7199,#7200,#852,.T.);
#8322=EDGE_CURVE('',#7201,#7200,#853,.T.);
#8323=EDGE_CURVE('',#7201,#7202,#854,.T.);
#8324=EDGE_CURVE('',#7202,#7199,#855,.T.);
#8325=EDGE_CURVE('',#7203,#7204,#856,.T.);
#8326=EDGE_CURVE('',#7204,#7205,#857,.T.);
#8327=EDGE_CURVE('',#7206,#7205,#8999,.T.);
#8328=EDGE_CURVE('',#7206,#7207,#858,.T.);
#8329=EDGE_CURVE('',#7207,#7208,#859,.T.);
#8330=EDGE_CURVE('',#7209,#7208,#860,.T.);
#8331=EDGE_CURVE('',#7210,#7209,#9000,.T.);
#8332=EDGE_CURVE('',#7211,#7210,#861,.T.);
#8333=EDGE_CURVE('',#7212,#7211,#862,.T.);
#8334=EDGE_CURVE('',#7212,#7213,#863,.T.);
#8335=EDGE_CURVE('',#7214,#7213,#224,.T.);
#8336=EDGE_CURVE('',#7215,#7214,#864,.T.);
#8337=EDGE_CURVE('',#7216,#7215,#865,.T.);
#8338=EDGE_CURVE('',#7216,#7217,#866,.T.);
#8339=EDGE_CURVE('',#7217,#7218,#867,.T.);
#8340=EDGE_CURVE('',#7218,#7219,#868,.T.);
#8341=EDGE_CURVE('',#7219,#7220,#869,.T.);
#8342=EDGE_CURVE('',#7220,#7221,#870,.T.);
#8343=EDGE_CURVE('',#7221,#7222,#871,.T.);
#8344=EDGE_CURVE('',#7222,#7223,#872,.T.);
#8345=EDGE_CURVE('',#7224,#7223,#873,.T.);
#8346=EDGE_CURVE('',#7224,#7225,#874,.T.);
#8347=EDGE_CURVE('',#7226,#7225,#225,.T.);
#8348=EDGE_CURVE('',#7226,#7203,#875,.T.);
#8349=EDGE_CURVE('',#7227,#7228,#876,.T.);
#8350=EDGE_CURVE('',#7228,#7229,#877,.T.);
#8351=EDGE_CURVE('',#7229,#7230,#878,.T.);
#8352=EDGE_CURVE('',#7230,#7227,#879,.T.);
#8353=EDGE_CURVE('',#7231,#7232,#880,.T.);
#8354=EDGE_CURVE('',#7232,#7233,#881,.T.);
#8355=EDGE_CURVE('',#7234,#7233,#882,.T.);
#8356=EDGE_CURVE('',#7234,#7231,#883,.T.);
#8357=EDGE_CURVE('',#7235,#7236,#884,.T.);
#8358=EDGE_CURVE('',#7236,#7237,#885,.T.);
#8359=EDGE_CURVE('',#7238,#7237,#886,.T.);
#8360=EDGE_CURVE('',#7238,#7235,#887,.T.);
#8361=EDGE_CURVE('',#7239,#7240,#888,.T.);
#8362=EDGE_CURVE('',#7241,#7240,#889,.T.);
#8363=EDGE_CURVE('',#7242,#7241,#890,.T.);
#8364=EDGE_CURVE('',#7242,#7239,#891,.T.);
#8365=EDGE_CURVE('',#7243,#7239,#892,.T.);
#8366=EDGE_CURVE('',#7244,#7242,#893,.T.);
#8367=EDGE_CURVE('',#7243,#7244,#894,.T.);
#8368=EDGE_CURVE('',#7245,#7243,#895,.T.);
#8369=EDGE_CURVE('',#7245,#7240,#896,.T.);
#8370=EDGE_CURVE('',#7241,#7246,#897,.T.);
#8371=EDGE_CURVE('',#7246,#7245,#898,.T.);
#8372=EDGE_CURVE('',#7244,#7247,#899,.T.);
#8373=EDGE_CURVE('',#7248,#7246,#900,.T.);
#8374=EDGE_CURVE('',#7249,#7248,#901,.T.);
#8375=EDGE_CURVE('',#7250,#7249,#902,.T.);
#8376=EDGE_CURVE('',#7250,#7247,#903,.T.);
#8377=EDGE_CURVE('',#7251,#7252,#904,.T.);
#8378=EDGE_CURVE('',#7252,#7253,#905,.T.);
#8379=EDGE_CURVE('',#7254,#7253,#906,.T.);
#8380=EDGE_CURVE('',#7251,#7254,#907,.T.);
#8381=EDGE_CURVE('',#7255,#7256,#908,.T.);
#8382=EDGE_CURVE('',#7256,#7257,#909,.T.);
#8383=EDGE_CURVE('',#7257,#7248,#910,.T.);
#8384=EDGE_CURVE('',#7258,#7247,#911,.T.);
#8385=EDGE_CURVE('',#7258,#7259,#912,.T.);
#8386=EDGE_CURVE('',#7260,#7259,#913,.T.);
#8387=EDGE_CURVE('',#7260,#7255,#914,.T.);
#8388=EDGE_CURVE('',#7261,#7262,#915,.T.);
#8389=EDGE_CURVE('',#7263,#7261,#916,.T.);
#8390=EDGE_CURVE('',#7263,#7264,#917,.T.);
#8391=EDGE_CURVE('',#7264,#7262,#918,.T.);
#8392=EDGE_CURVE('',#7265,#7266,#919,.T.);
#8393=EDGE_CURVE('',#7265,#7267,#920,.T.);
#8394=EDGE_CURVE('',#7267,#7268,#226,.T.);
#8395=EDGE_CURVE('',#7250,#7268,#921,.T.);
#8396=EDGE_CURVE('',#7249,#7269,#922,.T.);
#8397=EDGE_CURVE('',#7269,#7270,#227,.T.);
#8398=EDGE_CURVE('',#7270,#7271,#923,.T.);
#8399=EDGE_CURVE('',#7271,#7272,#924,.T.);
#8400=EDGE_CURVE('',#7272,#7273,#925,.T.);
#8401=EDGE_CURVE('',#7273,#7274,#9001,.T.);
#8402=EDGE_CURVE('',#7274,#7275,#926,.T.);
#8403=EDGE_CURVE('',#7275,#7276,#927,.T.);
#8404=EDGE_CURVE('',#7277,#7276,#928,.T.);
#8405=EDGE_CURVE('',#7277,#7278,#9002,.T.);
#8406=EDGE_CURVE('',#7266,#7278,#929,.T.);
#8407=EDGE_CURVE('',#7276,#7207,#9003,.T.);
#8408=EDGE_CURVE('',#7208,#7275,#9004,.T.);
#8409=EDGE_CURVE('',#7206,#7277,#930,.T.);
#8410=EDGE_CURVE('',#7278,#7205,#931,.T.);
#8411=EDGE_CURVE('',#7210,#7273,#932,.T.);
#8412=EDGE_CURVE('',#7274,#7209,#933,.T.);
#8413=EDGE_CURVE('',#7226,#7267,#934,.T.);
#8414=EDGE_CURVE('',#7268,#7225,#935,.T.);
#8415=EDGE_CURVE('',#7203,#7265,#936,.T.);
#8416=EDGE_CURVE('',#7263,#7222,#937,.T.);
#8417=EDGE_CURVE('',#7261,#7260,#938,.T.);
#8418=EDGE_CURVE('',#7259,#7223,#939,.T.);
#8419=EDGE_CURVE('',#7262,#7220,#940,.T.);
#8420=EDGE_CURVE('',#7264,#7221,#941,.T.);
#8421=EDGE_CURVE('',#7216,#7256,#942,.T.);
#8422=EDGE_CURVE('',#7253,#7255,#943,.T.);
#8423=EDGE_CURVE('',#7217,#7252,#944,.T.);
#8424=EDGE_CURVE('',#7251,#7218,#945,.T.);
#8425=EDGE_CURVE('',#7254,#7219,#946,.T.);
#8426=EDGE_CURVE('',#7224,#7258,#947,.T.);
#8427=EDGE_CURVE('',#7204,#7266,#948,.T.);
#8428=EDGE_CURVE('',#7211,#7272,#949,.T.);
#8429=EDGE_CURVE('',#7214,#7269,#950,.T.);
#8430=EDGE_CURVE('',#7270,#7213,#951,.T.);
#8431=EDGE_CURVE('',#7271,#7212,#952,.T.);
#8432=EDGE_CURVE('',#7215,#7257,#953,.T.);
#8433=EDGE_CURVE('',#7279,#7280,#954,.T.);
#8434=EDGE_CURVE('',#7281,#7279,#955,.T.);
#8435=EDGE_CURVE('',#7281,#7282,#956,.T.);
#8436=EDGE_CURVE('',#7282,#7280,#957,.T.);
#8437=EDGE_CURVE('',#7280,#7228,#958,.T.);
#8438=EDGE_CURVE('',#7282,#7229,#959,.T.);
#8439=EDGE_CURVE('',#7281,#7230,#960,.T.);
#8440=EDGE_CURVE('',#7279,#7227,#961,.T.);
#8441=EDGE_CURVE('',#7283,#7284,#962,.T.);
#8442=EDGE_CURVE('',#7285,#7284,#963,.T.);
#8443=EDGE_CURVE('',#7286,#7285,#964,.T.);
#8444=EDGE_CURVE('',#7283,#7286,#965,.T.);
#8445=EDGE_CURVE('',#7284,#7201,#966,.T.);
#8446=EDGE_CURVE('',#7285,#7200,#967,.T.);
#8447=EDGE_CURVE('',#7283,#7202,#968,.T.);
#8448=EDGE_CURVE('',#7286,#7199,#969,.T.);
#8449=EDGE_CURVE('',#7287,#7288,#970,.T.);
#8450=EDGE_CURVE('',#7287,#7289,#971,.T.);
#8451=EDGE_CURVE('',#7289,#7290,#972,.T.);
#8452=EDGE_CURVE('',#7290,#7288,#973,.T.);
#8453=EDGE_CURVE('',#7287,#7234,#974,.T.);
#8454=EDGE_CURVE('',#7289,#7233,#975,.T.);
#8455=EDGE_CURVE('',#7288,#7231,#976,.T.);
#8456=EDGE_CURVE('',#7290,#7232,#977,.T.);
#8457=EDGE_CURVE('',#7291,#7292,#978,.T.);
#8458=EDGE_CURVE('',#7293,#7291,#979,.T.);
#8459=EDGE_CURVE('',#7293,#7294,#980,.T.);
#8460=EDGE_CURVE('',#7292,#7294,#981,.T.);
#8461=EDGE_CURVE('',#7198,#7291,#982,.T.);
#8462=EDGE_CURVE('',#7293,#7197,#983,.T.);
#8463=EDGE_CURVE('',#7294,#7196,#984,.T.);
#8464=EDGE_CURVE('',#7292,#7195,#985,.T.);
#8465=EDGE_CURVE('',#7295,#7236,#986,.T.);
#8466=EDGE_CURVE('',#7295,#7296,#987,.T.);
#8467=EDGE_CURVE('',#7296,#7237,#988,.T.);
#8468=EDGE_CURVE('',#7297,#7238,#989,.T.);
#8469=EDGE_CURVE('',#7298,#7297,#990,.T.);
#8470=EDGE_CURVE('',#7298,#7235,#991,.T.);
#8471=EDGE_CURVE('',#7295,#7298,#992,.T.);
#8472=EDGE_CURVE('',#7297,#7296,#993,.T.);
#8473=EDGE_CURVE('',#7299,#7300,#994,.T.);
#8474=EDGE_CURVE('',#7300,#7301,#995,.T.);
#8475=EDGE_CURVE('',#7301,#7302,#996,.T.);
#8476=EDGE_CURVE('',#7302,#7303,#997,.T.);
#8477=EDGE_CURVE('',#7303,#7304,#998,.T.);
#8478=EDGE_CURVE('',#7305,#7304,#9005,.T.);
#8479=EDGE_CURVE('',#7305,#7306,#999,.T.);
#8480=EDGE_CURVE('',#7306,#7307,#1000,.T.);
#8481=EDGE_CURVE('',#7307,#7299,#1001,.T.);
#8482=EDGE_CURVE('',#7308,#7308,#9006,.T.);
#8483=EDGE_CURVE('',#7309,#7310,#9007,.T.);
#8484=EDGE_CURVE('',#7310,#7311,#1002,.T.);
#8485=EDGE_CURVE('',#7311,#7312,#1003,.T.);
#8486=EDGE_CURVE('',#7313,#7312,#1004,.T.);
#8487=EDGE_CURVE('',#7313,#7314,#9008,.T.);
#8488=EDGE_CURVE('',#7315,#7314,#1005,.T.);
#8489=EDGE_CURVE('',#7315,#7316,#9009,.T.);
#8490=EDGE_CURVE('',#7317,#7316,#1006,.T.);
#8491=EDGE_CURVE('',#7318,#7317,#1007,.T.);
#8492=EDGE_CURVE('',#7318,#7319,#1008,.T.);
#8493=EDGE_CURVE('',#7319,#7320,#9010,.T.);
#8494=EDGE_CURVE('',#7320,#7309,#1009,.T.);
#8495=EDGE_CURVE('',#7321,#7322,#1010,.T.);
#8496=EDGE_CURVE('',#7321,#7323,#1011,.T.);
#8497=EDGE_CURVE('',#7323,#7324,#1012,.T.);
#8498=EDGE_CURVE('',#7322,#7324,#1013,.T.);
#8499=EDGE_CURVE('',#7325,#7326,#1014,.T.);
#8500=EDGE_CURVE('',#7325,#7327,#1015,.T.);
#8501=EDGE_CURVE('',#7327,#7328,#9011,.T.);
#8502=EDGE_CURVE('',#7328,#7329,#1016,.T.);
#8503=EDGE_CURVE('',#7329,#7330,#9012,.T.);
#8504=EDGE_CURVE('',#7330,#7331,#1017,.T.);
#8505=EDGE_CURVE('',#7331,#7332,#1018,.T.);
#8506=EDGE_CURVE('',#7333,#7332,#1019,.T.);
#8507=EDGE_CURVE('',#7333,#7334,#9013,.T.);
#8508=EDGE_CURVE('',#7335,#7334,#1020,.T.);
#8509=EDGE_CURVE('',#7335,#7336,#9014,.T.);
#8510=EDGE_CURVE('',#7326,#7336,#1021,.T.);
#8511=EDGE_CURVE('',#7337,#7338,#1022,.T.);
#8512=EDGE_CURVE('',#7337,#7339,#1023,.T.);
#8513=EDGE_CURVE('',#7339,#7340,#1024,.T.);
#8514=EDGE_CURVE('',#7338,#7340,#1025,.T.);
#8515=EDGE_CURVE('',#7341,#7342,#1026,.T.);
#8516=EDGE_CURVE('',#7341,#7333,#1027,.T.);
#8517=EDGE_CURVE('',#7332,#7343,#1028,.T.);
#8518=EDGE_CURVE('',#7343,#7344,#1029,.T.);
#8519=EDGE_CURVE('',#7344,#7345,#1030,.T.);
#8520=EDGE_CURVE('',#7345,#7346,#1031,.T.);
#8521=EDGE_CURVE('',#7338,#7346,#1032,.T.);
#8522=EDGE_CURVE('',#7340,#7347,#1033,.T.);
#8523=EDGE_CURVE('',#7347,#7348,#1034,.T.);
#8524=EDGE_CURVE('',#7349,#7348,#1035,.T.);
#8525=EDGE_CURVE('',#7349,#7350,#1036,.T.);
#8526=EDGE_CURVE('',#7317,#7350,#1037,.T.);
#8527=EDGE_CURVE('',#7316,#7351,#1038,.T.);
#8528=EDGE_CURVE('',#7351,#7352,#1039,.T.);
#8529=EDGE_CURVE('',#7352,#7342,#1040,.T.);
#8530=EDGE_CURVE('',#7353,#7354,#1041,.T.);
#8531=EDGE_CURVE('',#7354,#7355,#1042,.T.);
#8532=EDGE_CURVE('',#7356,#7355,#1043,.T.);
#8533=EDGE_CURVE('',#7356,#7335,#1044,.T.);
#8534=EDGE_CURVE('',#7334,#7357,#1045,.T.);
#8535=EDGE_CURVE('',#7358,#7357,#1046,.T.);
#8536=EDGE_CURVE('',#7358,#7353,#1047,.T.);
#8537=EDGE_CURVE('',#7359,#7360,#1048,.T.);
#8538=EDGE_CURVE('',#7360,#7361,#1049,.T.);
#8539=EDGE_CURVE('',#7361,#7362,#1050,.T.);
#8540=EDGE_CURVE('',#7362,#7313,#1051,.T.);
#8541=EDGE_CURVE('',#7312,#7363,#1052,.T.);
#8542=EDGE_CURVE('',#7363,#7364,#1053,.T.);
#8543=EDGE_CURVE('',#7364,#7365,#1054,.T.);
#8544=EDGE_CURVE('',#7365,#7366,#1055,.T.);
#8545=EDGE_CURVE('',#7322,#7366,#1056,.T.);
#8546=EDGE_CURVE('',#7324,#7367,#1057,.T.);
#8547=EDGE_CURVE('',#7367,#7368,#1058,.T.);
#8548=EDGE_CURVE('',#7369,#7368,#1059,.T.);
#8549=EDGE_CURVE('',#7369,#7370,#1060,.T.);
#8550=EDGE_CURVE('',#7326,#7370,#1061,.T.);
#8551=EDGE_CURVE('',#7336,#7359,#1062,.T.);
#8552=EDGE_CURVE('',#7371,#7372,#1063,.T.);
#8553=EDGE_CURVE('',#7372,#7315,#1064,.T.);
#8554=EDGE_CURVE('',#7314,#7371,#1065,.T.);
#8555=EDGE_CURVE('',#7373,#7373,#9015,.T.);
#8556=EDGE_CURVE('',#7374,#7375,#1066,.T.);
#8557=EDGE_CURVE('',#7374,#7376,#1067,.T.);
#8558=EDGE_CURVE('',#7376,#7377,#1068,.T.);
#8559=EDGE_CURVE('',#7377,#7378,#9016,.T.);
#8560=EDGE_CURVE('',#7379,#7378,#1069,.T.);
#8561=EDGE_CURVE('',#7379,#7380,#1070,.T.);
#8562=EDGE_CURVE('',#7380,#7381,#1071,.T.);
#8563=EDGE_CURVE('',#7381,#7382,#1072,.T.);
#8564=EDGE_CURVE('',#7383,#7382,#1073,.T.);
#8565=EDGE_CURVE('',#7383,#7375,#9017,.T.);
#8566=EDGE_CURVE('',#7384,#7385,#1074,.T.);
#8567=EDGE_CURVE('',#7385,#7386,#1075,.T.);
#8568=EDGE_CURVE('',#7386,#7387,#1076,.T.);
#8569=EDGE_CURVE('',#7388,#7387,#1077,.T.);
#8570=EDGE_CURVE('',#7388,#7389,#1078,.T.);
#8571=EDGE_CURVE('',#7389,#7390,#1079,.T.);
#8572=EDGE_CURVE('',#7390,#7391,#1080,.T.);
#8573=EDGE_CURVE('',#7392,#7391,#1081,.T.);
#8574=EDGE_CURVE('',#7392,#7393,#1082,.T.);
#8575=EDGE_CURVE('',#7393,#7394,#1083,.T.);
#8576=EDGE_CURVE('',#7394,#7395,#1084,.T.);
#8577=EDGE_CURVE('',#7395,#7396,#1085,.T.);
#8578=EDGE_CURVE('',#7396,#7397,#1086,.T.);
#8579=EDGE_CURVE('',#7397,#7398,#1087,.T.);
#8580=EDGE_CURVE('',#7398,#7399,#1088,.T.);
#8581=EDGE_CURVE('',#7400,#7399,#1089,.T.);
#8582=EDGE_CURVE('',#7400,#7401,#1090,.T.);
#8583=EDGE_CURVE('',#7401,#7384,#1091,.T.);
#8584=EDGE_CURVE('',#7402,#7403,#1092,.T.);
#8585=EDGE_CURVE('',#7403,#7404,#1093,.T.);
#8586=EDGE_CURVE('',#7404,#7405,#1094,.T.);
#8587=EDGE_CURVE('',#7405,#7406,#1095,.T.);
#8588=EDGE_CURVE('',#7407,#7406,#1096,.T.);
#8589=EDGE_CURVE('',#7407,#7408,#1097,.T.);
#8590=EDGE_CURVE('',#7408,#7409,#1098,.T.);
#8591=EDGE_CURVE('',#7409,#7402,#1099,.T.);
#8592=EDGE_CURVE('',#7410,#7411,#1100,.T.);
#8593=EDGE_CURVE('',#7411,#7412,#1101,.T.);
#8594=EDGE_CURVE('',#7412,#7413,#1102,.T.);
#8595=EDGE_CURVE('',#7414,#7413,#1103,.T.);
#8596=EDGE_CURVE('',#7414,#7415,#1104,.T.);
#8597=EDGE_CURVE('',#7415,#7416,#1105,.T.);
#8598=EDGE_CURVE('',#7416,#7417,#1106,.T.);
#8599=EDGE_CURVE('',#7417,#7418,#1107,.T.);
#8600=EDGE_CURVE('',#7419,#7418,#1108,.T.);
#8601=EDGE_CURVE('',#7419,#7420,#1109,.T.);
#8602=EDGE_CURVE('',#7420,#7421,#1110,.T.);
#8603=EDGE_CURVE('',#7421,#7422,#1111,.T.);
#8604=EDGE_CURVE('',#7422,#7423,#1112,.T.);
#8605=EDGE_CURVE('',#7423,#7424,#1113,.T.);
#8606=EDGE_CURVE('',#7424,#7425,#1114,.T.);
#8607=EDGE_CURVE('',#7426,#7425,#1115,.T.);
#8608=EDGE_CURVE('',#7426,#7427,#1116,.T.);
#8609=EDGE_CURVE('',#7427,#7410,#1117,.T.);
#8610=EDGE_CURVE('',#7428,#7429,#1118,.T.);
#8611=EDGE_CURVE('',#7429,#7430,#1119,.T.);
#8612=EDGE_CURVE('',#7430,#7431,#1120,.T.);
#8613=EDGE_CURVE('',#7431,#7428,#1121,.T.);
#8614=EDGE_CURVE('',#7387,#7343,#1122,.T.);
#8615=EDGE_CURVE('',#7331,#7388,#1123,.T.);
#8616=EDGE_CURVE('',#7346,#7384,#1124,.T.);
#8617=EDGE_CURVE('',#7401,#7337,#1125,.T.);
#8618=EDGE_CURVE('',#7344,#7432,#1126,.T.);
#8619=EDGE_CURVE('',#7432,#7433,#1127,.T.);
#8620=EDGE_CURVE('',#7433,#7345,#1128,.T.);
#8621=EDGE_CURVE('',#7370,#7422,#1129,.T.);
#8622=EDGE_CURVE('',#7421,#7325,#1130,.T.);
#8623=EDGE_CURVE('',#7425,#7367,#1131,.T.);
#8624=EDGE_CURVE('',#7323,#7426,#1132,.T.);
#8625=EDGE_CURVE('',#7368,#7434,#1133,.T.);
#8626=EDGE_CURVE('',#7434,#7435,#1134,.T.);
#8627=EDGE_CURVE('',#7435,#7369,#1135,.T.);
#8628=EDGE_CURVE('',#7350,#7396,#1136,.T.);
#8629=EDGE_CURVE('',#7395,#7318,#1137,.T.);
#8630=EDGE_CURVE('',#7399,#7347,#1138,.T.);
#8631=EDGE_CURVE('',#7339,#7400,#1139,.T.);
#8632=EDGE_CURVE('',#7348,#7436,#1140,.T.);
#8633=EDGE_CURVE('',#7436,#7437,#1141,.T.);
#8634=EDGE_CURVE('',#7437,#7349,#1142,.T.);
#8635=EDGE_CURVE('',#7413,#7363,#1143,.T.);
#8636=EDGE_CURVE('',#7311,#7414,#1144,.T.);
#8637=EDGE_CURVE('',#7366,#7410,#1145,.T.);
#8638=EDGE_CURVE('',#7427,#7321,#1146,.T.);
#8639=EDGE_CURVE('',#7364,#7438,#1147,.T.);
#8640=EDGE_CURVE('',#7438,#7439,#1148,.T.);
#8641=EDGE_CURVE('',#7439,#7365,#1149,.T.);
#8642=EDGE_CURVE('',#7398,#7436,#1150,.T.);
#8643=EDGE_CURVE('',#7437,#7397,#1151,.T.);
#8644=EDGE_CURVE('',#7412,#7438,#1152,.T.);
#8645=EDGE_CURVE('',#7439,#7411,#1153,.T.);
#8646=EDGE_CURVE('',#7424,#7434,#1154,.T.);
#8647=EDGE_CURVE('',#7435,#7423,#1155,.T.);
#8648=EDGE_CURVE('',#7433,#7385,#1156,.T.);
#8649=EDGE_CURVE('',#7386,#7432,#1157,.T.);
#8650=EDGE_CURVE('',#7440,#7391,#1158,.T.);
#8651=EDGE_CURVE('',#7440,#7383,#1159,.T.);
#8652=EDGE_CURVE('',#7382,#7392,#9018,.T.);
#8653=EDGE_CURVE('',#7408,#7374,#9019,.T.);
#8654=EDGE_CURVE('',#7375,#7441,#1160,.T.);
#8655=EDGE_CURVE('',#7409,#7441,#1161,.T.);
#8656=EDGE_CURVE('',#7442,#7442,#9020,.T.);
#8657=EDGE_CURVE('',#7441,#7440,#9021,.T.);
#8658=EDGE_CURVE('',#7390,#7402,#9022,.T.);
#8659=EDGE_CURVE('',#7376,#7407,#9023,.T.);
#8660=EDGE_CURVE('',#7406,#7443,#1162,.T.);
#8661=EDGE_CURVE('',#7443,#7377,#1163,.T.);
#8662=EDGE_CURVE('',#7378,#7444,#1164,.T.);
#8663=EDGE_CURVE('',#7418,#7444,#1165,.T.);
#8664=EDGE_CURVE('',#7417,#7379,#9024,.T.);
#8665=EDGE_CURVE('',#7445,#7445,#9025,.T.);
#8666=EDGE_CURVE('',#7444,#7443,#9026,.T.);
#8667=EDGE_CURVE('',#7405,#7419,#9027,.T.);
#8668=EDGE_CURVE('',#7446,#7447,#1166,.T.);
#8669=EDGE_CURVE('',#7447,#7448,#1167,.T.);
#8670=EDGE_CURVE('',#7448,#7449,#1168,.T.);
#8671=EDGE_CURVE('',#7449,#7446,#1169,.T.);
#8672=EDGE_CURVE('',#7450,#7450,#9028,.T.);
#8673=EDGE_CURVE('',#7446,#7451,#9029,.T.);
#8674=EDGE_CURVE('',#7452,#7451,#1170,.T.);
#8675=EDGE_CURVE('',#7452,#7358,#9030,.T.);
#8676=EDGE_CURVE('',#7357,#7341,#9031,.T.);
#8677=EDGE_CURVE('',#7342,#7447,#9032,.T.);
#8678=EDGE_CURVE('',#7453,#7454,#1171,.T.);
#8679=EDGE_CURVE('',#7454,#7452,#1172,.T.);
#8680=EDGE_CURVE('',#7451,#7453,#1173,.T.);
#8681=EDGE_CURVE('',#7455,#7455,#9033,.T.);
#8682=EDGE_CURVE('',#7456,#7456,#9034,.T.);
#8683=EDGE_CURVE('',#7415,#7429,#9035,.T.);
#8684=EDGE_CURVE('',#7416,#7428,#9036,.T.);
#8685=EDGE_CURVE('',#7380,#7416,#9037,.T.);
#8686=EDGE_CURVE('',#7393,#7381,#9038,.T.);
#8687=EDGE_CURVE('',#7430,#7394,#9039,.T.);
#8688=EDGE_CURVE('',#7431,#7393,#9040,.T.);
#8689=EDGE_CURVE('',#7380,#7428,#9041,.T.);
#8690=EDGE_CURVE('',#7431,#7381,#9042,.T.);
#8691=EDGE_CURVE('',#7404,#7420,#9043,.T.);
#8692=EDGE_CURVE('',#7389,#7403,#9044,.T.);
#8693=EDGE_CURVE('',#7359,#7356,#9045,.T.);
#8694=EDGE_CURVE('',#7353,#7454,#9046,.T.);
#8695=EDGE_CURVE('',#7302,#7354,#9047,.T.);
#8696=EDGE_CURVE('',#7303,#7353,#9048,.T.);
#8697=EDGE_CURVE('',#7361,#7300,#9049,.T.);
#8698=EDGE_CURVE('',#7362,#7299,#9050,.T.);
#8699=EDGE_CURVE('',#7371,#7362,#9051,.T.);
#8700=EDGE_CURVE('',#7303,#7454,#9052,.T.);
#8701=EDGE_CURVE('',#7371,#7299,#9053,.T.);
#8702=EDGE_CURVE('',#7453,#7449,#9054,.T.);
#8703=EDGE_CURVE('',#7304,#7453,#9055,.T.);
#8704=EDGE_CURVE('',#7372,#7307,#9056,.T.);
#8705=EDGE_CURVE('',#7351,#7372,#9057,.T.);
#8706=EDGE_CURVE('',#7305,#7449,#9058,.T.);
#8707=EDGE_CURVE('',#7351,#7307,#9059,.T.);
#8708=EDGE_CURVE('',#7306,#7448,#9060,.T.);
#8709=EDGE_CURVE('',#7352,#7306,#9061,.T.);
#8710=EDGE_CURVE('',#7352,#7448,#9062,.T.);
#8711=EDGE_CURVE('',#7319,#7394,#1174,.T.);
#8712=EDGE_CURVE('',#7320,#7430,#1175,.T.);
#8713=EDGE_CURVE('',#7309,#7429,#1176,.T.);
#8714=EDGE_CURVE('',#7415,#7310,#1177,.T.);
#8715=EDGE_CURVE('',#7389,#7330,#1178,.T.);
#8716=EDGE_CURVE('',#7403,#7329,#1179,.T.);
#8717=EDGE_CURVE('',#7404,#7328,#1180,.T.);
#8718=EDGE_CURVE('',#7420,#7327,#1181,.T.);
#8719=EDGE_CURVE('',#7457,#7457,#9063,.T.);
#8720=EDGE_CURVE('',#7459,#7460,#1182,.T.);
#8721=EDGE_CURVE('',#7460,#7461,#1183,.T.);
#8722=EDGE_CURVE('',#7461,#7462,#9064,.T.);
#8723=EDGE_CURVE('',#7462,#7463,#1184,.T.);
#8724=EDGE_CURVE('',#7459,#7463,#1185,.T.);
#8725=EDGE_CURVE('',#7464,#7465,#9065,.T.);
#8726=EDGE_CURVE('',#7465,#7466,#1186,.T.);
#8727=EDGE_CURVE('',#7459,#7466,#1187,.T.);
#8728=EDGE_CURVE('',#7463,#7464,#1188,.T.);
#8729=EDGE_CURVE('',#7467,#7467,#9066,.T.);
#8730=EDGE_CURVE('',#7355,#7460,#9067,.T.);
#8731=EDGE_CURVE('',#7466,#7360,#9068,.T.);
#8732=EDGE_CURVE('',#7468,#7468,#9069,.T.);
#8733=EDGE_CURVE('',#7469,#7469,#9070,.T.);
#8734=EDGE_CURVE('',#7470,#7470,#9071,.T.);
#8735=EDGE_CURVE('',#7361,#7465,#9072,.T.);
#8736=EDGE_CURVE('',#7300,#7464,#9073,.T.);
#8737=EDGE_CURVE('',#7301,#7463,#228,.T.);
#8738=EDGE_CURVE('',#7461,#7354,#9074,.T.);
#8739=EDGE_CURVE('',#7302,#7462,#9075,.T.);
#8740=CIRCLE('',#9077,0.2);
#8741=CIRCLE('',#9078,0.2);
#8742=CIRCLE('',#9082,0.125);
#8743=CIRCLE('',#9084,0.4);
#8744=CIRCLE('',#9085,0.4);
#8745=CIRCLE('',#9087,0.125);
#8746=CIRCLE('',#9089,0.28);
#8747=CIRCLE('',#9090,0.28);
#8748=CIRCLE('',#9094,0.33);
#8749=CIRCLE('',#9096,0.33);
#8750=CIRCLE('',#9103,0.2);
#8751=CIRCLE('',#9104,0.2);
#8752=CIRCLE('',#9105,0.2);
#8753=CIRCLE('',#9106,0.2);
#8754=CIRCLE('',#9107,0.2);
#8755=CIRCLE('',#9108,0.2);
#8756=CIRCLE('',#9109,0.2);
#8757=CIRCLE('',#9110,0.2);
#8758=CIRCLE('',#9111,0.3);
#8759=CIRCLE('',#9112,0.5);
#8760=CIRCLE('',#9113,0.5);
#8761=CIRCLE('',#9114,0.2);
#8762=CIRCLE('',#9118,0.2);
#8763=CIRCLE('',#9119,0.2);
#8764=CIRCLE('',#9120,0.2);
#8765=CIRCLE('',#9121,0.2);
#8766=CIRCLE('',#9122,0.2);
#8767=CIRCLE('',#9123,0.2);
#8768=CIRCLE('',#9124,0.2);
#8769=CIRCLE('',#9125,0.2);
#8770=CIRCLE('',#9126,0.3);
#8771=CIRCLE('',#9127,0.2);
#8772=CIRCLE('',#9128,0.5);
#8773=CIRCLE('',#9129,0.5);
#8774=CIRCLE('',#9134,0.15);
#8775=CIRCLE('',#9135,0.33);
#8776=CIRCLE('',#9137,0.15);
#8777=CIRCLE('',#9138,0.33);
#8778=CIRCLE('',#9144,0.3);
#8779=CIRCLE('',#9146,0.3);
#8780=CIRCLE('',#9151,0.3);
#8781=CIRCLE('',#9152,0.48);
#8782=CIRCLE('',#9154,0.48);
#8783=CIRCLE('',#9155,0.3);
#8784=CIRCLE('',#9161,0.2);
#8785=CIRCLE('',#9162,0.2);
#8786=CIRCLE('',#9164,0.2);
#8787=CIRCLE('',#9165,0.2);
#8788=CIRCLE('',#9171,0.00226280066714811);
#8789=CIRCLE('',#9172,0.00226280066714811);
#8790=CIRCLE('',#9173,0.00226280066714811);
#8791=CIRCLE('',#9174,0.00226280066714811);
#8792=CIRCLE('',#9176,0.00226280066714811);
#8793=CIRCLE('',#9177,0.00226280066714811);
#8794=CIRCLE('',#9178,0.00226280066714811);
#8795=CIRCLE('',#9179,0.00226280066714811);
#8796=CIRCLE('',#9181,0.2);
#8797=CIRCLE('',#9182,0.2);
#8798=CIRCLE('',#9183,0.2);
#8799=CIRCLE('',#9185,0.2);
#8800=CIRCLE('',#9187,0.2);
#8801=CIRCLE('',#9188,0.2);
#8802=CIRCLE('',#9189,0.2);
#8803=CIRCLE('',#9191,0.2);
#8804=CIRCLE('',#9193,0.2);
#8805=CIRCLE('',#9194,0.2);
#8806=CIRCLE('',#9195,0.2);
#8807=CIRCLE('',#9197,0.2);
#8808=CIRCLE('',#9199,0.2);
#8809=CIRCLE('',#9200,0.2);
#8810=CIRCLE('',#9201,0.2);
#8811=CIRCLE('',#9203,0.2);
#8812=CIRCLE('',#9205,0.00226280066714811);
#8813=CIRCLE('',#9206,0.00226280066714811);
#8814=CIRCLE('',#9207,0.00226280066714811);
#8815=CIRCLE('',#9208,0.00226280066714811);
#8816=CIRCLE('',#9210,0.00226280066714811);
#8817=CIRCLE('',#9211,0.00226280066714811);
#8818=CIRCLE('',#9212,0.00226280066714811);
#8819=CIRCLE('',#9213,0.00226280066714811);
#8820=CIRCLE('',#9215,0.2);
#8821=CIRCLE('',#9216,0.2);
#8822=CIRCLE('',#9217,0.2);
#8823=CIRCLE('',#9219,0.2);
#8824=CIRCLE('',#9221,0.2);
#8825=CIRCLE('',#9222,0.2);
#8826=CIRCLE('',#9223,0.2);
#8827=CIRCLE('',#9225,0.2);
#8828=CIRCLE('',#9227,0.2);
#8829=CIRCLE('',#9228,0.2);
#8830=CIRCLE('',#9229,0.2);
#8831=CIRCLE('',#9231,0.2);
#8832=CIRCLE('',#9233,0.2);
#8833=CIRCLE('',#9234,0.2);
#8834=CIRCLE('',#9235,0.2);
#8835=CIRCLE('',#9237,0.2);
#8836=CIRCLE('',#9249,0.005);
#8837=CIRCLE('',#9250,0.125);
#8838=CIRCLE('',#9252,0.2);
#8839=CIRCLE('',#9253,0.2);
#8840=CIRCLE('',#9255,0.2);
#8841=CIRCLE('',#9256,0.2);
#8842=CIRCLE('',#9260,0.125);
#8843=CIRCLE('',#9263,0.005);
#8844=CIRCLE('',#9266,0.2);
#8845=CIRCLE('',#9267,0.2);
#8846=CIRCLE('',#9269,0.2);
#8847=CIRCLE('',#9270,0.2);
#8848=CIRCLE('',#9278,0.15);
#8849=CIRCLE('',#9279,0.27);
#8850=CIRCLE('',#9281,0.27);
#8851=CIRCLE('',#9282,0.15);
#8852=CIRCLE('',#9289,0.005);
#8853=CIRCLE('',#9290,0.125);
#8854=CIRCLE('',#9292,0.125);
#8855=CIRCLE('',#9293,0.005);
#8856=CIRCLE('',#9301,0.005);
#8857=CIRCLE('',#9302,0.125);
#8858=CIRCLE('',#9304,0.125);
#8859=CIRCLE('',#9305,0.125);
#8860=CIRCLE('',#9312,0.4);
#8861=CIRCLE('',#9313,0.28);
#8862=CIRCLE('',#9315,0.28);
#8863=CIRCLE('',#9316,0.4);
#8864=CIRCLE('',#9328,0.27);
#8865=CIRCLE('',#9329,0.15);
#8866=CIRCLE('',#9331,0.27);
#8867=CIRCLE('',#9333,0.15);
#8868=CIRCLE('',#9336,0.2);
#8869=CIRCLE('',#9337,0.2);
#8870=CIRCLE('',#9338,0.3);
#8871=CIRCLE('',#9339,0.3);
#8872=CIRCLE('',#9340,0.2);
#8873=CIRCLE('',#9341,0.2);
#8874=CIRCLE('',#9342,0.2);
#8875=CIRCLE('',#9344,0.2);
#8876=CIRCLE('',#9345,0.2);
#8877=CIRCLE('',#9346,0.2);
#8878=CIRCLE('',#9347,0.2);
#8879=CIRCLE('',#9348,0.3);
#8880=CIRCLE('',#9349,0.3);
#8881=CIRCLE('',#9350,0.2);
#8882=CIRCLE('',#9352,0.2);
#8883=CIRCLE('',#9353,0.2);
#8884=CIRCLE('',#9354,0.2);
#8885=CIRCLE('',#9355,0.2);
#8886=CIRCLE('',#9359,0.15);
#8887=CIRCLE('',#9360,0.03);
#8888=CIRCLE('',#9362,0.03);
#8889=CIRCLE('',#9364,0.15);
#8890=CIRCLE('',#9365,0.15);
#8891=CIRCLE('',#9370,0.125);
#8892=CIRCLE('',#9372,0.1);
#8893=CIRCLE('',#9374,0.17);
#8894=CIRCLE('',#9375,0.155);
#8895=CIRCLE('',#9378,0.1);
#8896=CIRCLE('',#9379,0.125);
#8897=CIRCLE('',#9382,0.125);
#8898=CIRCLE('',#9385,0.1);
#8899=CIRCLE('',#9389,0.2);
#8900=CIRCLE('',#9390,0.2);
#8901=CIRCLE('',#9392,0.0126500600480482);
#8902=CIRCLE('',#9393,0.0126500600480481);
#8903=CIRCLE('',#9394,0.0126500600480481);
#8904=CIRCLE('',#9395,0.0126500600480482);
#8905=CIRCLE('',#9397,0.2);
#8906=CIRCLE('',#9398,0.2);
#8907=CIRCLE('',#9400,0.0126500600480483);
#8908=CIRCLE('',#9401,0.0126500600480481);
#8909=CIRCLE('',#9402,0.0126500600480481);
#8910=CIRCLE('',#9403,0.0126500600480483);
#8911=CIRCLE('',#9405,0.0213942890050828);
#8912=CIRCLE('',#9406,0.0213942890050828);
#8913=CIRCLE('',#9408,0.0213942890050828);
#8914=CIRCLE('',#9409,0.0213942890050828);
#8915=CIRCLE('',#9411,0.2);
#8916=CIRCLE('',#9412,0.2);
#8917=CIRCLE('',#9413,0.2);
#8918=CIRCLE('',#9415,0.2);
#8919=CIRCLE('',#9417,0.2);
#8920=CIRCLE('',#9418,0.2);
#8921=CIRCLE('',#9419,0.2);
#8922=CIRCLE('',#9421,0.2);
#8923=CIRCLE('',#9423,0.2);
#8924=CIRCLE('',#9424,0.2);
#8925=CIRCLE('',#9425,0.2);
#8926=CIRCLE('',#9427,0.2);
#8927=CIRCLE('',#9429,0.2);
#8928=CIRCLE('',#9430,0.2);
#8929=CIRCLE('',#9431,0.2);
#8930=CIRCLE('',#9433,0.2);
#8931=CIRCLE('',#9435,0.2);
#8932=CIRCLE('',#9437,0.2);
#8933=CIRCLE('',#9438,0.2);
#8934=CIRCLE('',#9440,0.2);
#8935=CIRCLE('',#9442,0.2);
#8936=CIRCLE('',#9444,0.2);
#8937=CIRCLE('',#9445,0.2);
#8938=CIRCLE('',#9447,0.2);
#8939=CIRCLE('',#9456,0.2);
#8940=CIRCLE('',#9457,0.2);
#8941=CIRCLE('',#9461,0.125);
#8942=CIRCLE('',#9463,0.27);
#8943=CIRCLE('',#9464,0.27);
#8944=CIRCLE('',#9466,0.125);
#8945=CIRCLE('',#9468,0.15);
#8946=CIRCLE('',#9469,0.15);
#8947=CIRCLE('',#9473,0.5);
#8948=CIRCLE('',#9474,0.5);
#8949=CIRCLE('',#9475,0.5);
#8950=CIRCLE('',#9476,0.5);
#8951=CIRCLE('',#9477,0.5);
#8952=CIRCLE('',#9478,0.5);
#8953=CIRCLE('',#9479,0.5);
#8954=CIRCLE('',#9480,0.5);
#8955=CIRCLE('',#9481,0.5);
#8956=CIRCLE('',#9482,0.5);
#8957=CIRCLE('',#9483,0.5);
#8958=CIRCLE('',#9484,0.5);
#8959=CIRCLE('',#9486,0.5);
#8960=CIRCLE('',#9489,0.5);
#8961=CIRCLE('',#9492,0.5);
#8962=CIRCLE('',#9494,0.5);
#8963=CIRCLE('',#9497,0.5);
#8964=CIRCLE('',#9499,0.5);
#8965=CIRCLE('',#9502,0.5);
#8966=CIRCLE('',#9505,0.5);
#8967=CIRCLE('',#9508,0.5);
#8968=CIRCLE('',#9510,0.5);
#8969=CIRCLE('',#9513,0.5);
#8970=CIRCLE('',#9515,0.5);
#8971=CIRCLE('',#9518,0.2);
#8972=CIRCLE('',#9523,0.2);
#8973=CIRCLE('',#9526,0.2);
#8974=CIRCLE('',#9531,0.2);
#8975=CIRCLE('',#9555,0.3);
#8976=CIRCLE('',#9565,0.3);
#8977=CIRCLE('',#9581,0.5);
#8978=CIRCLE('',#9582,0.5);
#8979=CIRCLE('',#9583,0.3);
#8980=CIRCLE('',#9584,0.3);
#8981=CIRCLE('',#9585,0.3);
#8982=CIRCLE('',#9586,0.3);
#8983=CIRCLE('',#9588,0.2);
#8984=CIRCLE('',#9589,0.2);
#8985=CIRCLE('',#9597,0.3);
#8986=CIRCLE('',#9599,0.3);
#8987=CIRCLE('',#9606,0.3);
#8988=CIRCLE('',#9608,0.3);
#8989=CIRCLE('',#9610,0.3);
#8990=CIRCLE('',#9616,0.3);
#8991=CIRCLE('',#9619,0.3);
#8992=CIRCLE('',#9621,0.2);
#8993=CIRCLE('',#9623,0.2);
#8994=CIRCLE('',#9628,0.3);
#8995=CIRCLE('',#9634,0.2);
#8996=CIRCLE('',#9636,0.2);
#8997=CIRCLE('',#9638,0.2);
#8998=CIRCLE('',#9640,0.2);
#8999=CIRCLE('',#9642,0.3);
#9000=CIRCLE('',#9643,0.3);
#9001=CIRCLE('',#9657,0.3);
#9002=CIRCLE('',#9658,0.3);
#9003=CIRCLE('',#9660,0.8);
#9004=CIRCLE('',#9661,0.8);
#9005=CIRCLE('',#9711,0.6);
#9006=CIRCLE('',#9712,1.5);
#9007=CIRCLE('',#9714,0.5);
#9008=CIRCLE('',#9715,0.3);
#9009=CIRCLE('',#9716,0.3);
#9010=CIRCLE('',#9717,0.5);
#9011=CIRCLE('',#9720,0.5);
#9012=CIRCLE('',#9721,0.5);
#9013=CIRCLE('',#9722,0.3);
#9014=CIRCLE('',#9723,0.3);
#9015=CIRCLE('',#9730,2.0171922964497);
#9016=CIRCLE('',#9731,0.3);
#9017=CIRCLE('',#9732,0.3);
#9018=CIRCLE('',#9758,0.3);
#9019=CIRCLE('',#9760,0.3);
#9020=CIRCLE('',#9762,0.2);
#9021=CIRCLE('',#9763,0.3);
#9022=CIRCLE('',#9764,0.3);
#9023=CIRCLE('',#9766,0.3);
#9024=CIRCLE('',#9768,0.3);
#9025=CIRCLE('',#9770,0.441115595868593);
#9026=CIRCLE('',#9771,0.3);
#9027=CIRCLE('',#9772,0.3);
#9028=CIRCLE('',#9775,0.5);
#9029=CIRCLE('',#9776,0.3);
#9030=CIRCLE('',#9777,0.3);
#9031=CIRCLE('',#9778,0.3);
#9032=CIRCLE('',#9779,0.3);
#9033=CIRCLE('',#9782,0.5);
#9034=CIRCLE('',#9785,0.2);
#9035=CIRCLE('',#9791,0.3);
#9036=CIRCLE('',#9792,0.3);
#9037=CIRCLE('',#9794,0.3);
#9038=CIRCLE('',#9796,0.3);
#9039=CIRCLE('',#9798,0.3);
#9040=CIRCLE('',#9799,0.3);
#9041=CIRCLE('',#9801,0.3);
#9042=CIRCLE('',#9803,0.3);
#9043=CIRCLE('',#9806,0.3);
#9044=CIRCLE('',#9808,0.3);
#9045=CIRCLE('',#9810,0.3);
#9046=CIRCLE('',#9812,0.3);
#9047=CIRCLE('',#9814,0.3);
#9048=CIRCLE('',#9815,0.3);
#9049=CIRCLE('',#9817,0.3);
#9050=CIRCLE('',#9818,0.3);
#9051=CIRCLE('',#9820,0.3);
#9052=CIRCLE('',#9822,0.3);
#9053=CIRCLE('',#9824,0.3);
#9054=CIRCLE('',#9826,0.3);
#9055=CIRCLE('',#9828,0.3);
#9056=CIRCLE('',#9830,0.3);
#9057=CIRCLE('',#9832,0.3);
#9058=CIRCLE('',#9834,0.3);
#9059=CIRCLE('',#9836,0.3);
#9060=CIRCLE('',#9838,0.3);
#9061=CIRCLE('',#9840,0.3);
#9062=CIRCLE('',#9842,0.3);
#9063=CIRCLE('',#9862,1.6191464633509);
#9064=CIRCLE('',#9865,0.1);
#9065=CIRCLE('',#9867,0.1);
#9066=CIRCLE('',#9869,0.6);
#9067=CIRCLE('',#9870,0.2);
#9068=CIRCLE('',#9871,0.2);
#9069=CIRCLE('',#9873,0.209090909090909);
#9070=CIRCLE('',#9874,0.5);
#9071=CIRCLE('',#9877,0.241321887826533);
#9072=CIRCLE('',#9879,0.2);
#9073=CIRCLE('',#9881,0.2);
#9074=CIRCLE('',#9884,0.2);
#9075=CIRCLE('',#9886,0.2);
#9076=AXIS2_PLACEMENT_3D('',#12428,#9890,#9891);
#9077=AXIS2_PLACEMENT_3D('',#12429,#9892,#9893);
#9078=AXIS2_PLACEMENT_3D('',#12431,#9894,#9895);
#9079=AXIS2_PLACEMENT_3D('',#12433,#9896,#9897);
#9080=AXIS2_PLACEMENT_3D('',#12434,#9898,#9899);
#9081=AXIS2_PLACEMENT_3D('',#12435,#9900,#9901);
#9082=AXIS2_PLACEMENT_3D('',#12439,#9903,#9904);
#9083=AXIS2_PLACEMENT_3D('',#12444,#9907,#9908);
#9084=AXIS2_PLACEMENT_3D('',#12448,#9910,#9911);
#9085=AXIS2_PLACEMENT_3D('',#12449,#9912,#9913);
#9086=AXIS2_PLACEMENT_3D('',#12450,#9914,#9915);
#9087=AXIS2_PLACEMENT_3D('',#12454,#9917,#9918);
#9088=AXIS2_PLACEMENT_3D('',#12456,#9920,#9921);
#9089=AXIS2_PLACEMENT_3D('',#12457,#9922,#9923);
#9090=AXIS2_PLACEMENT_3D('',#12458,#9924,#9925);
#9091=AXIS2_PLACEMENT_3D('',#12459,#9926,#9927);
#9092=AXIS2_PLACEMENT_3D('',#12460,#9928,#9929);
#9093=AXIS2_PLACEMENT_3D('',#12461,#9930,#9931);
#9094=AXIS2_PLACEMENT_3D('',#12469,#9935,#9936);
#9095=AXIS2_PLACEMENT_3D('',#12470,#9937,#9938);
#9096=AXIS2_PLACEMENT_3D('',#12478,#9942,#9943);
#9097=AXIS2_PLACEMENT_3D('',#12479,#9944,#9945);
#9098=AXIS2_PLACEMENT_3D('',#12483,#9948,#9949);
#9099=AXIS2_PLACEMENT_3D('',#12487,#9952,#9953);
#9100=AXIS2_PLACEMENT_3D('',#12490,#9956,#9957);
#9101=AXIS2_PLACEMENT_3D('',#12499,#9962,#9963);
#9102=AXIS2_PLACEMENT_3D('',#12508,#9968,#9969);
#9103=AXIS2_PLACEMENT_3D('',#12512,#9971,#9972);
#9104=AXIS2_PLACEMENT_3D('',#12516,#9974,#9975);
#9105=AXIS2_PLACEMENT_3D('',#12520,#9977,#9978);
#9106=AXIS2_PLACEMENT_3D('',#12524,#9980,#9981);
#9107=AXIS2_PLACEMENT_3D('',#12528,#9983,#9984);
#9108=AXIS2_PLACEMENT_3D('',#12532,#9986,#9987);
#9109=AXIS2_PLACEMENT_3D('',#12536,#9989,#9990);
#9110=AXIS2_PLACEMENT_3D('',#12540,#9992,#9993);
#9111=AXIS2_PLACEMENT_3D('',#12544,#9995,#9996);
#9112=AXIS2_PLACEMENT_3D('',#12549,#9999,#10000);
#9113=AXIS2_PLACEMENT_3D('',#12554,#10003,#10004);
#9114=AXIS2_PLACEMENT_3D('',#12564,#10009,#10010);
#9115=AXIS2_PLACEMENT_3D('',#12567,#10012,#10013);
#9116=AXIS2_PLACEMENT_3D('',#12573,#10017,#10018);
#9117=AXIS2_PLACEMENT_3D('',#12579,#10022,#10023);
#9118=AXIS2_PLACEMENT_3D('',#12583,#10025,#10026);
#9119=AXIS2_PLACEMENT_3D('',#12587,#10028,#10029);
#9120=AXIS2_PLACEMENT_3D('',#12591,#10031,#10032);
#9121=AXIS2_PLACEMENT_3D('',#12595,#10034,#10035);
#9122=AXIS2_PLACEMENT_3D('',#12599,#10037,#10038);
#9123=AXIS2_PLACEMENT_3D('',#12603,#10040,#10041);
#9124=AXIS2_PLACEMENT_3D('',#12607,#10043,#10044);
#9125=AXIS2_PLACEMENT_3D('',#12611,#10046,#10047);
#9126=AXIS2_PLACEMENT_3D('',#12612,#10048,#10049);
#9127=AXIS2_PLACEMENT_3D('',#12618,#10052,#10053);
#9128=AXIS2_PLACEMENT_3D('',#12625,#10057,#10058);
#9129=AXIS2_PLACEMENT_3D('',#12631,#10062,#10063);
#9130=AXIS2_PLACEMENT_3D('',#12633,#10065,#10066);
#9131=AXIS2_PLACEMENT_3D('',#12636,#10069,#10070);
#9132=AXIS2_PLACEMENT_3D('',#12638,#10072,#10073);
#9133=AXIS2_PLACEMENT_3D('',#12640,#10075,#10076);
#9134=AXIS2_PLACEMENT_3D('',#12641,#10077,#10078);
#9135=AXIS2_PLACEMENT_3D('',#12645,#10080,#10081);
#9136=AXIS2_PLACEMENT_3D('',#12646,#10082,#10083);
#9137=AXIS2_PLACEMENT_3D('',#12647,#10084,#10085);
#9138=AXIS2_PLACEMENT_3D('',#12652,#10087,#10088);
#9139=AXIS2_PLACEMENT_3D('',#12655,#10090,#10091);
#9140=AXIS2_PLACEMENT_3D('',#12664,#10093,#10094);
#9141=AXIS2_PLACEMENT_3D('',#12676,#10096,#10097);
#9142=AXIS2_PLACEMENT_3D('',#12682,#10101,#10102);
#9143=AXIS2_PLACEMENT_3D('',#12688,#10106,#10107);
#9144=AXIS2_PLACEMENT_3D('',#12689,#10108,#10109);
#9145=AXIS2_PLACEMENT_3D('',#12693,#10112,#10113);
#9146=AXIS2_PLACEMENT_3D('',#12694,#10114,#10115);
#9147=AXIS2_PLACEMENT_3D('',#12698,#10118,#10119);
#9148=AXIS2_PLACEMENT_3D('',#12701,#10122,#10123);
#9149=AXIS2_PLACEMENT_3D('',#12703,#10125,#10126);
#9150=AXIS2_PLACEMENT_3D('',#12705,#10128,#10129);
#9151=AXIS2_PLACEMENT_3D('',#12706,#10130,#10131);
#9152=AXIS2_PLACEMENT_3D('',#12710,#10133,#10134);
#9153=AXIS2_PLACEMENT_3D('',#12711,#10135,#10136);
#9154=AXIS2_PLACEMENT_3D('',#12712,#10137,#10138);
#9155=AXIS2_PLACEMENT_3D('',#12716,#10140,#10141);
#9156=AXIS2_PLACEMENT_3D('',#12717,#10142,#10143);
#9157=AXIS2_PLACEMENT_3D('',#12719,#10145,#10146);
#9158=AXIS2_PLACEMENT_3D('',#12721,#10148,#10149);
#9159=AXIS2_PLACEMENT_3D('',#12727,#10153,#10154);
#9160=AXIS2_PLACEMENT_3D('',#12733,#10158,#10159);
#9161=AXIS2_PLACEMENT_3D('',#12737,#10161,#10162);
#9162=AXIS2_PLACEMENT_3D('',#12742,#10165,#10166);
#9163=AXIS2_PLACEMENT_3D('',#12743,#10167,#10168);
#9164=AXIS2_PLACEMENT_3D('',#12746,#10170,#10171);
#9165=AXIS2_PLACEMENT_3D('',#12750,#10173,#10174);
#9166=AXIS2_PLACEMENT_3D('',#12753,#10176,#10177);
#9167=AXIS2_PLACEMENT_3D('',#12756,#10180,#10181);
#9168=AXIS2_PLACEMENT_3D('',#12758,#10183,#10184);
#9169=AXIS2_PLACEMENT_3D('',#12760,#10186,#10187);
#9170=AXIS2_PLACEMENT_3D('',#12761,#10188,#10189);
#9171=AXIS2_PLACEMENT_3D('',#12765,#10191,#10192);
#9172=AXIS2_PLACEMENT_3D('',#12769,#10194,#10195);
#9173=AXIS2_PLACEMENT_3D('',#12773,#10197,#10198);
#9174=AXIS2_PLACEMENT_3D('',#12777,#10200,#10201);
#9175=AXIS2_PLACEMENT_3D('',#12778,#10202,#10203);
#9176=AXIS2_PLACEMENT_3D('',#12782,#10205,#10206);
#9177=AXIS2_PLACEMENT_3D('',#12786,#10208,#10209);
#9178=AXIS2_PLACEMENT_3D('',#12790,#10211,#10212);
#9179=AXIS2_PLACEMENT_3D('',#12794,#10214,#10215);
#9180=AXIS2_PLACEMENT_3D('',#12795,#10216,#10217);
#9181=AXIS2_PLACEMENT_3D('',#12796,#10218,#10219);
#9182=AXIS2_PLACEMENT_3D('',#12797,#10220,#10221);
#9183=AXIS2_PLACEMENT_3D('',#12814,#10222,#10223);
#9184=AXIS2_PLACEMENT_3D('',#12815,#10224,#10225);
#9185=AXIS2_PLACEMENT_3D('',#12816,#10226,#10227);
#9186=AXIS2_PLACEMENT_3D('',#12817,#10228,#10229);
#9187=AXIS2_PLACEMENT_3D('',#12818,#10230,#10231);
#9188=AXIS2_PLACEMENT_3D('',#12835,#10232,#10233);
#9189=AXIS2_PLACEMENT_3D('',#12852,#10234,#10235);
#9190=AXIS2_PLACEMENT_3D('',#12853,#10236,#10237);
#9191=AXIS2_PLACEMENT_3D('',#12854,#10238,#10239);
#9192=AXIS2_PLACEMENT_3D('',#12855,#10240,#10241);
#9193=AXIS2_PLACEMENT_3D('',#12872,#10242,#10243);
#9194=AXIS2_PLACEMENT_3D('',#12873,#10244,#10245);
#9195=AXIS2_PLACEMENT_3D('',#12890,#10246,#10247);
#9196=AXIS2_PLACEMENT_3D('',#12891,#10248,#10249);
#9197=AXIS2_PLACEMENT_3D('',#12892,#10250,#10251);
#9198=AXIS2_PLACEMENT_3D('',#12893,#10252,#10253);
#9199=AXIS2_PLACEMENT_3D('',#12894,#10254,#10255);
#9200=AXIS2_PLACEMENT_3D('',#12911,#10256,#10257);
#9201=AXIS2_PLACEMENT_3D('',#12928,#10258,#10259);
#9202=AXIS2_PLACEMENT_3D('',#12929,#10260,#10261);
#9203=AXIS2_PLACEMENT_3D('',#12930,#10262,#10263);
#9204=AXIS2_PLACEMENT_3D('',#12931,#10264,#10265);
#9205=AXIS2_PLACEMENT_3D('',#12951,#10267,#10268);
#9206=AXIS2_PLACEMENT_3D('',#12955,#10270,#10271);
#9207=AXIS2_PLACEMENT_3D('',#12959,#10273,#10274);
#9208=AXIS2_PLACEMENT_3D('',#12963,#10276,#10277);
#9209=AXIS2_PLACEMENT_3D('',#12964,#10278,#10279);
#9210=AXIS2_PLACEMENT_3D('',#12968,#10281,#10282);
#9211=AXIS2_PLACEMENT_3D('',#12972,#10284,#10285);
#9212=AXIS2_PLACEMENT_3D('',#12976,#10287,#10288);
#9213=AXIS2_PLACEMENT_3D('',#12980,#10290,#10291);
#9214=AXIS2_PLACEMENT_3D('',#12981,#10292,#10293);
#9215=AXIS2_PLACEMENT_3D('',#12982,#10294,#10295);
#9216=AXIS2_PLACEMENT_3D('',#12983,#10296,#10297);
#9217=AXIS2_PLACEMENT_3D('',#13000,#10298,#10299);
#9218=AXIS2_PLACEMENT_3D('',#13001,#10300,#10301);
#9219=AXIS2_PLACEMENT_3D('',#13002,#10302,#10303);
#9220=AXIS2_PLACEMENT_3D('',#13003,#10304,#10305);
#9221=AXIS2_PLACEMENT_3D('',#13004,#10306,#10307);
#9222=AXIS2_PLACEMENT_3D('',#13021,#10308,#10309);
#9223=AXIS2_PLACEMENT_3D('',#13038,#10310,#10311);
#9224=AXIS2_PLACEMENT_3D('',#13039,#10312,#10313);
#9225=AXIS2_PLACEMENT_3D('',#13040,#10314,#10315);
#9226=AXIS2_PLACEMENT_3D('',#13041,#10316,#10317);
#9227=AXIS2_PLACEMENT_3D('',#13058,#10318,#10319);
#9228=AXIS2_PLACEMENT_3D('',#13059,#10320,#10321);
#9229=AXIS2_PLACEMENT_3D('',#13076,#10322,#10323);
#9230=AXIS2_PLACEMENT_3D('',#13077,#10324,#10325);
#9231=AXIS2_PLACEMENT_3D('',#13078,#10326,#10327);
#9232=AXIS2_PLACEMENT_3D('',#13079,#10328,#10329);
#9233=AXIS2_PLACEMENT_3D('',#13080,#10330,#10331);
#9234=AXIS2_PLACEMENT_3D('',#13097,#10332,#10333);
#9235=AXIS2_PLACEMENT_3D('',#13114,#10334,#10335);
#9236=AXIS2_PLACEMENT_3D('',#13115,#10336,#10337);
#9237=AXIS2_PLACEMENT_3D('',#13116,#10338,#10339);
#9238=AXIS2_PLACEMENT_3D('',#13117,#10340,#10341);
#9239=AXIS2_PLACEMENT_3D('',#13134,#10342,#10343);
#9240=AXIS2_PLACEMENT_3D('',#13135,#10344,#10345);
#9241=AXIS2_PLACEMENT_3D('',#13136,#10346,#10347);
#9242=AXIS2_PLACEMENT_3D('',#13137,#10348,#10349);
#9243=AXIS2_PLACEMENT_3D('',#13138,#10350,#10351);
#9244=AXIS2_PLACEMENT_3D('',#13139,#10352,#10353);
#9245=AXIS2_PLACEMENT_3D('',#13140,#10354,#10355);
#9246=AXIS2_PLACEMENT_3D('',#13141,#10356,#10357);
#9247=AXIS2_PLACEMENT_3D('',#13142,#10358,#10359);
#9248=AXIS2_PLACEMENT_3D('',#13151,#10364,#10365);
#9249=AXIS2_PLACEMENT_3D('',#13155,#10367,#10368);
#9250=AXIS2_PLACEMENT_3D('',#13159,#10370,#10371);
#9251=AXIS2_PLACEMENT_3D('',#13160,#10372,#10373);
#9252=AXIS2_PLACEMENT_3D('',#13164,#10375,#10376);
#9253=AXIS2_PLACEMENT_3D('',#13168,#10378,#10379);
#9254=AXIS2_PLACEMENT_3D('',#13181,#10386,#10387);
#9255=AXIS2_PLACEMENT_3D('',#13185,#10389,#10390);
#9256=AXIS2_PLACEMENT_3D('',#13201,#10398,#10399);
#9257=AXIS2_PLACEMENT_3D('',#13202,#10400,#10401);
#9258=AXIS2_PLACEMENT_3D('',#13205,#10404,#10405);
#9259=AXIS2_PLACEMENT_3D('',#13211,#10406,#10407);
#9260=AXIS2_PLACEMENT_3D('',#13220,#10409,#10410);
#9261=AXIS2_PLACEMENT_3D('',#13221,#10411,#10412);
#9262=AXIS2_PLACEMENT_3D('',#13222,#10413,#10414);
#9263=AXIS2_PLACEMENT_3D('',#13232,#10415,#10416);
#9264=AXIS2_PLACEMENT_3D('',#13243,#10418,#10419);
#9265=AXIS2_PLACEMENT_3D('',#13252,#10424,#10425);
#9266=AXIS2_PLACEMENT_3D('',#13253,#10426,#10427);
#9267=AXIS2_PLACEMENT_3D('',#13254,#10428,#10429);
#9268=AXIS2_PLACEMENT_3D('',#13261,#10433,#10434);
#9269=AXIS2_PLACEMENT_3D('',#13262,#10435,#10436);
#9270=AXIS2_PLACEMENT_3D('',#13269,#10440,#10441);
#9271=AXIS2_PLACEMENT_3D('',#13270,#10442,#10443);
#9272=AXIS2_PLACEMENT_3D('',#13273,#10446,#10447);
#9273=AXIS2_PLACEMENT_3D('',#13275,#10449,#10450);
#9274=AXIS2_PLACEMENT_3D('',#13277,#10452,#10453);
#9275=AXIS2_PLACEMENT_3D('',#13280,#10456,#10457);
#9276=AXIS2_PLACEMENT_3D('',#13282,#10459,#10460);
#9277=AXIS2_PLACEMENT_3D('',#13284,#10462,#10463);
#9278=AXIS2_PLACEMENT_3D('',#13285,#10464,#10465);
#9279=AXIS2_PLACEMENT_3D('',#13289,#10467,#10468);
#9280=AXIS2_PLACEMENT_3D('',#13290,#10469,#10470);
#9281=AXIS2_PLACEMENT_3D('',#13292,#10472,#10473);
#9282=AXIS2_PLACEMENT_3D('',#13296,#10475,#10476);
#9283=AXIS2_PLACEMENT_3D('',#13297,#10477,#10478);
#9284=AXIS2_PLACEMENT_3D('',#13299,#10480,#10481);
#9285=AXIS2_PLACEMENT_3D('',#13301,#10483,#10484);
#9286=AXIS2_PLACEMENT_3D('',#13307,#10488,#10489);
#9287=AXIS2_PLACEMENT_3D('',#13310,#10492,#10493);
#9288=AXIS2_PLACEMENT_3D('',#13314,#10496,#10497);
#9289=AXIS2_PLACEMENT_3D('',#13315,#10498,#10499);
#9290=AXIS2_PLACEMENT_3D('',#13319,#10501,#10502);
#9291=AXIS2_PLACEMENT_3D('',#13320,#10503,#10504);
#9292=AXIS2_PLACEMENT_3D('',#13321,#10505,#10506);
#9293=AXIS2_PLACEMENT_3D('',#13325,#10508,#10509);
#9294=AXIS2_PLACEMENT_3D('',#13326,#10510,#10511);
#9295=AXIS2_PLACEMENT_3D('',#13328,#10513,#10514);
#9296=AXIS2_PLACEMENT_3D('',#13330,#10516,#10517);
#9297=AXIS2_PLACEMENT_3D('',#13336,#10521,#10522);
#9298=AXIS2_PLACEMENT_3D('',#13340,#10525,#10526);
#9299=AXIS2_PLACEMENT_3D('',#13344,#10529,#10530);
#9300=AXIS2_PLACEMENT_3D('',#13346,#10532,#10533);
#9301=AXIS2_PLACEMENT_3D('',#13347,#10534,#10535);
#9302=AXIS2_PLACEMENT_3D('',#13351,#10537,#10538);
#9303=AXIS2_PLACEMENT_3D('',#13352,#10539,#10540);
#9304=AXIS2_PLACEMENT_3D('',#13355,#10542,#10543);
#9305=AXIS2_PLACEMENT_3D('',#13356,#10544,#10545);
#9306=AXIS2_PLACEMENT_3D('',#13357,#10546,#10547);
#9307=AXIS2_PLACEMENT_3D('',#13359,#10549,#10550);
#9308=AXIS2_PLACEMENT_3D('',#13365,#10554,#10555);
#9309=AXIS2_PLACEMENT_3D('',#13369,#10558,#10559);
#9310=AXIS2_PLACEMENT_3D('',#13373,#10562,#10563);
#9311=AXIS2_PLACEMENT_3D('',#13375,#10565,#10566);
#9312=AXIS2_PLACEMENT_3D('',#13376,#10567,#10568);
#9313=AXIS2_PLACEMENT_3D('',#13380,#10570,#10571);
#9314=AXIS2_PLACEMENT_3D('',#13381,#10572,#10573);
#9315=AXIS2_PLACEMENT_3D('',#13382,#10574,#10575);
#9316=AXIS2_PLACEMENT_3D('',#13386,#10577,#10578);
#9317=AXIS2_PLACEMENT_3D('',#13387,#10579,#10580);
#9318=AXIS2_PLACEMENT_3D('',#13389,#10582,#10583);
#9319=AXIS2_PLACEMENT_3D('',#13391,#10585,#10586);
#9320=AXIS2_PLACEMENT_3D('',#13397,#10590,#10591);
#9321=AXIS2_PLACEMENT_3D('',#13403,#10595,#10596);
#9322=AXIS2_PLACEMENT_3D('',#13405,#10598,#10599);
#9323=AXIS2_PLACEMENT_3D('',#13407,#10601,#10602);
#9324=AXIS2_PLACEMENT_3D('',#13408,#10603,#10604);
#9325=AXIS2_PLACEMENT_3D('',#13410,#10606,#10607);
#9326=AXIS2_PLACEMENT_3D('',#13413,#10610,#10611);
#9327=AXIS2_PLACEMENT_3D('',#13415,#10613,#10614);
#9328=AXIS2_PLACEMENT_3D('',#13416,#10615,#10616);
#9329=AXIS2_PLACEMENT_3D('',#13420,#10618,#10619);
#9330=AXIS2_PLACEMENT_3D('',#13421,#10620,#10621);
#9331=AXIS2_PLACEMENT_3D('',#13424,#10623,#10624);
#9332=AXIS2_PLACEMENT_3D('',#13435,#10626,#10627);
#9333=AXIS2_PLACEMENT_3D('',#13444,#10629,#10630);
#9334=AXIS2_PLACEMENT_3D('',#13459,#10633,#10634);
#9335=AXIS2_PLACEMENT_3D('',#13468,#10639,#10640);
#9336=AXIS2_PLACEMENT_3D('',#13472,#10642,#10643);
#9337=AXIS2_PLACEMENT_3D('',#13478,#10646,#10647);
#9338=AXIS2_PLACEMENT_3D('',#13484,#10651,#10652);
#9339=AXIS2_PLACEMENT_3D('',#13488,#10654,#10655);
#9340=AXIS2_PLACEMENT_3D('',#13495,#10659,#10660);
#9341=AXIS2_PLACEMENT_3D('',#13499,#10662,#10663);
#9342=AXIS2_PLACEMENT_3D('',#13507,#10667,#10668);
#9343=AXIS2_PLACEMENT_3D('',#13508,#10669,#10670);
#9344=AXIS2_PLACEMENT_3D('',#13512,#10672,#10673);
#9345=AXIS2_PLACEMENT_3D('',#13516,#10675,#10676);
#9346=AXIS2_PLACEMENT_3D('',#13524,#10680,#10681);
#9347=AXIS2_PLACEMENT_3D('',#13528,#10683,#10684);
#9348=AXIS2_PLACEMENT_3D('',#13535,#10688,#10689);
#9349=AXIS2_PLACEMENT_3D('',#13539,#10691,#10692);
#9350=AXIS2_PLACEMENT_3D('',#13543,#10695,#10696);
#9351=AXIS2_PLACEMENT_3D('',#13546,#10698,#10699);
#9352=AXIS2_PLACEMENT_3D('',#13548,#10701,#10702);
#9353=AXIS2_PLACEMENT_3D('',#13552,#10704,#10705);
#9354=AXIS2_PLACEMENT_3D('',#13553,#10706,#10707);
#9355=AXIS2_PLACEMENT_3D('',#13557,#10709,#10710);
#9356=AXIS2_PLACEMENT_3D('',#13561,#10714,#10715);
#9357=AXIS2_PLACEMENT_3D('',#13562,#10716,#10717);
#9358=AXIS2_PLACEMENT_3D('',#13564,#10719,#10720);
#9359=AXIS2_PLACEMENT_3D('',#13565,#10721,#10722);
#9360=AXIS2_PLACEMENT_3D('',#13569,#10724,#10725);
#9361=AXIS2_PLACEMENT_3D('',#13570,#10726,#10727);
#9362=AXIS2_PLACEMENT_3D('',#13573,#10729,#10730);
#9363=AXIS2_PLACEMENT_3D('',#13574,#10731,#10732);
#9364=AXIS2_PLACEMENT_3D('',#13575,#10733,#10734);
#9365=AXIS2_PLACEMENT_3D('',#13579,#10736,#10737);
#9366=AXIS2_PLACEMENT_3D('',#13582,#10739,#10740);
#9367=AXIS2_PLACEMENT_3D('',#13588,#10744,#10745);
#9368=AXIS2_PLACEMENT_3D('',#13592,#10748,#10749);
#9369=AXIS2_PLACEMENT_3D('',#13600,#10754,#10755);
#9370=AXIS2_PLACEMENT_3D('',#13601,#10756,#10757);
#9371=AXIS2_PLACEMENT_3D('',#13602,#10758,#10759);
#9372=AXIS2_PLACEMENT_3D('',#13605,#10761,#10762);
#9373=AXIS2_PLACEMENT_3D('',#13606,#10763,#10764);
#9374=AXIS2_PLACEMENT_3D('',#13612,#10767,#10768);
#9375=AXIS2_PLACEMENT_3D('',#13613,#10769,#10770);
#9376=AXIS2_PLACEMENT_3D('',#13616,#10772,#10773);
#9377=AXIS2_PLACEMENT_3D('',#13622,#10775,#10776);
#9378=AXIS2_PLACEMENT_3D('',#13623,#10777,#10778);
#9379=AXIS2_PLACEMENT_3D('',#13624,#10779,#10780);
#9380=AXIS2_PLACEMENT_3D('',#13626,#10782,#10783);
#9381=AXIS2_PLACEMENT_3D('',#13627,#10784,#10785);
#9382=AXIS2_PLACEMENT_3D('',#13628,#10786,#10787);
#9383=AXIS2_PLACEMENT_3D('',#13629,#10788,#10789);
#9384=AXIS2_PLACEMENT_3D('',#13630,#10790,#10791);
#9385=AXIS2_PLACEMENT_3D('',#13631,#10792,#10793);
#9386=AXIS2_PLACEMENT_3D('',#13632,#10794,#10795);
#9387=AXIS2_PLACEMENT_3D('',#13633,#10796,#10797);
#9388=AXIS2_PLACEMENT_3D('',#13636,#10800,#10801);
#9389=AXIS2_PLACEMENT_3D('',#13640,#10803,#10804);
#9390=AXIS2_PLACEMENT_3D('',#13641,#10805,#10806);
#9391=AXIS2_PLACEMENT_3D('',#13642,#10807,#10808);
#9392=AXIS2_PLACEMENT_3D('',#13646,#10810,#10811);
#9393=AXIS2_PLACEMENT_3D('',#13650,#10813,#10814);
#9394=AXIS2_PLACEMENT_3D('',#13654,#10816,#10817);
#9395=AXIS2_PLACEMENT_3D('',#13658,#10819,#10820);
#9396=AXIS2_PLACEMENT_3D('',#13659,#10821,#10822);
#9397=AXIS2_PLACEMENT_3D('',#13663,#10824,#10825);
#9398=AXIS2_PLACEMENT_3D('',#13664,#10826,#10827);
#9399=AXIS2_PLACEMENT_3D('',#13665,#10828,#10829);
#9400=AXIS2_PLACEMENT_3D('',#13669,#10831,#10832);
#9401=AXIS2_PLACEMENT_3D('',#13673,#10834,#10835);
#9402=AXIS2_PLACEMENT_3D('',#13677,#10837,#10838);
#9403=AXIS2_PLACEMENT_3D('',#13681,#10840,#10841);
#9404=AXIS2_PLACEMENT_3D('',#13682,#10842,#10843);
#9405=AXIS2_PLACEMENT_3D('',#13683,#10844,#10845);
#9406=AXIS2_PLACEMENT_3D('',#13689,#10848,#10849);
#9407=AXIS2_PLACEMENT_3D('',#13692,#10851,#10852);
#9408=AXIS2_PLACEMENT_3D('',#13693,#10853,#10854);
#9409=AXIS2_PLACEMENT_3D('',#13699,#10857,#10858);
#9410=AXIS2_PLACEMENT_3D('',#13702,#10860,#10861);
#9411=AXIS2_PLACEMENT_3D('',#13703,#10862,#10863);
#9412=AXIS2_PLACEMENT_3D('',#13704,#10864,#10865);
#9413=AXIS2_PLACEMENT_3D('',#13721,#10866,#10867);
#9414=AXIS2_PLACEMENT_3D('',#13722,#10868,#10869);
#9415=AXIS2_PLACEMENT_3D('',#13723,#10870,#10871);
#9416=AXIS2_PLACEMENT_3D('',#13724,#10872,#10873);
#9417=AXIS2_PLACEMENT_3D('',#13725,#10874,#10875);
#9418=AXIS2_PLACEMENT_3D('',#13742,#10876,#10877);
#9419=AXIS2_PLACEMENT_3D('',#13759,#10878,#10879);
#9420=AXIS2_PLACEMENT_3D('',#13760,#10880,#10881);
#9421=AXIS2_PLACEMENT_3D('',#13761,#10882,#10883);
#9422=AXIS2_PLACEMENT_3D('',#13762,#10884,#10885);
#9423=AXIS2_PLACEMENT_3D('',#13779,#10886,#10887);
#9424=AXIS2_PLACEMENT_3D('',#13780,#10888,#10889);
#9425=AXIS2_PLACEMENT_3D('',#13797,#10890,#10891);
#9426=AXIS2_PLACEMENT_3D('',#13798,#10892,#10893);
#9427=AXIS2_PLACEMENT_3D('',#13799,#10894,#10895);
#9428=AXIS2_PLACEMENT_3D('',#13800,#10896,#10897);
#9429=AXIS2_PLACEMENT_3D('',#13801,#10898,#10899);
#9430=AXIS2_PLACEMENT_3D('',#13818,#10900,#10901);
#9431=AXIS2_PLACEMENT_3D('',#13835,#10902,#10903);
#9432=AXIS2_PLACEMENT_3D('',#13836,#10904,#10905);
#9433=AXIS2_PLACEMENT_3D('',#13837,#10906,#10907);
#9434=AXIS2_PLACEMENT_3D('',#13838,#10908,#10909);
#9435=AXIS2_PLACEMENT_3D('',#13855,#10910,#10911);
#9436=AXIS2_PLACEMENT_3D('',#13856,#10912,#10913);
#9437=AXIS2_PLACEMENT_3D('',#13857,#10914,#10915);
#9438=AXIS2_PLACEMENT_3D('',#13874,#10916,#10917);
#9439=AXIS2_PLACEMENT_3D('',#13875,#10918,#10919);
#9440=AXIS2_PLACEMENT_3D('',#13876,#10920,#10921);
#9441=AXIS2_PLACEMENT_3D('',#13893,#10922,#10923);
#9442=AXIS2_PLACEMENT_3D('',#13894,#10924,#10925);
#9443=AXIS2_PLACEMENT_3D('',#13895,#10926,#10927);
#9444=AXIS2_PLACEMENT_3D('',#13896,#10928,#10929);
#9445=AXIS2_PLACEMENT_3D('',#13913,#10930,#10931);
#9446=AXIS2_PLACEMENT_3D('',#13914,#10932,#10933);
#9447=AXIS2_PLACEMENT_3D('',#13915,#10934,#10935);
#9448=AXIS2_PLACEMENT_3D('',#13932,#10936,#10937);
#9449=AXIS2_PLACEMENT_3D('',#13933,#10938,#10939);
#9450=AXIS2_PLACEMENT_3D('',#13934,#10940,#10941);
#9451=AXIS2_PLACEMENT_3D('',#13935,#10942,#10943);
#9452=AXIS2_PLACEMENT_3D('',#13936,#10944,#10945);
#9453=AXIS2_PLACEMENT_3D('',#13937,#10946,#10947);
#9454=AXIS2_PLACEMENT_3D('',#13938,#10948,#10949);
#9455=AXIS2_PLACEMENT_3D('',#13939,#10950,#10951);
#9456=AXIS2_PLACEMENT_3D('',#13940,#10952,#10953);
#9457=AXIS2_PLACEMENT_3D('',#13942,#10954,#10955);
#9458=AXIS2_PLACEMENT_3D('',#13944,#10956,#10957);
#9459=AXIS2_PLACEMENT_3D('',#13945,#10958,#10959);
#9460=AXIS2_PLACEMENT_3D('',#13946,#10960,#10961);
#9461=AXIS2_PLACEMENT_3D('',#13950,#10963,#10964);
#9462=AXIS2_PLACEMENT_3D('',#13955,#10967,#10968);
#9463=AXIS2_PLACEMENT_3D('',#13956,#10969,#10970);
#9464=AXIS2_PLACEMENT_3D('',#13960,#10972,#10973);
#9465=AXIS2_PLACEMENT_3D('',#13961,#10974,#10975);
#9466=AXIS2_PLACEMENT_3D('',#13965,#10977,#10978);
#9467=AXIS2_PLACEMENT_3D('',#13967,#10980,#10981);
#9468=AXIS2_PLACEMENT_3D('',#13968,#10982,#10983);
#9469=AXIS2_PLACEMENT_3D('',#13969,#10984,#10985);
#9470=AXIS2_PLACEMENT_3D('',#13970,#10986,#10987);
#9471=AXIS2_PLACEMENT_3D('',#13971,#10988,#10989);
#9472=AXIS2_PLACEMENT_3D('',#13972,#10990,#10991);
#9473=AXIS2_PLACEMENT_3D('',#13976,#10993,#10994);
#9474=AXIS2_PLACEMENT_3D('',#13978,#10995,#10996);
#9475=AXIS2_PLACEMENT_3D('',#13982,#10998,#10999);
#9476=AXIS2_PLACEMENT_3D('',#13986,#11001,#11002);
#9477=AXIS2_PLACEMENT_3D('',#13990,#11004,#11005);
#9478=AXIS2_PLACEMENT_3D('',#13992,#11006,#11007);
#9479=AXIS2_PLACEMENT_3D('',#13996,#11009,#11010);
#9480=AXIS2_PLACEMENT_3D('',#13998,#11011,#11012);
#9481=AXIS2_PLACEMENT_3D('',#14002,#11014,#11015);
#9482=AXIS2_PLACEMENT_3D('',#14006,#11017,#11018);
#9483=AXIS2_PLACEMENT_3D('',#14010,#11020,#11021);
#9484=AXIS2_PLACEMENT_3D('',#14012,#11022,#11023);
#9485=AXIS2_PLACEMENT_3D('',#14013,#11024,#11025);
#9486=AXIS2_PLACEMENT_3D('',#14014,#11026,#11027);
#9487=AXIS2_PLACEMENT_3D('',#14019,#11030,#11031);
#9488=AXIS2_PLACEMENT_3D('',#14023,#11034,#11035);
#9489=AXIS2_PLACEMENT_3D('',#14024,#11036,#11037);
#9490=AXIS2_PLACEMENT_3D('',#14027,#11039,#11040);
#9491=AXIS2_PLACEMENT_3D('',#14031,#11043,#11044);
#9492=AXIS2_PLACEMENT_3D('',#14032,#11045,#11046);
#9493=AXIS2_PLACEMENT_3D('',#14035,#11048,#11049);
#9494=AXIS2_PLACEMENT_3D('',#14036,#11050,#11051);
#9495=AXIS2_PLACEMENT_3D('',#14039,#11053,#11054);
#9496=AXIS2_PLACEMENT_3D('',#14043,#11057,#11058);
#9497=AXIS2_PLACEMENT_3D('',#14044,#11059,#11060);
#9498=AXIS2_PLACEMENT_3D('',#14047,#11062,#11063);
#9499=AXIS2_PLACEMENT_3D('',#14048,#11064,#11065);
#9500=AXIS2_PLACEMENT_3D('',#14051,#11067,#11068);
#9501=AXIS2_PLACEMENT_3D('',#14055,#11071,#11072);
#9502=AXIS2_PLACEMENT_3D('',#14056,#11073,#11074);
#9503=AXIS2_PLACEMENT_3D('',#14059,#11076,#11077);
#9504=AXIS2_PLACEMENT_3D('',#14063,#11080,#11081);
#9505=AXIS2_PLACEMENT_3D('',#14064,#11082,#11083);
#9506=AXIS2_PLACEMENT_3D('',#14067,#11085,#11086);
#9507=AXIS2_PLACEMENT_3D('',#14071,#11089,#11090);
#9508=AXIS2_PLACEMENT_3D('',#14072,#11091,#11092);
#9509=AXIS2_PLACEMENT_3D('',#14075,#11094,#11095);
#9510=AXIS2_PLACEMENT_3D('',#14076,#11096,#11097);
#9511=AXIS2_PLACEMENT_3D('',#14079,#11099,#11100);
#9512=AXIS2_PLACEMENT_3D('',#14083,#11103,#11104);
#9513=AXIS2_PLACEMENT_3D('',#14084,#11105,#11106);
#9514=AXIS2_PLACEMENT_3D('',#14087,#11108,#11109);
#9515=AXIS2_PLACEMENT_3D('',#14088,#11110,#11111);
#9516=AXIS2_PLACEMENT_3D('',#14091,#11113,#11114);
#9517=AXIS2_PLACEMENT_3D('',#14093,#11116,#11117);
#9518=AXIS2_PLACEMENT_3D('',#14094,#11118,#11119);
#9519=AXIS2_PLACEMENT_3D('',#14099,#11121,#11122);
#9520=AXIS2_PLACEMENT_3D('',#14102,#11124,#11125);
#9521=AXIS2_PLACEMENT_3D('',#14108,#11129,#11130);
#9522=AXIS2_PLACEMENT_3D('',#14114,#11134,#11135);
#9523=AXIS2_PLACEMENT_3D('',#14115,#11136,#11137);
#9524=AXIS2_PLACEMENT_3D('',#14118,#11139,#11140);
#9525=AXIS2_PLACEMENT_3D('',#14158,#11161,#11162);
#9526=AXIS2_PLACEMENT_3D('',#14159,#11163,#11164);
#9527=AXIS2_PLACEMENT_3D('',#14164,#11166,#11167);
#9528=AXIS2_PLACEMENT_3D('',#14167,#11169,#11170);
#9529=AXIS2_PLACEMENT_3D('',#14173,#11174,#11175);
#9530=AXIS2_PLACEMENT_3D('',#14179,#11179,#11180);
#9531=AXIS2_PLACEMENT_3D('',#14180,#11181,#11182);
#9532=AXIS2_PLACEMENT_3D('',#14183,#11184,#11185);
#9533=AXIS2_PLACEMENT_3D('',#14196,#11192,#11193);
#9534=AXIS2_PLACEMENT_3D('',#14209,#11200,#11201);
#9535=AXIS2_PLACEMENT_3D('',#14215,#11205,#11206);
#9536=AXIS2_PLACEMENT_3D('',#14219,#11209,#11210);
#9537=AXIS2_PLACEMENT_3D('',#14225,#11214,#11215);
#9538=AXIS2_PLACEMENT_3D('',#14227,#11217,#11218);
#9539=AXIS2_PLACEMENT_3D('',#14231,#11221,#11222);
#9540=AXIS2_PLACEMENT_3D('',#14237,#11226,#11227);
#9541=AXIS2_PLACEMENT_3D('',#14241,#11230,#11231);
#9542=AXIS2_PLACEMENT_3D('',#14247,#11235,#11236);
#9543=AXIS2_PLACEMENT_3D('',#14251,#11239,#11240);
#9544=AXIS2_PLACEMENT_3D('',#14255,#11243,#11244);
#9545=AXIS2_PLACEMENT_3D('',#14257,#11246,#11247);
#9546=AXIS2_PLACEMENT_3D('',#14263,#11251,#11252);
#9547=AXIS2_PLACEMENT_3D('',#14269,#11256,#11257);
#9548=AXIS2_PLACEMENT_3D('',#14271,#11259,#11260);
#9549=AXIS2_PLACEMENT_3D('',#14277,#11264,#11265);
#9550=AXIS2_PLACEMENT_3D('',#14279,#11267,#11268);
#9551=AXIS2_PLACEMENT_3D('',#14285,#11272,#11273);
#9552=AXIS2_PLACEMENT_3D('',#14288,#11276,#11277);
#9553=AXIS2_PLACEMENT_3D('',#14290,#11279,#11280);
#9554=AXIS2_PLACEMENT_3D('',#14292,#11282,#11283);
#9555=AXIS2_PLACEMENT_3D('',#14333,#11304,#11305);
#9556=AXIS2_PLACEMENT_3D('',#14338,#11308,#11309);
#9557=AXIS2_PLACEMENT_3D('',#14344,#11313,#11314);
#9558=AXIS2_PLACEMENT_3D('',#14350,#11318,#11319);
#9559=AXIS2_PLACEMENT_3D('',#14354,#11322,#11323);
#9560=AXIS2_PLACEMENT_3D('',#14358,#11326,#11327);
#9561=AXIS2_PLACEMENT_3D('',#14364,#11331,#11332);
#9562=AXIS2_PLACEMENT_3D('',#14368,#11335,#11336);
#9563=AXIS2_PLACEMENT_3D('',#14372,#11339,#11340);
#9564=AXIS2_PLACEMENT_3D('',#14374,#11342,#11343);
#9565=AXIS2_PLACEMENT_3D('',#14377,#11345,#11346);
#9566=AXIS2_PLACEMENT_3D('',#14380,#11348,#11349);
#9567=AXIS2_PLACEMENT_3D('',#14384,#11352,#11353);
#9568=AXIS2_PLACEMENT_3D('',#14392,#11358,#11359);
#9569=AXIS2_PLACEMENT_3D('',#14395,#11362,#11363);
#9570=AXIS2_PLACEMENT_3D('',#14397,#11365,#11366);
#9571=AXIS2_PLACEMENT_3D('',#14399,#11368,#11369);
#9572=AXIS2_PLACEMENT_3D('',#14405,#11373,#11374);
#9573=AXIS2_PLACEMENT_3D('',#14409,#11377,#11378);
#9574=AXIS2_PLACEMENT_3D('',#14413,#11381,#11382);
#9575=AXIS2_PLACEMENT_3D('',#14419,#11386,#11387);
#9576=AXIS2_PLACEMENT_3D('',#14423,#11390,#11391);
#9577=AXIS2_PLACEMENT_3D('',#14427,#11394,#11395);
#9578=AXIS2_PLACEMENT_3D('',#14429,#11397,#11398);
#9579=AXIS2_PLACEMENT_3D('',#14431,#11400,#11401);
#9580=AXIS2_PLACEMENT_3D('',#14433,#11403,#11404);
#9581=AXIS2_PLACEMENT_3D('',#14434,#11405,#11406);
#9582=AXIS2_PLACEMENT_3D('',#14436,#11407,#11408);
#9583=AXIS2_PLACEMENT_3D('',#14441,#11410,#11411);
#9584=AXIS2_PLACEMENT_3D('',#14445,#11413,#11414);
#9585=AXIS2_PLACEMENT_3D('',#14449,#11416,#11417);
#9586=AXIS2_PLACEMENT_3D('',#14453,#11419,#11420);
#9587=AXIS2_PLACEMENT_3D('',#14454,#11421,#11422);
#9588=AXIS2_PLACEMENT_3D('',#14458,#11424,#11425);
#9589=AXIS2_PLACEMENT_3D('',#14466,#11429,#11430);
#9590=AXIS2_PLACEMENT_3D('',#14467,#11431,#11432);
#9591=AXIS2_PLACEMENT_3D('',#14468,#11433,#11434);
#9592=AXIS2_PLACEMENT_3D('',#14473,#11436,#11437);
#9593=AXIS2_PLACEMENT_3D('',#14477,#11440,#11441);
#9594=AXIS2_PLACEMENT_3D('',#14482,#11444,#11445);
#9595=AXIS2_PLACEMENT_3D('',#14486,#11447,#11448);
#9596=AXIS2_PLACEMENT_3D('',#14487,#11449,#11450);
#9597=AXIS2_PLACEMENT_3D('',#14490,#11452,#11453);
#9598=AXIS2_PLACEMENT_3D('',#14493,#11455,#11456);
#9599=AXIS2_PLACEMENT_3D('',#14496,#11458,#11459);
#9600=AXIS2_PLACEMENT_3D('',#14499,#11461,#11462);
#9601=AXIS2_PLACEMENT_3D('',#14503,#11465,#11466);
#9602=AXIS2_PLACEMENT_3D('',#14507,#11469,#11470);
#9603=AXIS2_PLACEMENT_3D('',#14511,#11473,#11474);
#9604=AXIS2_PLACEMENT_3D('',#14515,#11477,#11478);
#9605=AXIS2_PLACEMENT_3D('',#14517,#11480,#11481);
#9606=AXIS2_PLACEMENT_3D('',#14520,#11483,#11484);
#9607=AXIS2_PLACEMENT_3D('',#14523,#11486,#11487);
#9608=AXIS2_PLACEMENT_3D('',#14526,#11489,#11490);
#9609=AXIS2_PLACEMENT_3D('',#14529,#11492,#11493);
#9610=AXIS2_PLACEMENT_3D('',#14532,#11495,#11496);
#9611=AXIS2_PLACEMENT_3D('',#14535,#11498,#11499);
#9612=AXIS2_PLACEMENT_3D('',#14539,#11502,#11503);
#9613=AXIS2_PLACEMENT_3D('',#14543,#11506,#11507);
#9614=AXIS2_PLACEMENT_3D('',#14547,#11510,#11511);
#9615=AXIS2_PLACEMENT_3D('',#14551,#11514,#11515);
#9616=AXIS2_PLACEMENT_3D('',#14554,#11517,#11518);
#9617=AXIS2_PLACEMENT_3D('',#14557,#11520,#11521);
#9618=AXIS2_PLACEMENT_3D('',#14559,#11523,#11524);
#9619=AXIS2_PLACEMENT_3D('',#14562,#11526,#11527);
#9620=AXIS2_PLACEMENT_3D('',#14565,#11529,#11530);
#9621=AXIS2_PLACEMENT_3D('',#14568,#11532,#11533);
#9622=AXIS2_PLACEMENT_3D('',#14571,#11535,#11536);
#9623=AXIS2_PLACEMENT_3D('',#14574,#11538,#11539);
#9624=AXIS2_PLACEMENT_3D('',#14577,#11541,#11542);
#9625=AXIS2_PLACEMENT_3D('',#14581,#11545,#11546);
#9626=AXIS2_PLACEMENT_3D('',#14585,#11549,#11550);
#9627=AXIS2_PLACEMENT_3D('',#14587,#11552,#11553);
#9628=AXIS2_PLACEMENT_3D('',#14590,#11555,#11556);
#9629=AXIS2_PLACEMENT_3D('',#14593,#11558,#11559);
#9630=AXIS2_PLACEMENT_3D('',#14596,#11562,#11563);
#9631=AXIS2_PLACEMENT_3D('',#14599,#11566,#11567);
#9632=AXIS2_PLACEMENT_3D('',#14601,#11569,#11570);
#9633=AXIS2_PLACEMENT_3D('',#14604,#11573,#11574);
#9634=AXIS2_PLACEMENT_3D('',#14605,#11575,#11576);
#9635=AXIS2_PLACEMENT_3D('',#14607,#11577,#11578);
#9636=AXIS2_PLACEMENT_3D('',#14608,#11579,#11580);
#9637=AXIS2_PLACEMENT_3D('',#14610,#11581,#11582);
#9638=AXIS2_PLACEMENT_3D('',#14611,#11583,#11584);
#9639=AXIS2_PLACEMENT_3D('',#14613,#11585,#11586);
#9640=AXIS2_PLACEMENT_3D('',#14614,#11587,#11588);
#9641=AXIS2_PLACEMENT_3D('',#14616,#11589,#11590);
#9642=AXIS2_PLACEMENT_3D('',#14638,#11601,#11602);
#9643=AXIS2_PLACEMENT_3D('',#14646,#11606,#11607);
#9644=AXIS2_PLACEMENT_3D('',#14654,#11611,#11612);
#9645=AXIS2_PLACEMENT_3D('',#14678,#11624,#11625);
#9646=AXIS2_PLACEMENT_3D('',#14705,#11639,#11640);
#9647=AXIS2_PLACEMENT_3D('',#14714,#11645,#11646);
#9648=AXIS2_PLACEMENT_3D('',#14720,#11650,#11651);
#9649=AXIS2_PLACEMENT_3D('',#14724,#11654,#11655);
#9650=AXIS2_PLACEMENT_3D('',#14728,#11658,#11659);
#9651=AXIS2_PLACEMENT_3D('',#14738,#11665,#11666);
#9652=AXIS2_PLACEMENT_3D('',#14747,#11671,#11672);
#9653=AXIS2_PLACEMENT_3D('',#14761,#11680,#11681);
#9654=AXIS2_PLACEMENT_3D('',#14770,#11686,#11687);
#9655=AXIS2_PLACEMENT_3D('',#14776,#11690,#11691);
#9656=AXIS2_PLACEMENT_3D('',#14781,#11694,#11695);
#9657=AXIS2_PLACEMENT_3D('',#14789,#11699,#11700);
#9658=AXIS2_PLACEMENT_3D('',#14797,#11704,#11705);
#9659=AXIS2_PLACEMENT_3D('',#14800,#11707,#11708);
#9660=AXIS2_PLACEMENT_3D('',#14801,#11709,#11710);
#9661=AXIS2_PLACEMENT_3D('',#14802,#11711,#11712);
#9662=AXIS2_PLACEMENT_3D('',#14803,#11713,#11714);
#9663=AXIS2_PLACEMENT_3D('',#14806,#11717,#11718);
#9664=AXIS2_PLACEMENT_3D('',#14807,#11719,#11720);
#9665=AXIS2_PLACEMENT_3D('',#14810,#11723,#11724);
#9666=AXIS2_PLACEMENT_3D('',#14811,#11725,#11726);
#9667=AXIS2_PLACEMENT_3D('',#14814,#11729,#11730);
#9668=AXIS2_PLACEMENT_3D('',#14816,#11732,#11733);
#9669=AXIS2_PLACEMENT_3D('',#14820,#11737,#11738);
#9670=AXIS2_PLACEMENT_3D('',#14823,#11741,#11742);
#9671=AXIS2_PLACEMENT_3D('',#14824,#11743,#11744);
#9672=AXIS2_PLACEMENT_3D('',#14828,#11748,#11749);
#9673=AXIS2_PLACEMENT_3D('',#14831,#11752,#11753);
#9674=AXIS2_PLACEMENT_3D('',#14832,#11754,#11755);
#9675=AXIS2_PLACEMENT_3D('',#14834,#11757,#11758);
#9676=AXIS2_PLACEMENT_3D('',#14835,#11759,#11760);
#9677=AXIS2_PLACEMENT_3D('',#14837,#11762,#11763);
#9678=AXIS2_PLACEMENT_3D('',#14838,#11764,#11765);
#9679=AXIS2_PLACEMENT_3D('',#14840,#11767,#11768);
#9680=AXIS2_PLACEMENT_3D('',#14843,#11771,#11772);
#9681=AXIS2_PLACEMENT_3D('',#14845,#11774,#11775);
#9682=AXIS2_PLACEMENT_3D('',#14847,#11777,#11778);
#9683=AXIS2_PLACEMENT_3D('',#14848,#11779,#11780);
#9684=AXIS2_PLACEMENT_3D('',#14849,#11781,#11782);
#9685=AXIS2_PLACEMENT_3D('',#14850,#11783,#11784);
#9686=AXIS2_PLACEMENT_3D('',#14859,#11789,#11790);
#9687=AXIS2_PLACEMENT_3D('',#14862,#11793,#11794);
#9688=AXIS2_PLACEMENT_3D('',#14864,#11796,#11797);
#9689=AXIS2_PLACEMENT_3D('',#14866,#11799,#11800);
#9690=AXIS2_PLACEMENT_3D('',#14867,#11801,#11802);
#9691=AXIS2_PLACEMENT_3D('',#14876,#11807,#11808);
#9692=AXIS2_PLACEMENT_3D('',#14879,#11811,#11812);
#9693=AXIS2_PLACEMENT_3D('',#14881,#11814,#11815);
#9694=AXIS2_PLACEMENT_3D('',#14883,#11817,#11818);
#9695=AXIS2_PLACEMENT_3D('',#14884,#11819,#11820);
#9696=AXIS2_PLACEMENT_3D('',#14893,#11825,#11826);
#9697=AXIS2_PLACEMENT_3D('',#14896,#11829,#11830);
#9698=AXIS2_PLACEMENT_3D('',#14899,#11833,#11834);
#9699=AXIS2_PLACEMENT_3D('',#14900,#11835,#11836);
#9700=AXIS2_PLACEMENT_3D('',#14901,#11837,#11838);
#9701=AXIS2_PLACEMENT_3D('',#14910,#11843,#11844);
#9702=AXIS2_PLACEMENT_3D('',#14913,#11847,#11848);
#9703=AXIS2_PLACEMENT_3D('',#14915,#11850,#11851);
#9704=AXIS2_PLACEMENT_3D('',#14917,#11853,#11854);
#9705=AXIS2_PLACEMENT_3D('',#14918,#11855,#11856);
#9706=AXIS2_PLACEMENT_3D('',#14924,#11860,#11861);
#9707=AXIS2_PLACEMENT_3D('',#14930,#11865,#11866);
#9708=AXIS2_PLACEMENT_3D('',#14932,#11868,#11869);
#9709=AXIS2_PLACEMENT_3D('',#14934,#11871,#11872);
#9710=AXIS2_PLACEMENT_3D('',#14935,#11873,#11874);
#9711=AXIS2_PLACEMENT_3D('',#14947,#11880,#11881);
#9712=AXIS2_PLACEMENT_3D('',#14954,#11885,#11886);
#9713=AXIS2_PLACEMENT_3D('',#14956,#11887,#11888);
#9714=AXIS2_PLACEMENT_3D('',#14957,#11889,#11890);
#9715=AXIS2_PLACEMENT_3D('',#14966,#11894,#11895);
#9716=AXIS2_PLACEMENT_3D('',#14970,#11897,#11898);
#9717=AXIS2_PLACEMENT_3D('',#14978,#11902,#11903);
#9718=AXIS2_PLACEMENT_3D('',#14981,#11905,#11906);
#9719=AXIS2_PLACEMENT_3D('',#14990,#11911,#11912);
#9720=AXIS2_PLACEMENT_3D('',#14996,#11915,#11916);
#9721=AXIS2_PLACEMENT_3D('',#15000,#11918,#11919);
#9722=AXIS2_PLACEMENT_3D('',#15008,#11923,#11924);
#9723=AXIS2_PLACEMENT_3D('',#15012,#11926,#11927);
#9724=AXIS2_PLACEMENT_3D('',#15015,#11929,#11930);
#9725=AXIS2_PLACEMENT_3D('',#15024,#11935,#11936);
#9726=AXIS2_PLACEMENT_3D('',#15052,#11952,#11953);
#9727=AXIS2_PLACEMENT_3D('',#15066,#11961,#11962);
#9728=AXIS2_PLACEMENT_3D('',#15094,#11978,#11979);
#9729=AXIS2_PLACEMENT_3D('',#15100,#11983,#11984);
#9730=AXIS2_PLACEMENT_3D('',#15101,#11985,#11986);
#9731=AXIS2_PLACEMENT_3D('',#15110,#11990,#11991);
#9732=AXIS2_PLACEMENT_3D('',#15122,#11997,#11998);
#9733=AXIS2_PLACEMENT_3D('',#15123,#11999,#12000);
#9734=AXIS2_PLACEMENT_3D('',#15160,#12019,#12020);
#9735=AXIS2_PLACEMENT_3D('',#15177,#12029,#12030);
#9736=AXIS2_PLACEMENT_3D('',#15214,#12049,#12050);
#9737=AXIS2_PLACEMENT_3D('',#15223,#12055,#12056);
#9738=AXIS2_PLACEMENT_3D('',#15226,#12059,#12060);
#9739=AXIS2_PLACEMENT_3D('',#15229,#12063,#12064);
#9740=AXIS2_PLACEMENT_3D('',#15235,#12068,#12069);
#9741=AXIS2_PLACEMENT_3D('',#15238,#12072,#12073);
#9742=AXIS2_PLACEMENT_3D('',#15241,#12076,#12077);
#9743=AXIS2_PLACEMENT_3D('',#15247,#12081,#12082);
#9744=AXIS2_PLACEMENT_3D('',#15250,#12085,#12086);
#9745=AXIS2_PLACEMENT_3D('',#15253,#12089,#12090);
#9746=AXIS2_PLACEMENT_3D('',#15259,#12094,#12095);
#9747=AXIS2_PLACEMENT_3D('',#15262,#12098,#12099);
#9748=AXIS2_PLACEMENT_3D('',#15265,#12102,#12103);
#9749=AXIS2_PLACEMENT_3D('',#15271,#12107,#12108);
#9750=AXIS2_PLACEMENT_3D('',#15273,#12110,#12111);
#9751=AXIS2_PLACEMENT_3D('',#15275,#12113,#12114);
#9752=AXIS2_PLACEMENT_3D('',#15277,#12116,#12117);
#9753=AXIS2_PLACEMENT_3D('',#15279,#12119,#12120);
#9754=AXIS2_PLACEMENT_3D('',#15281,#12122,#12123);
#9755=AXIS2_PLACEMENT_3D('',#15283,#12125,#12126);
#9756=AXIS2_PLACEMENT_3D('',#15285,#12128,#12129);
#9757=AXIS2_PLACEMENT_3D('',#15287,#12131,#12132);
#9758=AXIS2_PLACEMENT_3D('',#15291,#12135,#12136);
#9759=AXIS2_PLACEMENT_3D('',#15292,#12137,#12138);
#9760=AXIS2_PLACEMENT_3D('',#15293,#12139,#12140);
#9761=AXIS2_PLACEMENT_3D('',#15297,#12143,#12144);
#9762=AXIS2_PLACEMENT_3D('',#15298,#12145,#12146);
#9763=AXIS2_PLACEMENT_3D('',#15300,#12147,#12148);
#9764=AXIS2_PLACEMENT_3D('',#15301,#12149,#12150);
#9765=AXIS2_PLACEMENT_3D('',#15302,#12151,#12152);
#9766=AXIS2_PLACEMENT_3D('',#15303,#12153,#12154);
#9767=AXIS2_PLACEMENT_3D('',#15307,#12157,#12158);
#9768=AXIS2_PLACEMENT_3D('',#15311,#12161,#12162);
#9769=AXIS2_PLACEMENT_3D('',#15312,#12163,#12164);
#9770=AXIS2_PLACEMENT_3D('',#15313,#12165,#12166);
#9771=AXIS2_PLACEMENT_3D('',#15315,#12167,#12168);
#9772=AXIS2_PLACEMENT_3D('',#15316,#12169,#12170);
#9773=AXIS2_PLACEMENT_3D('',#15317,#12171,#12172);
#9774=AXIS2_PLACEMENT_3D('',#15326,#12177,#12178);
#9775=AXIS2_PLACEMENT_3D('',#15327,#12179,#12180);
#9776=AXIS2_PLACEMENT_3D('',#15329,#12181,#12182);
#9777=AXIS2_PLACEMENT_3D('',#15333,#12184,#12185);
#9778=AXIS2_PLACEMENT_3D('',#15334,#12186,#12187);
#9779=AXIS2_PLACEMENT_3D('',#15335,#12188,#12189);
#9780=AXIS2_PLACEMENT_3D('',#15336,#12190,#12191);
#9781=AXIS2_PLACEMENT_3D('',#15342,#12195,#12196);
#9782=AXIS2_PLACEMENT_3D('',#15343,#12197,#12198);
#9783=AXIS2_PLACEMENT_3D('',#15345,#12199,#12200);
#9784=AXIS2_PLACEMENT_3D('',#15346,#12201,#12202);
#9785=AXIS2_PLACEMENT_3D('',#15347,#12203,#12204);
#9786=AXIS2_PLACEMENT_3D('',#15349,#12205,#12206);
#9787=AXIS2_PLACEMENT_3D('',#15350,#12207,#12208);
#9788=AXIS2_PLACEMENT_3D('',#15351,#12209,#12210);
#9789=AXIS2_PLACEMENT_3D('',#15352,#12211,#12212);
#9790=AXIS2_PLACEMENT_3D('',#15353,#12213,#12214);
#9791=AXIS2_PLACEMENT_3D('',#15354,#12215,#12216);
#9792=AXIS2_PLACEMENT_3D('',#15355,#12217,#12218);
#9793=AXIS2_PLACEMENT_3D('',#15356,#12219,#12220);
#9794=AXIS2_PLACEMENT_3D('',#15357,#12221,#12222);
#9795=AXIS2_PLACEMENT_3D('',#15358,#12223,#12224);
#9796=AXIS2_PLACEMENT_3D('',#15359,#12225,#12226);
#9797=AXIS2_PLACEMENT_3D('',#15360,#12227,#12228);
#9798=AXIS2_PLACEMENT_3D('',#15361,#12229,#12230);
#9799=AXIS2_PLACEMENT_3D('',#15362,#12231,#12232);
#9800=AXIS2_PLACEMENT_3D('',#15363,#12233,#12234);
#9801=AXIS2_PLACEMENT_3D('',#15364,#12235,#12236);
#9802=AXIS2_PLACEMENT_3D('',#15365,#12237,#12238);
#9803=AXIS2_PLACEMENT_3D('',#15366,#12239,#12240);
#9804=AXIS2_PLACEMENT_3D('',#15367,#12241,#12242);
#9805=AXIS2_PLACEMENT_3D('',#15368,#12243,#12244);
#9806=AXIS2_PLACEMENT_3D('',#15369,#12245,#12246);
#9807=AXIS2_PLACEMENT_3D('',#15370,#12247,#12248);
#9808=AXIS2_PLACEMENT_3D('',#15371,#12249,#12250);
#9809=AXIS2_PLACEMENT_3D('',#15372,#12251,#12252);
#9810=AXIS2_PLACEMENT_3D('',#15373,#12253,#12254);
#9811=AXIS2_PLACEMENT_3D('',#15374,#12255,#12256);
#9812=AXIS2_PLACEMENT_3D('',#15375,#12257,#12258);
#9813=AXIS2_PLACEMENT_3D('',#15376,#12259,#12260);
#9814=AXIS2_PLACEMENT_3D('',#15377,#12261,#12262);
#9815=AXIS2_PLACEMENT_3D('',#15378,#12263,#12264);
#9816=AXIS2_PLACEMENT_3D('',#15379,#12265,#12266);
#9817=AXIS2_PLACEMENT_3D('',#15380,#12267,#12268);
#9818=AXIS2_PLACEMENT_3D('',#15381,#12269,#12270);
#9819=AXIS2_PLACEMENT_3D('',#15382,#12271,#12272);
#9820=AXIS2_PLACEMENT_3D('',#15383,#12273,#12274);
#9821=AXIS2_PLACEMENT_3D('',#15384,#12275,#12276);
#9822=AXIS2_PLACEMENT_3D('',#15385,#12277,#12278);
#9823=AXIS2_PLACEMENT_3D('',#15386,#12279,#12280);
#9824=AXIS2_PLACEMENT_3D('',#15387,#12281,#12282);
#9825=AXIS2_PLACEMENT_3D('',#15388,#12283,#12284);
#9826=AXIS2_PLACEMENT_3D('',#15389,#12285,#12286);
#9827=AXIS2_PLACEMENT_3D('',#15390,#12287,#12288);
#9828=AXIS2_PLACEMENT_3D('',#15391,#12289,#12290);
#9829=AXIS2_PLACEMENT_3D('',#15392,#12291,#12292);
#9830=AXIS2_PLACEMENT_3D('',#15393,#12293,#12294);
#9831=AXIS2_PLACEMENT_3D('',#15394,#12295,#12296);
#9832=AXIS2_PLACEMENT_3D('',#15395,#12297,#12298);
#9833=AXIS2_PLACEMENT_3D('',#15396,#12299,#12300);
#9834=AXIS2_PLACEMENT_3D('',#15397,#12301,#12302);
#9835=AXIS2_PLACEMENT_3D('',#15398,#12303,#12304);
#9836=AXIS2_PLACEMENT_3D('',#15399,#12305,#12306);
#9837=AXIS2_PLACEMENT_3D('',#15400,#12307,#12308);
#9838=AXIS2_PLACEMENT_3D('',#15401,#12309,#12310);
#9839=AXIS2_PLACEMENT_3D('',#15402,#12311,#12312);
#9840=AXIS2_PLACEMENT_3D('',#15403,#12313,#12314);
#9841=AXIS2_PLACEMENT_3D('',#15404,#12315,#12316);
#9842=AXIS2_PLACEMENT_3D('',#15405,#12317,#12318);
#9843=AXIS2_PLACEMENT_3D('',#15406,#12319,#12320);
#9844=AXIS2_PLACEMENT_3D('',#15407,#12321,#12322);
#9845=AXIS2_PLACEMENT_3D('',#15408,#12323,#12324);
#9846=AXIS2_PLACEMENT_3D('',#15410,#12326,#12327);
#9847=AXIS2_PLACEMENT_3D('',#15412,#12329,#12330);
#9848=AXIS2_PLACEMENT_3D('',#15414,#12332,#12333);
#9849=AXIS2_PLACEMENT_3D('',#15416,#12335,#12336);
#9850=AXIS2_PLACEMENT_3D('',#15417,#12337,#12338);
#9851=AXIS2_PLACEMENT_3D('',#15418,#12339,#12340);
#9852=AXIS2_PLACEMENT_3D('',#15420,#12342,#12343);
#9853=AXIS2_PLACEMENT_3D('',#15422,#12345,#12346);
#9854=AXIS2_PLACEMENT_3D('',#15424,#12348,#12349);
#9855=AXIS2_PLACEMENT_3D('',#15426,#12351,#12352);
#9856=AXIS2_PLACEMENT_3D('',#15427,#12353,#12354);
#9857=AXIS2_PLACEMENT_3D('',#15428,#12355,#12356);
#9858=AXIS2_PLACEMENT_3D('',#15429,#12357,#12358);
#9859=AXIS2_PLACEMENT_3D('',#15430,#12359,#12360);
#9860=AXIS2_PLACEMENT_3D('',#15431,#12361,#12362);
#9861=AXIS2_PLACEMENT_3D('',#15432,#12363,#12364);
#9862=AXIS2_PLACEMENT_3D('',#15433,#12365,#12366);
#9863=AXIS2_PLACEMENT_3D('',#15464,#12367,#12368);
#9864=AXIS2_PLACEMENT_3D('',#15465,#12369,#12370);
#9865=AXIS2_PLACEMENT_3D('',#15471,#12373,#12374);
#9866=AXIS2_PLACEMENT_3D('',#15476,#12377,#12378);
#9867=AXIS2_PLACEMENT_3D('',#15477,#12379,#12380);
#9868=AXIS2_PLACEMENT_3D('',#15484,#12384,#12385);
#9869=AXIS2_PLACEMENT_3D('',#15485,#12386,#12387);
#9870=AXIS2_PLACEMENT_3D('',#15487,#12388,#12389);
#9871=AXIS2_PLACEMENT_3D('',#15488,#12390,#12391);
#9872=AXIS2_PLACEMENT_3D('',#15489,#12392,#12393);
#9873=AXIS2_PLACEMENT_3D('',#15490,#12394,#12395);
#9874=AXIS2_PLACEMENT_3D('',#15492,#12396,#12397);
#9875=AXIS2_PLACEMENT_3D('',#15494,#12398,#12399);
#9876=AXIS2_PLACEMENT_3D('',#15495,#12400,#12401);
#9877=AXIS2_PLACEMENT_3D('',#15496,#12402,#12403);
#9878=AXIS2_PLACEMENT_3D('',#15498,#12404,#12405);
#9879=AXIS2_PLACEMENT_3D('',#15499,#12406,#12407);
#9880=AXIS2_PLACEMENT_3D('',#15500,#12408,#12409);
#9881=AXIS2_PLACEMENT_3D('',#15501,#12410,#12411);
#9882=AXIS2_PLACEMENT_3D('',#15518,#12412,#12413);
#9883=AXIS2_PLACEMENT_3D('',#15519,#12414,#12415);
#9884=AXIS2_PLACEMENT_3D('',#15520,#12416,#12417);
#9885=AXIS2_PLACEMENT_3D('',#15521,#12418,#12419);
#9886=AXIS2_PLACEMENT_3D('',#15522,#12420,#12421);
#9887=AXIS2_PLACEMENT_3D('',#15523,#12422,#12423);
#9888=AXIS2_PLACEMENT_3D('',#15540,#12424,#12425);
#9889=AXIS2_PLACEMENT_3D('',#15541,#12426,#12427);
#9890=DIRECTION('',(0.,0.,1.));
#9891=DIRECTION('',(1.,0.,0.));
#9892=DIRECTION('',(1.,0.,0.));
#9893=DIRECTION('',(0.,0.,-0.999999999999994));
#9894=DIRECTION('',(1.,0.,0.));
#9895=DIRECTION('',(0.,0.,-0.999999999999994));
#9896=DIRECTION('',(1.,0.,0.));
#9897=DIRECTION('',(0.,-0.999999999999998,0.));
#9898=DIRECTION('',(1.,0.,0.));
#9899=DIRECTION('',(0.,-1.,0.));
#9900=DIRECTION('',(1.,0.,0.));
#9901=DIRECTION('',(0.,-1.,0.));
#9902=DIRECTION('',(0.,1.,0.));
#9903=DIRECTION('',(1.,0.,0.));
#9904=DIRECTION('',(0.,0.,-1.));
#9905=DIRECTION('',(0.,1.,0.));
#9906=DIRECTION('',(0.,2.3351968025171E-015,-1.));
#9907=DIRECTION('',(1.,0.,0.));
#9908=DIRECTION('',(0.,0.,-1.));
#9909=DIRECTION('',(0.,1.,0.));
#9910=DIRECTION('',(0.,1.,2.32902688904294E-015));
#9911=DIRECTION('',(0.,2.32904281992881E-015,-1.));
#9912=DIRECTION('',(0.,-1.,-2.32902688904294E-015));
#9913=DIRECTION('',(-1.,0.,0.));
#9914=DIRECTION('',(0.,1.,0.));
#9915=DIRECTION('',(0.,0.,1.));
#9916=DIRECTION('',(0.,1.,0.));
#9917=DIRECTION('',(-0.173648177666932,0.,-0.984807753012208));
#9918=DIRECTION('',(0.984807753012208,0.,-0.173648177666932));
#9919=DIRECTION('',(0.984807753012208,4.04431275019589E-016,-0.173648177666932));
#9920=DIRECTION('',(0.173648177666932,0.,0.984807753012208));
#9921=DIRECTION('',(0.984807753012208,0.,-0.173648177666932));
#9922=DIRECTION('',(0.,-1.,-2.32902688904294E-015));
#9923=DIRECTION('',(-1.,0.,0.));
#9924=DIRECTION('',(0.,-1.,-2.32902688904294E-015));
#9925=DIRECTION('',(-1.,0.,0.));
#9926=DIRECTION('',(0.,1.,0.));
#9927=DIRECTION('',(0.,0.,1.));
#9928=DIRECTION('',(0.,-1.,-2.32902688904294E-015));
#9929=DIRECTION('',(-1.,0.,0.));
#9930=DIRECTION('',(0.,-1.,-2.32902688904294E-015));
#9931=DIRECTION('',(0.,2.32904281992881E-015,-1.));
#9932=DIRECTION('',(0.,0.,1.));
#9933=DIRECTION('',(-1.,0.,0.));
#9934=DIRECTION('',(-0.707106781186547,0.,-0.707106781186548));
#9935=DIRECTION('',(0.,1.,0.));
#9936=DIRECTION('',(1.,0.,0.));
#9937=DIRECTION('',(0.,-1.,0.));
#9938=DIRECTION('',(-1.,0.,0.));
#9939=DIRECTION('',(0.707106781186547,0.,0.707106781186548));
#9940=DIRECTION('',(1.,0.,0.));
#9941=DIRECTION('',(0.,0.,1.));
#9942=DIRECTION('',(0.,1.,0.));
#9943=DIRECTION('',(1.,0.,0.));
#9944=DIRECTION('',(0.,1.,0.));
#9945=DIRECTION('',(1.,0.,0.));
#9946=DIRECTION('',(-1.,0.,0.));
#9947=DIRECTION('',(-0.707106781186548,0.,0.707106781186547));
#9948=DIRECTION('',(0.,-1.,0.));
#9949=DIRECTION('',(-1.,0.,0.));
#9950=DIRECTION('',(-0.707106781186548,0.,0.707106781186547));
#9951=DIRECTION('',(1.,0.,0.));
#9952=DIRECTION('',(0.,1.,0.));
#9953=DIRECTION('',(1.,0.,0.));
#9954=DIRECTION('',(0.,1.,0.));
#9955=DIRECTION('',(0.,1.,0.));
#9956=DIRECTION('',(-0.707106781186547,0.,-0.707106781186548));
#9957=DIRECTION('',(-0.707106781186548,0.,0.707106781186547));
#9958=DIRECTION('',(0.,-1.,0.));
#9959=DIRECTION('',(1.,0.,2.4093381610789E-015));
#9960=DIRECTION('',(0.,1.,0.));
#9961=DIRECTION('',(-1.,2.22044604925031E-015,-1.44560289664734E-015));
#9962=DIRECTION('',(2.4093381610789E-015,0.,-1.));
#9963=DIRECTION('',(-1.,0.,-2.40953090813179E-015));
#9964=DIRECTION('',(0.,1.,0.));
#9965=DIRECTION('',(0.,0.,-1.));
#9966=DIRECTION('',(0.,-1.,0.));
#9967=DIRECTION('',(0.,0.,1.));
#9968=DIRECTION('',(-1.,0.,0.));
#9969=DIRECTION('',(0.,0.,-1.));
#9970=DIRECTION('',(0.,-1.,0.));
#9971=DIRECTION('',(0.,0.,-1.));
#9972=DIRECTION('',(0.,-0.999999999999998,0.));
#9973=DIRECTION('',(1.,0.,0.));
#9974=DIRECTION('',(0.,0.,-1.));
#9975=DIRECTION('',(0.,-0.999999999999998,0.));
#9976=DIRECTION('',(0.,-1.,0.));
#9977=DIRECTION('',(0.,0.,-1.));
#9978=DIRECTION('',(0.,-0.999999999999998,0.));
#9979=DIRECTION('',(1.,0.,0.));
#9980=DIRECTION('',(0.,0.,-1.));
#9981=DIRECTION('',(0.,-0.999999999999998,0.));
#9982=DIRECTION('',(0.,-1.,0.));
#9983=DIRECTION('',(0.,0.,-1.));
#9984=DIRECTION('',(0.,-1.,0.));
#9985=DIRECTION('',(1.,0.,0.));
#9986=DIRECTION('',(0.,0.,-1.));
#9987=DIRECTION('',(0.,-1.,0.));
#9988=DIRECTION('',(0.,-1.,0.));
#9989=DIRECTION('',(0.,0.,-1.));
#9990=DIRECTION('',(0.,-1.,0.));
#9991=DIRECTION('',(1.,0.,0.));
#9992=DIRECTION('',(0.,0.,-1.));
#9993=DIRECTION('',(0.,-1.,0.));
#9994=DIRECTION('',(0.,1.,0.));
#9995=DIRECTION('',(0.,0.,1.));
#9996=DIRECTION('',(0.,-1.,0.));
#9997=DIRECTION('',(1.,0.,0.));
#9998=DIRECTION('',(-0.707106781186547,-0.707106781186548,0.));
#9999=DIRECTION('',(0.,0.,-1.));
#10000=DIRECTION('',(0.,-1.,0.));
#10001=DIRECTION('',(-1.,0.,0.));
#10002=DIRECTION('',(-1.,0.,0.));
#10003=DIRECTION('',(0.,0.,-1.));
#10004=DIRECTION('',(0.,-1.,0.));
#10005=DIRECTION('',(0.,1.,0.));
#10006=DIRECTION('',(0.707106781186547,-0.707106781186548,0.));
#10007=DIRECTION('',(-1.,0.,0.));
#10008=DIRECTION('',(0.,1.,0.));
#10009=DIRECTION('',(0.,0.,-1.));
#10010=DIRECTION('',(0.,-1.,0.));
#10011=DIRECTION('',(1.,0.,0.));
#10012=DIRECTION('',(0.,0.,1.));
#10013=DIRECTION('',(0.,-1.,0.));
#10014=DIRECTION('',(0.,-1.,0.));
#10015=DIRECTION('',(0.,0.,1.));
#10016=DIRECTION('',(0.,0.,-1.));
#10017=DIRECTION('',(-1.,0.,0.));
#10018=DIRECTION('',(0.,0.,-1.));
#10019=DIRECTION('',(0.,0.,-1.));
#10020=DIRECTION('',(-1.,0.,0.));
#10021=DIRECTION('',(0.,0.,1.));
#10022=DIRECTION('',(0.,1.,0.));
#10023=DIRECTION('',(0.,0.,1.));
#10024=DIRECTION('',(-1.,0.,0.));
#10025=DIRECTION('',(0.,0.,1.));
#10026=DIRECTION('',(0.,1.,0.));
#10027=DIRECTION('',(0.,1.,0.));
#10028=DIRECTION('',(0.,0.,1.));
#10029=DIRECTION('',(0.,1.,0.));
#10030=DIRECTION('',(-1.,0.,0.));
#10031=DIRECTION('',(0.,0.,1.));
#10032=DIRECTION('',(0.,1.,0.));
#10033=DIRECTION('',(0.,1.,0.));
#10034=DIRECTION('',(0.,0.,1.));
#10035=DIRECTION('',(0.,1.,0.));
#10036=DIRECTION('',(-1.,0.,0.));
#10037=DIRECTION('',(0.,0.,1.));
#10038=DIRECTION('',(0.,0.999999999999998,0.));
#10039=DIRECTION('',(0.,1.,0.));
#10040=DIRECTION('',(0.,0.,1.));
#10041=DIRECTION('',(0.,0.999999999999998,0.));
#10042=DIRECTION('',(-1.,0.,0.));
#10043=DIRECTION('',(0.,0.,1.));
#10044=DIRECTION('',(0.,0.999999999999998,0.));
#10045=DIRECTION('',(0.,1.,0.));
#10046=DIRECTION('',(0.,0.,1.));
#10047=DIRECTION('',(0.,0.999999999999998,0.));
#10048=DIRECTION('',(0.,0.,-1.));
#10049=DIRECTION('',(0.,1.,0.));
#10050=DIRECTION('',(0.,1.,0.));
#10051=DIRECTION('',(1.,0.,0.));
#10052=DIRECTION('',(0.,0.,1.));
#10053=DIRECTION('',(0.,1.,0.));
#10054=DIRECTION('',(0.,1.,0.));
#10055=DIRECTION('',(1.,0.,0.));
#10056=DIRECTION('',(-0.707106781186547,0.707106781186548,0.));
#10057=DIRECTION('',(0.,0.,1.));
#10058=DIRECTION('',(0.,1.,0.));
#10059=DIRECTION('',(-1.,0.,0.));
#10060=DIRECTION('',(0.,-1.,0.));
#10061=DIRECTION('',(-1.,0.,0.));
#10062=DIRECTION('',(0.,0.,1.));
#10063=DIRECTION('',(0.,1.,0.));
#10064=DIRECTION('',(0.707106781186547,0.707106781186548,0.));
#10065=DIRECTION('',(0.,0.,-1.));
#10066=DIRECTION('',(0.,1.,0.));
#10067=DIRECTION('',(0.,0.,-1.));
#10068=DIRECTION('',(0.,0.,1.));
#10069=DIRECTION('',(0.,-1.,0.));
#10070=DIRECTION('',(0.,0.,-1.));
#10071=DIRECTION('',(0.,0.,-1.));
#10072=DIRECTION('',(0.,1.,0.));
#10073=DIRECTION('',(0.,0.,1.));
#10074=DIRECTION('',(0.,0.,1.));
#10075=DIRECTION('',(0.,-1.,0.));
#10076=DIRECTION('',(0.,0.,-1.));
#10077=DIRECTION('',(0.,1.,0.));
#10078=DIRECTION('',(-1.,0.,0.));
#10079=DIRECTION('',(1.,0.,1.20466908053945E-015));
#10080=DIRECTION('',(0.,1.,0.));
#10081=DIRECTION('',(-1.,0.,0.));
#10082=DIRECTION('',(0.,-1.,0.));
#10083=DIRECTION('',(1.,0.,0.));
#10084=DIRECTION('',(0.,1.,0.));
#10085=DIRECTION('',(-1.,0.,0.));
#10086=DIRECTION('',(0.,0.,1.));
#10087=DIRECTION('',(0.,1.,0.));
#10088=DIRECTION('',(-1.,0.,0.));
#10089=DIRECTION('',(-1.,0.,-1.20466908053945E-015));
#10090=DIRECTION('',(0.,1.,0.));
#10091=DIRECTION('',(-1.,0.,0.));
#10092=DIRECTION('',(0.,1.,0.));
#10093=DIRECTION('',(0.,1.,0.));
#10094=DIRECTION('',(-1.,0.,0.));
#10095=DIRECTION('',(0.,-1.,0.));
#10096=DIRECTION('',(0.,1.,0.));
#10097=DIRECTION('',(-1.,0.,0.));
#10098=DIRECTION('',(1.16744615951155E-015,0.,-1.));
#10099=DIRECTION('',(-1.,2.22044604925031E-015,-1.44560289664734E-015));
#10100=DIRECTION('',(1.17759786524643E-015,0.,-1.));
#10101=DIRECTION('',(0.,-1.,0.));
#10102=DIRECTION('',(1.,0.,0.));
#10103=DIRECTION('',(1.17759786524643E-015,0.,-1.));
#10104=DIRECTION('',(-1.,0.,-2.4093381610789E-015));
#10105=DIRECTION('',(1.16744615951155E-015,0.,-1.));
#10106=DIRECTION('',(0.,1.,0.));
#10107=DIRECTION('',(-1.,0.,0.));
#10108=DIRECTION('',(1.,0.,1.17145334231628E-015));
#10109=DIRECTION('',(-1.0842021724855E-015,0.,1.));
#10110=DIRECTION('',(-2.22044604925031E-015,-1.,-3.20988324064539E-030));
#10111=DIRECTION('',(1.0842021724855E-015,0.,-1.));
#10112=DIRECTION('',(1.,0.,1.17145334231628E-015));
#10113=DIRECTION('',(1.17148044737059E-015,0.,-1.));
#10114=DIRECTION('',(-1.,0.,-1.17145334231628E-015));
#10115=DIRECTION('',(1.0842021724855E-015,0.,-1.));
#10116=DIRECTION('',(1.0842021724855E-015,0.,-1.));
#10117=DIRECTION('',(-2.22044604925031E-015,-1.,-3.20988324064539E-030));
#10118=DIRECTION('',(-1.,0.,-1.17145334231628E-015));
#10119=DIRECTION('',(-1.17148044737059E-015,0.,1.));
#10120=DIRECTION('',(0.,0.,-1.));
#10121=DIRECTION('',(0.,0.,1.));
#10122=DIRECTION('',(0.,-1.,0.));
#10123=DIRECTION('',(0.,0.,-1.));
#10124=DIRECTION('',(0.,0.,1.));
#10125=DIRECTION('',(1.,0.,0.));
#10126=DIRECTION('',(0.,0.,1.));
#10127=DIRECTION('',(-1.,2.22044604925031E-015,-1.44560289664734E-015));
#10128=DIRECTION('',(2.22044604925031E-015,1.,2.40741243048404E-030));
#10129=DIRECTION('',(-1.,2.22044604925031E-015,0.));
#10130=DIRECTION('',(-2.16840434497101E-015,-1.,-3.13465160219277E-030));
#10131=DIRECTION('',(-1.44560289664734E-015,0.,1.));
#10132=DIRECTION('',(2.4093381610789E-016,2.61220966849397E-030,-1.));
#10133=DIRECTION('',(-2.16840434497101E-015,-1.,-3.13465160219277E-030));
#10134=DIRECTION('',(-1.46819044190745E-015,0.,0.999999999999999));
#10135=DIRECTION('',(2.16840434497101E-015,1.,3.13465160219277E-030));
#10136=DIRECTION('',(1.44562096668355E-015,0.,-1.));
#10137=DIRECTION('',(-2.16840434497101E-015,-1.,-3.13465160219277E-030));
#10138=DIRECTION('',(-1.46819044190745E-015,0.,0.999999999999999));
#10139=DIRECTION('',(-2.4093381610789E-016,-2.61220966849397E-030,1.));
#10140=DIRECTION('',(-2.16840434497101E-015,-1.,-3.13465160219277E-030));
#10141=DIRECTION('',(-1.44560289664734E-015,0.,1.));
#10142=DIRECTION('',(-2.16840434497101E-015,-1.,-3.13465160219277E-030));
#10143=DIRECTION('',(-1.44562096668355E-015,0.,1.));
#10144=DIRECTION('',(-2.16840434497101E-015,-1.,-3.13465160219277E-030));
#10145=DIRECTION('',(-2.16840434497101E-015,-1.,-3.13465160219277E-030));
#10146=DIRECTION('',(-1.46819044190745E-015,0.,0.999999999999999));
#10147=DIRECTION('',(2.16840434497101E-015,1.,3.13465160219277E-030));
#10148=DIRECTION('',(-2.16840434497101E-015,-1.,-3.13465160219277E-030));
#10149=DIRECTION('',(-1.44560289664734E-015,0.,1.));
#10150=DIRECTION('',(1.,-2.16840434497101E-015,2.79527333562244E-016));
#10151=DIRECTION('',(-3.37307342551046E-015,1.04488386739759E-029,-1.));
#10152=DIRECTION('',(1.,-2.16840434497101E-015,2.79527333562244E-016));
#10153=DIRECTION('',(2.16840434497101E-015,1.,3.13465160219277E-030));
#10154=DIRECTION('',(1.44562096668355E-015,0.,-1.));
#10155=DIRECTION('',(1.,-2.16840434497101E-015,2.79527333562244E-016));
#10156=DIRECTION('',(3.37307342551046E-015,-1.04488386739759E-029,1.));
#10157=DIRECTION('',(1.,-2.16840434497101E-015,2.79527333562244E-016));
#10158=DIRECTION('',(-2.16840434497101E-015,-1.,-3.13465160219277E-030));
#10159=DIRECTION('',(-1.44562096668355E-015,0.,1.));
#10160=DIRECTION('',(-2.16840434497101E-015,-1.,-3.13465160219277E-030));
#10161=DIRECTION('',(2.74149554331065E-016,2.54018451740942E-030,-1.));
#10162=DIRECTION('',(1.,0.,0.));
#10163=DIRECTION('',(-0.982872186934322,-0.184288535050183,-2.69453972012444E-016));
#10164=DIRECTION('',(0.982872186934322,-0.184288535050187,2.69453972012443E-016));
#10165=DIRECTION('',(2.74149554331065E-016,2.54018451740942E-030,-1.));
#10166=DIRECTION('',(1.,0.,0.));
#10167=DIRECTION('',(2.74149554331065E-016,2.54018451740942E-030,-1.));
#10168=DIRECTION('',(1.,-2.16840434497101E-015,2.74086309204336E-016));
#10169=DIRECTION('',(0.982872186934322,0.184288535050183,2.69453972012444E-016));
#10170=DIRECTION('',(-2.74149554331065E-016,-2.54018451740942E-030,1.));
#10171=DIRECTION('',(-1.,0.,0.));
#10172=DIRECTION('',(2.16840434497101E-015,1.,3.13465160219277E-030));
#10173=DIRECTION('',(-2.74149554331065E-016,-2.54018451740942E-030,1.));
#10174=DIRECTION('',(-1.,0.,0.));
#10175=DIRECTION('',(-0.982872186934322,0.184288535050187,-2.69453972012443E-016));
#10176=DIRECTION('',(-2.74149554331065E-016,-2.54018451740942E-030,1.));
#10177=DIRECTION('',(-1.,2.16840434497101E-015,-2.74086309204336E-016));
#10178=DIRECTION('',(-3.37307342551046E-015,1.04339016854879E-029,-1.));
#10179=DIRECTION('',(3.37307342551046E-015,-1.05342276632329E-029,1.));
#10180=DIRECTION('',(1.,-2.16840434497101E-015,-3.37307342551046E-015));
#10181=DIRECTION('',(3.3731697990369E-015,0.,1.));
#10182=DIRECTION('',(3.37307342551046E-015,-1.04524069941784E-029,1.));
#10183=DIRECTION('',(-0.184288535050183,0.982872186934322,6.21618760204036E-016));
#10184=DIRECTION('',(-0.982872186934322,-0.184288535050183,0.));
#10185=DIRECTION('',(-3.37307342551046E-015,1.0575244277428E-029,-1.));
#10186=DIRECTION('',(-0.184288535050187,-0.982872186934322,6.21618760204028E-016));
#10187=DIRECTION('',(0.982872186934322,-0.184288535050187,0.));
#10188=DIRECTION('',(0.,1.,0.));
#10189=DIRECTION('',(1.,0.,0.));
#10190=DIRECTION('',(0.,-1.,0.));
#10191=DIRECTION('',(0.,0.,-1.));
#10192=DIRECTION('',(0.,1.00000000000008,0.));
#10193=DIRECTION('',(-1.,0.,0.));
#10194=DIRECTION('',(0.,0.,-1.));
#10195=DIRECTION('',(0.,1.00000000000008,0.));
#10196=DIRECTION('',(0.,1.,0.));
#10197=DIRECTION('',(0.,0.,-1.));
#10198=DIRECTION('',(0.,1.00000000000008,0.));
#10199=DIRECTION('',(1.,0.,0.));
#10200=DIRECTION('',(0.,0.,-1.));
#10201=DIRECTION('',(0.,1.00000000000008,0.));
#10202=DIRECTION('',(0.,0.,-1.));
#10203=DIRECTION('',(0.,1.,0.));
#10204=DIRECTION('',(0.,-1.,0.));
#10205=DIRECTION('',(0.,0.,-1.));
#10206=DIRECTION('',(0.,1.00000000000008,0.));
#10207=DIRECTION('',(-1.,0.,0.));
#10208=DIRECTION('',(0.,0.,-1.));
#10209=DIRECTION('',(0.,1.00000000000008,0.));
#10210=DIRECTION('',(0.,1.,0.));
#10211=DIRECTION('',(0.,0.,-1.));
#10212=DIRECTION('',(0.,1.00000000000008,0.));
#10213=DIRECTION('',(1.,0.,0.));
#10214=DIRECTION('',(0.,0.,-1.));
#10215=DIRECTION('',(0.,1.00000000000008,0.));
#10216=DIRECTION('',(0.,0.,-1.));
#10217=DIRECTION('',(0.,1.,0.));
#10218=DIRECTION('',(0.,-1.,0.));
#10219=DIRECTION('',(0.,0.,-1.));
#10220=DIRECTION('',(1.,0.,0.));
#10221=DIRECTION('',(0.,0.,1.));
#10222=DIRECTION('',(1.,0.,0.));
#10223=DIRECTION('',(0.,0.,1.));
#10224=DIRECTION('',(-1.,0.,0.));
#10225=DIRECTION('',(0.,0.,-1.));
#10226=DIRECTION('',(0.,-1.,0.));
#10227=DIRECTION('',(0.,0.,-1.));
#10228=DIRECTION('',(0.,-1.,0.));
#10229=DIRECTION('',(0.,0.,-1.));
#10230=DIRECTION('',(0.,-1.,0.));
#10231=DIRECTION('',(0.,0.,-1.));
#10232=DIRECTION('',(1.,0.,0.));
#10233=DIRECTION('',(0.,0.,1.));
#10234=DIRECTION('',(0.,-1.,0.));
#10235=DIRECTION('',(0.,0.,-1.));
#10236=DIRECTION('',(0.,1.,0.));
#10237=DIRECTION('',(0.,0.,1.));
#10238=DIRECTION('',(1.,1.64491381916527E-016,-1.08420217248551E-015));
#10239=DIRECTION('',(1.0842021724855E-015,0.,1.));
#10240=DIRECTION('',(1.,0.,0.));
#10241=DIRECTION('',(0.,0.,1.));
#10242=DIRECTION('',(0.,-1.,0.));
#10243=DIRECTION('',(0.,0.,-1.));
#10244=DIRECTION('',(1.,0.,0.));
#10245=DIRECTION('',(0.,0.,1.));
#10246=DIRECTION('',(1.,0.,0.));
#10247=DIRECTION('',(0.,0.,1.));
#10248=DIRECTION('',(-1.,0.,0.));
#10249=DIRECTION('',(0.,0.,-1.));
#10250=DIRECTION('',(0.,-1.,0.));
#10251=DIRECTION('',(0.,0.,-1.));
#10252=DIRECTION('',(0.,-1.,0.));
#10253=DIRECTION('',(0.,0.,-1.));
#10254=DIRECTION('',(0.,-1.,0.));
#10255=DIRECTION('',(0.,0.,-1.));
#10256=DIRECTION('',(1.,0.,0.));
#10257=DIRECTION('',(0.,0.,1.));
#10258=DIRECTION('',(0.,-1.,0.));
#10259=DIRECTION('',(0.,0.,-1.));
#10260=DIRECTION('',(0.,1.,0.));
#10261=DIRECTION('',(0.,0.,1.));
#10262=DIRECTION('',(1.,0.,0.));
#10263=DIRECTION('',(0.,0.,1.));
#10264=DIRECTION('',(1.,0.,0.));
#10265=DIRECTION('',(0.,0.,1.));
#10266=DIRECTION('',(0.,-1.,0.));
#10267=DIRECTION('',(0.,0.,1.));
#10268=DIRECTION('',(0.,1.00000000000008,0.));
#10269=DIRECTION('',(1.,0.,0.));
#10270=DIRECTION('',(0.,0.,1.));
#10271=DIRECTION('',(0.,1.00000000000008,0.));
#10272=DIRECTION('',(0.,1.,0.));
#10273=DIRECTION('',(0.,0.,1.));
#10274=DIRECTION('',(0.,1.00000000000008,0.));
#10275=DIRECTION('',(-1.,0.,0.));
#10276=DIRECTION('',(0.,0.,1.));
#10277=DIRECTION('',(0.,1.00000000000008,0.));
#10278=DIRECTION('',(0.,0.,-1.));
#10279=DIRECTION('',(0.,1.,0.));
#10280=DIRECTION('',(0.,-1.,0.));
#10281=DIRECTION('',(0.,0.,1.));
#10282=DIRECTION('',(0.,1.00000000000008,0.));
#10283=DIRECTION('',(1.,0.,0.));
#10284=DIRECTION('',(0.,0.,1.));
#10285=DIRECTION('',(0.,1.00000000000008,0.));
#10286=DIRECTION('',(0.,1.,0.));
#10287=DIRECTION('',(0.,0.,1.));
#10288=DIRECTION('',(0.,1.00000000000008,0.));
#10289=DIRECTION('',(-1.,0.,0.));
#10290=DIRECTION('',(0.,0.,1.));
#10291=DIRECTION('',(0.,1.00000000000008,0.));
#10292=DIRECTION('',(0.,0.,-1.));
#10293=DIRECTION('',(0.,1.,0.));
#10294=DIRECTION('',(0.,1.,0.));
#10295=DIRECTION('',(0.,0.,1.));
#10296=DIRECTION('',(1.,0.,0.));
#10297=DIRECTION('',(0.,0.,1.));
#10298=DIRECTION('',(1.,0.,0.));
#10299=DIRECTION('',(0.,0.,1.));
#10300=DIRECTION('',(1.,0.,0.));
#10301=DIRECTION('',(0.,0.,1.));
#10302=DIRECTION('',(0.,1.,0.));
#10303=DIRECTION('',(0.,0.,1.));
#10304=DIRECTION('',(0.,-1.,0.));
#10305=DIRECTION('',(0.,0.,-1.));
#10306=DIRECTION('',(0.,1.,0.));
#10307=DIRECTION('',(0.,0.,1.));
#10308=DIRECTION('',(1.,0.,0.));
#10309=DIRECTION('',(0.,0.,1.));
#10310=DIRECTION('',(0.,1.,0.));
#10311=DIRECTION('',(0.,0.,1.));
#10312=DIRECTION('',(0.,1.,0.));
#10313=DIRECTION('',(0.,0.,1.));
#10314=DIRECTION('',(1.,0.,0.));
#10315=DIRECTION('',(0.,0.,1.));
#10316=DIRECTION('',(-1.,0.,0.));
#10317=DIRECTION('',(0.,0.,-1.));
#10318=DIRECTION('',(0.,1.,0.));
#10319=DIRECTION('',(0.,0.,1.));
#10320=DIRECTION('',(1.,0.,0.));
#10321=DIRECTION('',(0.,0.,1.));
#10322=DIRECTION('',(1.,0.,0.));
#10323=DIRECTION('',(0.,0.,1.));
#10324=DIRECTION('',(1.,0.,0.));
#10325=DIRECTION('',(0.,0.,1.));
#10326=DIRECTION('',(0.,1.,0.));
#10327=DIRECTION('',(0.,0.,1.));
#10328=DIRECTION('',(0.,-1.,0.));
#10329=DIRECTION('',(0.,0.,-1.));
#10330=DIRECTION('',(0.,1.,0.));
#10331=DIRECTION('',(0.,0.,1.));
#10332=DIRECTION('',(1.,0.,0.));
#10333=DIRECTION('',(0.,0.,1.));
#10334=DIRECTION('',(0.,1.,0.));
#10335=DIRECTION('',(0.,0.,1.));
#10336=DIRECTION('',(0.,1.,0.));
#10337=DIRECTION('',(0.,0.,1.));
#10338=DIRECTION('',(1.,0.,0.));
#10339=DIRECTION('',(0.,0.,1.));
#10340=DIRECTION('',(-1.,0.,0.));
#10341=DIRECTION('',(0.,0.,-1.));
#10342=DIRECTION('',(0.,0.,-1.));
#10343=DIRECTION('',(0.,1.,0.));
#10344=DIRECTION('',(0.,0.,-1.));
#10345=DIRECTION('',(0.,1.,0.));
#10346=DIRECTION('',(0.,0.,-1.));
#10347=DIRECTION('',(0.,1.,0.));
#10348=DIRECTION('',(0.707106781186548,0.707106781186547,0.));
#10349=DIRECTION('',(-0.707106781186547,0.707106781186548,0.));
#10350=DIRECTION('',(0.707106781186548,-0.707106781186547,0.));
#10351=DIRECTION('',(0.707106781186547,0.707106781186548,0.));
#10352=DIRECTION('',(-1.,0.,-2.4093381610789E-015));
#10353=DIRECTION('',(2.52980506913284E-015,0.,-1.));
#10354=DIRECTION('',(3.37307342551046E-015,-1.04339016854879E-029,1.));
#10355=DIRECTION('',(-1.,0.,4.33680868994202E-015));
#10356=DIRECTION('',(-3.37307342551046E-015,1.05342276632329E-029,-1.));
#10357=DIRECTION('',(1.,0.,-4.33680868994202E-015));
#10358=DIRECTION('',(0.,0.,1.));
#10359=DIRECTION('',(0.,-1.,0.));
#10360=DIRECTION('',(1.02039440175546E-032,-1.,-2.01237312862816E-063));
#10361=DIRECTION('',(1.97215226305253E-031,2.96868294081372E-078,1.));
#10362=DIRECTION('',(1.02039440175546E-032,-1.,-2.01237312862816E-063));
#10363=DIRECTION('',(1.97215226305253E-031,2.96868294081372E-078,1.));
#10364=DIRECTION('',(-1.,-1.02039440175546E-032,1.97215226305253E-031));
#10365=DIRECTION('',(0.,0.,1.));
#10366=DIRECTION('',(0.,1.,0.));
#10367=DIRECTION('',(-0.173648177666932,-7.41479656455836E-018,-0.984807753012208));
#10368=DIRECTION('',(0.,1.,0.));
#10369=DIRECTION('',(0.,1.,0.));
#10370=DIRECTION('',(-0.173648177666932,-7.41479656455836E-018,-0.984807753012208));
#10371=DIRECTION('',(0.,1.,0.));
#10372=DIRECTION('',(-0.173648177666932,-7.41479656455836E-018,-0.984807753012208));
#10373=DIRECTION('',(0.,1.,-7.48099499014998E-018));
#10374=DIRECTION('',(-1.,0.,0.));
#10375=DIRECTION('',(0.,0.,1.));
#10376=DIRECTION('',(1.,0.,0.));
#10377=DIRECTION('',(0.,-1.,0.));
#10378=DIRECTION('',(0.,0.,1.));
#10379=DIRECTION('',(1.,0.,0.));
#10380=DIRECTION('',(0.985030467155704,-0.172380331752248,0.));
#10381=DIRECTION('',(1.,0.,0.));
#10382=DIRECTION('',(0.,-1.,0.));
#10383=DIRECTION('',(-1.,0.,0.));
#10384=DIRECTION('',(0.,-1.,7.70988211545248E-018));
#10385=DIRECTION('',(-1.,0.,0.));
#10386=DIRECTION('',(0.,0.,1.));
#10387=DIRECTION('',(1.,0.,0.));
#10388=DIRECTION('',(0.,1.,0.));
#10389=DIRECTION('',(0.,0.,-1.));
#10390=DIRECTION('',(-1.,0.,0.));
#10391=DIRECTION('',(1.,0.,0.));
#10392=DIRECTION('',(-1.,0.,0.));
#10393=DIRECTION('',(0.,-1.,7.70988211545248E-018));
#10394=DIRECTION('',(-1.,0.,0.));
#10395=DIRECTION('',(0.,1.,0.));
#10396=DIRECTION('',(-1.,0.,0.));
#10397=DIRECTION('',(-0.985030467155704,0.172380331752248,0.));
#10398=DIRECTION('',(0.,0.,-1.));
#10399=DIRECTION('',(-1.,0.,0.));
#10400=DIRECTION('',(0.,0.,-1.));
#10401=DIRECTION('',(-1.,0.,0.));
#10402=DIRECTION('',(0.,0.,-1.));
#10403=DIRECTION('',(0.,0.,1.));
#10404=DIRECTION('',(1.,0.,0.));
#10405=DIRECTION('',(0.,0.,-1.));
#10406=DIRECTION('',(-0.172380331752248,0.985030467155704,0.));
#10407=DIRECTION('',(-0.985030467155704,-0.172380331752248,0.));
#10408=DIRECTION('',(-1.,0.,0.));
#10409=DIRECTION('',(-1.,0.,0.));
#10410=DIRECTION('',(0.,1.,0.));
#10411=DIRECTION('',(-1.,0.,0.));
#10412=DIRECTION('',(0.,1.,0.));
#10413=DIRECTION('',(-0.172380331752248,0.985030467155704,0.));
#10414=DIRECTION('',(-0.985030467155704,-0.172380331752248,0.));
#10415=DIRECTION('',(-1.,0.,0.));
#10416=DIRECTION('',(0.,1.,0.));
#10417=DIRECTION('',(1.,0.,0.));
#10418=DIRECTION('',(-1.,0.,0.));
#10419=DIRECTION('',(0.,1.,0.));
#10420=DIRECTION('',(0.,1.,2.32902688904294E-015));
#10421=DIRECTION('',(0.,0.,-1.));
#10422=DIRECTION('',(0.,1.,2.34408525254968E-015));
#10423=DIRECTION('',(0.,0.,1.));
#10424=DIRECTION('',(1.,0.,0.));
#10425=DIRECTION('',(0.,-1.,0.));
#10426=DIRECTION('',(0.,-2.34290668463255E-015,1.));
#10427=DIRECTION('',(0.,-1.,-2.43945488809239E-015));
#10428=DIRECTION('',(0.,-2.34290668463255E-015,1.));
#10429=DIRECTION('',(0.,-1.,-2.43945488809239E-015));
#10430=DIRECTION('',(0.985030467155704,-0.172380331752248,-1.97574851904106E-015));
#10431=DIRECTION('',(-1.,0.,0.));
#10432=DIRECTION('',(0.,1.,2.32902688904294E-015));
#10433=DIRECTION('',(0.,-2.34290668463255E-015,1.));
#10434=DIRECTION('',(0.,1.,2.34290668463255E-015));
#10435=DIRECTION('',(0.,2.34290668463255E-015,-1.));
#10436=DIRECTION('',(0.,1.,2.3039296165317E-015));
#10437=DIRECTION('',(0.,1.,2.34408525254968E-015));
#10438=DIRECTION('',(1.,0.,0.));
#10439=DIRECTION('',(-0.985030467155704,0.172380331752248,4.0387103156152E-016));
#10440=DIRECTION('',(0.,2.34290668463255E-015,-1.));
#10441=DIRECTION('',(0.,1.,2.3039296165317E-015));
#10442=DIRECTION('',(0.,2.34290668463255E-015,-1.));
#10443=DIRECTION('',(0.,-1.,-2.34290668463255E-015));
#10444=DIRECTION('',(0.,0.,1.));
#10445=DIRECTION('',(0.,0.,1.));
#10446=DIRECTION('',(0.,1.,0.));
#10447=DIRECTION('',(0.,0.,1.));
#10448=DIRECTION('',(0.,0.,1.));
#10449=DIRECTION('',(1.,0.,0.));
#10450=DIRECTION('',(0.,0.,-1.));
#10451=DIRECTION('',(0.,7.70988211545248E-018,1.));
#10452=DIRECTION('',(0.,1.,0.));
#10453=DIRECTION('',(0.,0.,1.));
#10454=DIRECTION('',(0.,0.,1.));
#10455=DIRECTION('',(0.,2.34290668463255E-015,-1.));
#10456=DIRECTION('',(-1.,0.,0.));
#10457=DIRECTION('',(0.,1.,0.));
#10458=DIRECTION('',(0.,2.71050543121376E-015,-1.));
#10459=DIRECTION('',(-1.,0.,0.));
#10460=DIRECTION('',(0.,1.,0.));
#10461=DIRECTION('',(1.54886024640786E-014,-2.71050543121376E-015,1.));
#10462=DIRECTION('',(0.,1.,2.71050543121376E-015));
#10463=DIRECTION('',(0.,2.71050543121376E-015,-1.));
#10464=DIRECTION('',(0.,-1.,7.52918175337156E-018));
#10465=DIRECTION('',(1.,0.,0.));
#10466=DIRECTION('',(-0.984807753012208,1.30742869079608E-018,0.173648177666931));
#10467=DIRECTION('',(0.,-1.,7.52918175337156E-018));
#10468=DIRECTION('',(1.,0.,0.));
#10469=DIRECTION('',(0.,1.,-7.52918175337156E-018));
#10470=DIRECTION('',(-1.,0.,0.));
#10471=DIRECTION('',(0.,7.70988211545248E-018,1.));
#10472=DIRECTION('',(0.,-1.,7.52918175337156E-018));
#10473=DIRECTION('',(1.,0.,0.));
#10474=DIRECTION('',(0.984807753012208,-1.30742869079608E-018,-0.173648177666931));
#10475=DIRECTION('',(0.,-1.,7.52918175337156E-018));
#10476=DIRECTION('',(1.,0.,0.));
#10477=DIRECTION('',(0.,-1.,7.52918175337156E-018));
#10478=DIRECTION('',(1.,0.,0.));
#10479=DIRECTION('',(0.,-1.,7.52918175337156E-018));
#10480=DIRECTION('',(0.,-1.,7.52918175337156E-018));
#10481=DIRECTION('',(1.,0.,0.));
#10482=DIRECTION('',(0.,1.,-7.52918175337156E-018));
#10483=DIRECTION('',(0.,-1.,7.52918175337156E-018));
#10484=DIRECTION('',(1.,0.,0.));
#10485=DIRECTION('',(-0.173648177666932,-7.41479656455836E-018,-0.984807753012208));
#10486=DIRECTION('',(-0.984807753012208,1.30742869079608E-018,0.173648177666932));
#10487=DIRECTION('',(-0.173648177666932,-7.41479656455836E-018,-0.984807753012208));
#10488=DIRECTION('',(0.,1.,-7.52918175337156E-018));
#10489=DIRECTION('',(-1.,0.,0.));
#10490=DIRECTION('',(0.,-1.,7.52918175337156E-018));
#10491=DIRECTION('',(-0.173648177666932,-7.41479656455836E-018,-0.984807753012208));
#10492=DIRECTION('',(-0.984807753012208,1.30742869079608E-018,0.173648177666932));
#10493=DIRECTION('',(-0.173648177666932,-7.37257477290143E-018,-0.984807753012208));
#10494=DIRECTION('',(-0.173648177666932,-7.41479656455836E-018,-0.984807753012208));
#10495=DIRECTION('',(0.,1.,-7.52918175337156E-018));
#10496=DIRECTION('',(0.984807753012208,-1.30742869079608E-018,-0.173648177666932));
#10497=DIRECTION('',(0.173648177666932,7.41479656455836E-018,0.984807753012208));
#10498=DIRECTION('',(-1.,0.,0.));
#10499=DIRECTION('',(0.,1.,0.));
#10500=DIRECTION('',(0.,-2.3351968025171E-015,1.));
#10501=DIRECTION('',(-1.,0.,0.));
#10502=DIRECTION('',(0.,1.,0.));
#10503=DIRECTION('',(1.,0.,0.));
#10504=DIRECTION('',(0.,-1.,7.69783542464708E-018));
#10505=DIRECTION('',(-1.,0.,0.));
#10506=DIRECTION('',(0.,1.,0.));
#10507=DIRECTION('',(0.,2.3351968025171E-015,-1.));
#10508=DIRECTION('',(-1.,0.,0.));
#10509=DIRECTION('',(0.,1.,0.));
#10510=DIRECTION('',(-1.,0.,0.));
#10511=DIRECTION('',(0.,1.,-7.69783542464708E-018));
#10512=DIRECTION('',(-1.,0.,0.));
#10513=DIRECTION('',(-1.,0.,0.));
#10514=DIRECTION('',(0.,1.,0.));
#10515=DIRECTION('',(1.,0.,0.));
#10516=DIRECTION('',(-1.,0.,0.));
#10517=DIRECTION('',(0.,1.,0.));
#10518=DIRECTION('',(0.,1.,2.33637537043423E-015));
#10519=DIRECTION('',(0.,-2.70279554909831E-015,1.));
#10520=DIRECTION('',(0.,1.,2.32131700692748E-015));
#10521=DIRECTION('',(1.,0.,0.));
#10522=DIRECTION('',(0.,-1.,7.69783542464708E-018));
#10523=DIRECTION('',(-1.,0.,0.));
#10524=DIRECTION('',(0.,1.,2.32131700692748E-015));
#10525=DIRECTION('',(0.,-2.3351968025171E-015,1.));
#10526=DIRECTION('',(0.,1.,2.3352088492079E-015));
#10527=DIRECTION('',(0.,1.,2.33637537043423E-015));
#10528=DIRECTION('',(1.,0.,0.));
#10529=DIRECTION('',(0.,2.3351968025171E-015,-1.));
#10530=DIRECTION('',(0.,-1.,-2.3352088492079E-015));
#10531=DIRECTION('',(0.,2.70279554909831E-015,-1.));
#10532=DIRECTION('',(0.,1.,2.70279554909831E-015));
#10533=DIRECTION('',(0.,2.70280759578911E-015,-1.));
#10534=DIRECTION('',(-0.173648177666932,-7.41479656455836E-018,-0.984807753012208));
#10535=DIRECTION('',(0.,1.,0.));
#10536=DIRECTION('',(-0.984807753012208,-2.34159925594175E-015,0.173648177666932));
#10537=DIRECTION('',(-0.173648177666932,-7.41479656455836E-018,-0.984807753012208));
#10538=DIRECTION('',(0.,1.,0.));
#10539=DIRECTION('',(0.173648177666932,7.41479656455836E-018,0.984807753012208));
#10540=DIRECTION('',(0.,-1.,7.53520509877426E-018));
#10541=DIRECTION('',(-0.173648177666932,-7.41479656455836E-018,-0.984807753012208));
#10542=DIRECTION('',(-0.173648177666932,0.,-0.984807753012208));
#10543=DIRECTION('',(0.984807753012208,0.,-0.173648177666932));
#10544=DIRECTION('',(-0.173648177666932,-7.41479656455836E-018,-0.984807753012208));
#10545=DIRECTION('',(0.,1.,0.));
#10546=DIRECTION('',(-0.173648177666932,-7.41479656455836E-018,-0.984807753012208));
#10547=DIRECTION('',(0.,1.,0.));
#10548=DIRECTION('',(0.173648177666932,7.41479656455836E-018,0.984807753012208));
#10549=DIRECTION('',(-0.173648177666932,-7.41479656455836E-018,-0.984807753012208));
#10550=DIRECTION('',(0.,1.,0.));
#10551=DIRECTION('',(-2.3084733304325E-015,1.,3.9951695064781E-016));
#10552=DIRECTION('',(-0.984807753012208,-2.70919800252297E-015,0.173648177666932));
#10553=DIRECTION('',(-2.29364373730339E-015,1.,3.96902093266217E-016));
#10554=DIRECTION('',(0.173648177666932,7.41479656455836E-018,0.984807753012208));
#10555=DIRECTION('',(0.,-1.,7.53520509877426E-018));
#10556=DIRECTION('',(-0.173648177666932,-7.41479656455836E-018,-0.984807753012208));
#10557=DIRECTION('',(-2.29364373730339E-015,1.,3.96902093266217E-016));
#10558=DIRECTION('',(-0.984807753012208,-2.34159925594175E-015,0.173648177666932));
#10559=DIRECTION('',(-2.30739906348365E-015,1.,3.99311660126411E-016));
#10560=DIRECTION('',(-2.3084733304325E-015,1.,3.9951695064781E-016));
#10561=DIRECTION('',(0.173648177666932,7.41479656455836E-018,0.984807753012208));
#10562=DIRECTION('',(0.984807753012208,2.34159925594175E-015,-0.173648177666932));
#10563=DIRECTION('',(2.30739906348365E-015,-1.,-3.99311660126411E-016));
#10564=DIRECTION('',(0.984807753012208,2.70919800252297E-015,-0.173648177666932));
#10565=DIRECTION('',(-2.66932676324101E-015,1.,4.63145146933219E-016));
#10566=DIRECTION('',(0.984807753012208,2.70920438860678E-015,-0.173648177666932));
#10567=DIRECTION('',(0.,-1.,-2.32902688904294E-015));
#10568=DIRECTION('',(-1.,0.,0.));
#10569=DIRECTION('',(0.984807753012208,4.04431275019589E-016,-0.173648177666932));
#10570=DIRECTION('',(0.,-1.,-2.32902688904294E-015));
#10571=DIRECTION('',(-1.,0.,0.));
#10572=DIRECTION('',(0.,-1.,-2.32902688904294E-015));
#10573=DIRECTION('',(-1.,0.,0.));
#10574=DIRECTION('',(0.,-1.,-2.32902688904294E-015));
#10575=DIRECTION('',(-1.,0.,0.));
#10576=DIRECTION('',(-0.984807753012208,-4.04431275019589E-016,0.173648177666932));
#10577=DIRECTION('',(0.,-1.,-2.32902688904294E-015));
#10578=DIRECTION('',(-1.,0.,0.));
#10579=DIRECTION('',(0.,1.,2.32902688904294E-015));
#10580=DIRECTION('',(1.,0.,0.));
#10581=DIRECTION('',(0.,1.,2.32902688904294E-015));
#10582=DIRECTION('',(0.,1.,2.32902688904294E-015));
#10583=DIRECTION('',(1.,0.,0.));
#10584=DIRECTION('',(0.,-1.,-2.32902688904294E-015));
#10585=DIRECTION('',(0.,1.,2.32902688904294E-015));
#10586=DIRECTION('',(1.,0.,0.));
#10587=DIRECTION('',(-0.173648177666932,2.29364373730339E-015,-0.984807753012208));
#10588=DIRECTION('',(0.984807753012208,4.04431275019589E-016,-0.173648177666932));
#10589=DIRECTION('',(-0.173648177666932,2.29364373730339E-015,-0.984807753012208));
#10590=DIRECTION('',(0.,-1.,-2.32902688904294E-015));
#10591=DIRECTION('',(-1.,0.,0.));
#10592=DIRECTION('',(-0.173648177666932,2.29364373730339E-015,-0.984807753012208));
#10593=DIRECTION('',(-0.984807753012208,-4.04431275019589E-016,0.173648177666932));
#10594=DIRECTION('',(-0.173648177666932,2.29364373730339E-015,-0.984807753012208));
#10595=DIRECTION('',(0.,1.,2.32902688904294E-015));
#10596=DIRECTION('',(1.,0.,0.));
#10597=DIRECTION('',(0.,1.,2.32902688904294E-015));
#10598=DIRECTION('',(0.984807753012208,4.04431275019589E-016,-0.173648177666932));
#10599=DIRECTION('',(-0.173648177666932,2.29364373730339E-015,-0.984807753012208));
#10600=DIRECTION('',(0.,-1.,-2.32902688904294E-015));
#10601=DIRECTION('',(-0.984807753012208,-4.04431275019589E-016,0.173648177666932));
#10602=DIRECTION('',(0.173648177666932,-2.29362969589308E-015,0.984807753012208));
#10603=DIRECTION('',(-0.173648177666932,2.29364373730339E-015,-0.984807753012208));
#10604=DIRECTION('',(-0.984807753012208,-4.04431275019589E-016,0.173648177666932));
#10605=DIRECTION('',(0.,0.,-1.));
#10606=DIRECTION('',(-0.172380331752248,-0.985030467155704,0.));
#10607=DIRECTION('',(0.985030467155704,-0.172380331752248,0.));
#10608=DIRECTION('',(0.,0.,1.));
#10609=DIRECTION('',(0.,0.,1.));
#10610=DIRECTION('',(0.172380331752248,-0.985030467155704,0.));
#10611=DIRECTION('',(0.985030467155704,0.172380331752248,0.));
#10612=DIRECTION('',(0.,0.,-1.));
#10613=DIRECTION('',(-0.172380331752248,-0.985030467155704,0.));
#10614=DIRECTION('',(0.985030467155704,-0.172380331752248,0.));
#10615=DIRECTION('',(2.27866579239747E-016,1.,-4.77082076750827E-017));
#10616=DIRECTION('',(0.173648177666931,0.,0.984807753012208));
#10617=DIRECTION('',(1.97215226305253E-031,4.77082076750827E-017,1.));
#10618=DIRECTION('',(2.27866579239747E-016,1.,-4.77082076750827E-017));
#10619=DIRECTION('',(0.173648177666931,0.,0.984807753012208));
#10620=DIRECTION('',(2.27866579239747E-016,1.,-4.77082076750827E-017));
#10621=DIRECTION('',(0.173648177666932,7.37257477290143E-018,0.984807753012208));
#10622=DIRECTION('',(0.,1.,0.));
#10623=DIRECTION('',(2.27866579239747E-016,1.,-4.77082076750827E-017));
#10624=DIRECTION('',(1.,-2.25875452601147E-016,0.));
#10625=DIRECTION('',(2.27866579239747E-016,1.,-4.77082076750827E-017));
#10626=DIRECTION('',(2.27866579239747E-016,1.,-4.77082076750827E-017));
#10627=DIRECTION('',(0.173648177666931,0.,0.984807753012208));
#10628=DIRECTION('',(0.,1.,0.));
#10629=DIRECTION('',(2.27866579239747E-016,1.,-4.77082076750827E-017));
#10630=DIRECTION('',(0.173648177666931,0.,0.984807753012208));
#10631=DIRECTION('',(0.,1.,0.));
#10632=DIRECTION('',(-2.27866579239747E-016,-1.,4.77082076750827E-017));
#10633=DIRECTION('',(2.27866579239747E-016,1.,-4.77082076750827E-017));
#10634=DIRECTION('',(0.173648177666931,0.,0.984807753012208));
#10635=DIRECTION('',(5.55111512312578E-016,5.64688631502867E-018,1.));
#10636=DIRECTION('',(-1.,2.27866579239747E-016,-1.38777878078145E-016));
#10637=DIRECTION('',(1.97215226305253E-031,2.96868294081372E-078,1.));
#10638=DIRECTION('',(-1.,2.27866579239747E-016,1.11022302462516E-016));
#10639=DIRECTION('',(-2.27866579239747E-016,-1.,4.77082076750827E-017));
#10640=DIRECTION('',(-0.173648177666932,-7.41479656455839E-018,-0.984807753012208));
#10641=DIRECTION('',(1.88079096131566E-033,-1.,-5.64688631502866E-018));
#10642=DIRECTION('',(-2.77555756156289E-017,4.77082076750827E-017,1.));
#10643=DIRECTION('',(0.,1.,0.));
#10644=DIRECTION('',(1.,1.97754009222198E-093,3.33066907387547E-016));
#10645=DIRECTION('',(1.02039440175546E-032,-1.,-2.01237312862816E-063));
#10646=DIRECTION('',(-2.77555756156289E-017,4.77082076750827E-017,1.));
#10647=DIRECTION('',(0.,1.,0.));
#10648=DIRECTION('',(-1.,2.27866579239747E-016,-2.77555756156289E-017));
#10649=DIRECTION('',(0.,-1.,0.));
#10650=DIRECTION('',(1.02039440175546E-032,-1.,-2.01237312862816E-063));
#10651=DIRECTION('',(-2.77555756156289E-017,4.77082076750827E-017,1.));
#10652=DIRECTION('',(0.,1.,0.));
#10653=DIRECTION('',(1.02039440175546E-032,-1.,-2.01237312862816E-063));
#10654=DIRECTION('',(-2.77555756156289E-017,4.77082076750827E-017,1.));
#10655=DIRECTION('',(0.,1.,0.));
#10656=DIRECTION('',(-1.,0.,0.));
#10657=DIRECTION('',(1.02039440175546E-032,-1.,-2.01237312862816E-063));
#10658=DIRECTION('',(1.,0.,3.33066907387547E-016));
#10659=DIRECTION('',(-2.77555756156289E-017,4.77082076750827E-017,1.));
#10660=DIRECTION('',(0.,1.,0.));
#10661=DIRECTION('',(1.88079096131566E-033,1.,-5.64688631502866E-018));
#10662=DIRECTION('',(-2.77555756156289E-017,4.77082076750827E-017,1.));
#10663=DIRECTION('',(0.,1.,0.));
#10664=DIRECTION('',(1.,0.,3.33066907387547E-016));
#10665=DIRECTION('',(1.02039440175546E-032,-1.,-2.01237312862816E-063));
#10666=DIRECTION('',(1.,1.97754009222198E-093,3.33066907387547E-016));
#10667=DIRECTION('',(-2.77555756156289E-017,4.77082076750827E-017,1.));
#10668=DIRECTION('',(0.,1.,0.));
#10669=DIRECTION('',(2.77555756156289E-017,-4.77082076750827E-017,-1.));
#10670=DIRECTION('',(-1.,2.27866579239747E-016,-2.77555756156289E-017));
#10671=DIRECTION('',(1.,1.97754009222198E-093,3.33066907387547E-016));
#10672=DIRECTION('',(2.77555756156289E-017,-4.77082076750827E-017,-1.));
#10673=DIRECTION('',(0.,-1.,0.));
#10674=DIRECTION('',(1.88079096131566E-033,-1.,-5.64688631502866E-018));
#10675=DIRECTION('',(2.77555756156289E-017,-4.77082076750827E-017,-1.));
#10676=DIRECTION('',(0.,-1.,0.));
#10677=DIRECTION('',(1.,1.97754009222198E-093,3.33066907387547E-016));
#10678=DIRECTION('',(1.02039440175546E-032,-1.,-2.01237312862816E-063));
#10679=DIRECTION('',(1.,0.,3.33066907387547E-016));
#10680=DIRECTION('',(2.77555756156289E-017,-4.77082076750827E-017,-1.));
#10681=DIRECTION('',(0.,-1.,0.));
#10682=DIRECTION('',(1.88079096131566E-033,1.,-5.64688631502866E-018));
#10683=DIRECTION('',(2.77555756156289E-017,-4.77082076750827E-017,-1.));
#10684=DIRECTION('',(0.,-1.,0.));
#10685=DIRECTION('',(1.,0.,3.33066907387547E-016));
#10686=DIRECTION('',(1.02039440175546E-032,-1.,-2.01237312862816E-063));
#10687=DIRECTION('',(-1.,0.,0.));
#10688=DIRECTION('',(2.77555756156289E-017,-4.77082076750827E-017,-1.));
#10689=DIRECTION('',(0.,-1.,0.));
#10690=DIRECTION('',(1.02039440175546E-032,-1.,-2.01237312862816E-063));
#10691=DIRECTION('',(2.77555756156289E-017,-4.77082076750827E-017,-1.));
#10692=DIRECTION('',(0.,-1.,0.));
#10693=DIRECTION('',(1.02039440175546E-032,-1.,-2.01237312862816E-063));
#10694=DIRECTION('',(-1.,2.27866579239747E-016,-1.38777878078145E-016));
#10695=DIRECTION('',(2.77555756156289E-017,-4.77082076750827E-017,-1.));
#10696=DIRECTION('',(0.,-1.,0.));
#10697=DIRECTION('',(1.02039440175546E-032,-1.,-2.01237312862816E-063));
#10698=DIRECTION('',(-2.77555756156289E-017,4.77082076750827E-017,1.));
#10699=DIRECTION('',(1.,-2.27899296656453E-016,2.77555756156289E-017));
#10700=DIRECTION('',(-1.97215226305253E-031,-4.77082076750827E-017,-1.));
#10701=DIRECTION('',(-1.,-1.02039440175546E-032,1.97215226305253E-031));
#10702=DIRECTION('',(0.,0.,-1.));
#10703=DIRECTION('',(1.02039440175546E-032,-1.,-5.64688631502866E-018));
#10704=DIRECTION('',(-1.,-1.02039440175546E-032,1.97215226305253E-031));
#10705=DIRECTION('',(0.,0.,-1.));
#10706=DIRECTION('',(-1.,-1.02039440175546E-032,1.97215226305253E-031));
#10707=DIRECTION('',(0.,0.,-1.));
#10708=DIRECTION('',(1.02039440175546E-032,-1.,5.64688631502866E-018));
#10709=DIRECTION('',(-1.,-1.02039440175546E-032,1.97215226305253E-031));
#10710=DIRECTION('',(0.,0.,-1.));
#10711=DIRECTION('',(1.97215226305253E-031,2.96868294081372E-078,1.));
#10712=DIRECTION('',(1.02039440175546E-032,-1.,-2.01237312862816E-063));
#10713=DIRECTION('',(1.02039440175546E-032,-1.,-2.01237312862816E-063));
#10714=DIRECTION('',(1.,1.02039440175546E-032,-1.97215226305253E-031));
#10715=DIRECTION('',(0.,0.,-1.));
#10716=DIRECTION('',(0.,1.,-2.96868294081371E-078));
#10717=DIRECTION('',(0.,0.,1.));
#10718=DIRECTION('',(-1.97215226305253E-031,-2.96868294081372E-078,-1.));
#10719=DIRECTION('',(-1.,-1.02039440175546E-032,1.97215226305253E-031));
#10720=DIRECTION('',(0.,0.,1.));
#10721=DIRECTION('',(-1.92557389226507E-015,1.,3.32001448800778E-016));
#10722=DIRECTION('',(-0.173648177666932,0.,-0.984807753012208));
#10723=DIRECTION('',(1.66533453693773E-016,-3.32001448800778E-016,1.));
#10724=DIRECTION('',(-1.92557389226507E-015,1.,3.32001448800778E-016));
#10725=DIRECTION('',(-0.173648177666935,0.,-0.98480775301221));
#10726=DIRECTION('',(-1.92557389226507E-015,1.,3.32001448800778E-016));
#10727=DIRECTION('',(-0.173648177666932,-7.37257477290143E-018,-0.984807753012208));
#10728=DIRECTION('',(1.92557389226507E-015,-1.,-3.32001448800778E-016));
#10729=DIRECTION('',(-2.27866579239747E-016,-1.,4.77082076750827E-017));
#10730=DIRECTION('',(1.,-2.27866579239747E-016,0.));
#10731=DIRECTION('',(1.92557389226507E-015,-1.,-3.32001448800778E-016));
#10732=DIRECTION('',(0.173648177666935,7.41479656455877E-018,0.984807753012208));
#10733=DIRECTION('',(2.27866579239747E-016,1.,-4.77082076750827E-017));
#10734=DIRECTION('',(1.,-1.80700362080917E-016,0.));
#10735=DIRECTION('',(1.92557389226507E-015,-1.,-3.32001448800778E-016));
#10736=DIRECTION('',(3.26023133406502E-018,-1.,5.64688631502867E-018));
#10737=DIRECTION('',(0.,5.64688631502867E-018,1.));
#10738=DIRECTION('',(-1.92557389226507E-015,1.,3.32001448800778E-016));
#10739=DIRECTION('',(1.92557389226507E-015,-1.,-3.32001448800778E-016));
#10740=DIRECTION('',(0.173648177666932,7.41479656455877E-018,0.984807753012208));
#10741=DIRECTION('',(-1.,-1.92557389226507E-015,1.66533453693773E-016));
#10742=DIRECTION('',(1.66533453693773E-016,-3.32001448800778E-016,1.));
#10743=DIRECTION('',(-1.,-1.92557389226507E-015,1.66533453693773E-016));
#10744=DIRECTION('',(-1.92557389226507E-015,1.,3.32001448800778E-016));
#10745=DIRECTION('',(-0.173648177666932,-7.37257477290143E-018,-0.984807753012208));
#10746=DIRECTION('',(1.92557389226507E-015,-1.,-3.32001448800778E-016));
#10747=DIRECTION('',(1.,-2.27866579239747E-016,-1.66533453693774E-016));
#10748=DIRECTION('',(1.66533453693773E-016,-3.32001448800778E-016,1.));
#10749=DIRECTION('',(-1.,-1.92554305833426E-015,1.66533453693773E-016));
#10750=DIRECTION('',(-1.84297826333767E-031,-1.,-3.32001448800778E-016));
#10751=DIRECTION('',(-1.,2.27866579239747E-016,1.66533453693774E-016));
#10752=DIRECTION('',(-1.92557389226507E-015,1.,3.32001448800778E-016));
#10753=DIRECTION('',(1.,3.26023133406502E-018,-1.66533453693773E-016));
#10754=DIRECTION('',(-1.66533453693773E-016,3.32001448800778E-016,-1.));
#10755=DIRECTION('',(1.,1.92557389226507E-015,-1.66533453693773E-016));
#10756=DIRECTION('',(-1.,-1.92557389226507E-015,1.66533453693773E-016));
#10757=DIRECTION('',(3.46944695195361E-015,-1.,0.));
#10758=DIRECTION('',(-1.,-1.92557389226507E-015,1.66533453693773E-016));
#10759=DIRECTION('',(-1.66533453693773E-016,3.31982705215061E-016,-1.));
#10760=DIRECTION('',(0.984807753012208,-1.30742869079608E-018,-0.173648177666932));
#10761=DIRECTION('',(0.173648177666931,0.,0.984807753012208));
#10762=DIRECTION('',(0.984807753012208,0.,-0.173648177666932));
#10763=DIRECTION('',(0.173648177666931,0.,0.984807753012208));
#10764=DIRECTION('',(0.984807753012208,0.,-0.173648177666932));
#10765=DIRECTION('',(5.55111512312578E-016,5.64688631502867E-018,1.));
#10766=DIRECTION('',(1.,-2.27866579239747E-016,2.77555756156289E-017));
#10767=DIRECTION('',(-2.27866579239747E-016,-1.,4.77082076750827E-017));
#10768=DIRECTION('',(1.,-1.59441495953751E-016,0.));
#10769=DIRECTION('',(2.27866579239747E-016,1.,-4.77082076750827E-017));
#10770=DIRECTION('',(1.,-1.74871318142823E-016,0.));
#10771=DIRECTION('',(-1.,2.27866579239747E-016,1.66533453693774E-016));
#10772=DIRECTION('',(-2.27866579239747E-016,-1.,4.77082076750827E-017));
#10773=DIRECTION('',(-0.173648177666932,-7.42678488152571E-018,-0.984807753012208));
#10774=DIRECTION('',(5.55111512312578E-016,5.64688631502867E-018,1.));
#10775=DIRECTION('',(1.,0.,-5.55111512312578E-016));
#10776=DIRECTION('',(-5.55111512312578E-016,0.,-1.));
#10777=DIRECTION('',(-1.,0.,5.55111512312578E-016));
#10778=DIRECTION('',(0.,0.,1.));
#10779=DIRECTION('',(-1.,0.,5.55111512312578E-016));
#10780=DIRECTION('',(0.,0.,1.));
#10781=DIRECTION('',(5.55111512312578E-016,5.64688631502867E-018,1.));
#10782=DIRECTION('',(-1.,0.,5.55111512312578E-016));
#10783=DIRECTION('',(5.55111512312578E-016,0.,1.));
#10784=DIRECTION('',(-3.26023133406502E-018,1.,-5.64688631502867E-018));
#10785=DIRECTION('',(0.,5.64688631502867E-018,1.));
#10786=DIRECTION('',(1.,0.,0.));
#10787=DIRECTION('',(0.,0.,-1.));
#10788=DIRECTION('',(-1.,2.27866579239747E-016,1.66533453693774E-016));
#10789=DIRECTION('',(0.,-1.,0.));
#10790=DIRECTION('',(-2.27866579239747E-016,-1.,4.77082076750827E-017));
#10791=DIRECTION('',(1.,-2.27866579239747E-016,0.));
#10792=DIRECTION('',(-1.,0.,0.));
#10793=DIRECTION('',(0.,0.,1.));
#10794=DIRECTION('',(-2.27866579239747E-016,-1.,4.77082076750827E-017));
#10795=DIRECTION('',(1.,-2.25875452601147E-016,0.));
#10796=DIRECTION('',(1.,-2.27866579239747E-016,2.77555756156289E-017));
#10797=DIRECTION('',(0.,1.,0.));
#10798=DIRECTION('',(1.97215226305253E-031,2.96868294081372E-078,1.));
#10799=DIRECTION('',(1.97215226305253E-031,2.96868294081372E-078,1.));
#10800=DIRECTION('',(-1.,-1.02039440175546E-032,1.97215226305253E-031));
#10801=DIRECTION('',(0.,0.,1.));
#10802=DIRECTION('',(1.88079096131566E-033,1.,-5.64688631502866E-018));
#10803=DIRECTION('',(3.33066907387547E-016,-5.64688631502866E-018,-1.));
#10804=DIRECTION('',(-1.,0.,-5.42101086242752E-016));
#10805=DIRECTION('',(3.33066907387547E-016,-5.64688631502866E-018,-1.));
#10806=DIRECTION('',(-1.,0.,-5.42101086242752E-016));
#10807=DIRECTION('',(3.33066907387547E-016,-5.64688631502866E-018,-1.));
#10808=DIRECTION('',(-1.,0.,-3.33066907387547E-016));
#10809=DIRECTION('',(1.21284432647113E-032,-1.,5.64688631502866E-018));
#10810=DIRECTION('',(-3.33066907387547E-016,5.64688631502866E-018,1.));
#10811=DIRECTION('',(1.00000000000002,0.,0.));
#10812=DIRECTION('',(1.,1.72405838120602E-033,3.33066907387547E-016));
#10813=DIRECTION('',(-3.33066907387547E-016,5.64688631502866E-018,1.));
#10814=DIRECTION('',(0.999999999999998,0.,0.));
#10815=DIRECTION('',(1.88079096131566E-033,1.,-5.64688631502866E-018));
#10816=DIRECTION('',(-3.33066907387547E-016,5.64688631502866E-018,1.));
#10817=DIRECTION('',(0.999999999999998,0.,0.));
#10818=DIRECTION('',(-1.,-1.72405838120602E-033,-3.33066907387547E-016));
#10819=DIRECTION('',(-3.33066907387547E-016,5.64688631502866E-018,1.));
#10820=DIRECTION('',(1.00000000000002,0.,0.));
#10821=DIRECTION('',(-3.33066907387547E-016,5.64688631502866E-018,1.));
#10822=DIRECTION('',(1.,0.,3.33066907387547E-016));
#10823=DIRECTION('',(1.88079096131566E-033,-1.,-5.64688631502866E-018));
#10824=DIRECTION('',(3.33066907387547E-016,5.64688631502866E-018,-1.));
#10825=DIRECTION('',(-1.,0.,-5.42101086242752E-016));
#10826=DIRECTION('',(3.33066907387547E-016,5.64688631502866E-018,-1.));
#10827=DIRECTION('',(-1.,0.,-5.42101086242752E-016));
#10828=DIRECTION('',(3.33066907387547E-016,5.64688631502866E-018,-1.));
#10829=DIRECTION('',(-1.,0.,-3.33066907387547E-016));
#10830=DIRECTION('',(1.96516071099739E-032,-1.,-5.64688631502866E-018));
#10831=DIRECTION('',(-3.33066907387547E-016,-5.64688631502866E-018,1.));
#10832=DIRECTION('',(1.00000000000002,0.,0.));
#10833=DIRECTION('',(1.,-1.72405838120602E-033,3.33066907387547E-016));
#10834=DIRECTION('',(-3.33066907387547E-016,-5.64688631502866E-018,1.));
#10835=DIRECTION('',(0.999999999999998,0.,0.));
#10836=DIRECTION('',(-1.88079096131566E-033,1.,5.64688631502866E-018));
#10837=DIRECTION('',(-3.33066907387547E-016,-5.64688631502866E-018,1.));
#10838=DIRECTION('',(0.999999999999998,0.,0.));
#10839=DIRECTION('',(-1.,1.72405838120602E-033,-3.33066907387547E-016));
#10840=DIRECTION('',(-3.33066907387547E-016,-5.64688631502866E-018,1.));
#10841=DIRECTION('',(1.00000000000002,0.,0.));
#10842=DIRECTION('',(-3.33066907387547E-016,-5.64688631502866E-018,1.));
#10843=DIRECTION('',(1.,0.,3.33066907387547E-016));
#10844=DIRECTION('',(3.33066907387547E-016,-5.64688631502866E-018,-1.));
#10845=DIRECTION('',(0.99999999999999,0.,0.));
#10846=DIRECTION('',(1.,1.72405838120602E-033,3.33066907387547E-016));
#10847=DIRECTION('',(-1.,-1.72405838120602E-033,-3.33066907387547E-016));
#10848=DIRECTION('',(3.33066907387547E-016,-5.64688631502866E-018,-1.));
#10849=DIRECTION('',(0.99999999999999,0.,0.));
#10850=DIRECTION('',(-1.21284432647113E-032,1.,-5.64688631502866E-018));
#10851=DIRECTION('',(-3.33066907387547E-016,5.64688631502866E-018,1.));
#10852=DIRECTION('',(1.,0.,3.33066907387547E-016));
#10853=DIRECTION('',(3.33066907387547E-016,5.64688631502866E-018,-1.));
#10854=DIRECTION('',(1.00000000000001,0.,0.));
#10855=DIRECTION('',(1.,-1.72405838120602E-033,3.33066907387547E-016));
#10856=DIRECTION('',(-1.,1.72405838120602E-033,-3.33066907387547E-016));
#10857=DIRECTION('',(3.33066907387547E-016,5.64688631502866E-018,-1.));
#10858=DIRECTION('',(1.00000000000001,0.,0.));
#10859=DIRECTION('',(-1.96516071099739E-032,1.,5.64688631502866E-018));
#10860=DIRECTION('',(-3.33066907387547E-016,-5.64688631502866E-018,1.));
#10861=DIRECTION('',(1.,0.,3.33066907387547E-016));
#10862=DIRECTION('',(0.,-1.,0.));
#10863=DIRECTION('',(0.,0.,-1.));
#10864=DIRECTION('',(-1.,0.,0.));
#10865=DIRECTION('',(0.,0.,1.));
#10866=DIRECTION('',(-1.,0.,0.));
#10867=DIRECTION('',(0.,0.,1.));
#10868=DIRECTION('',(1.,0.,2.77555756156289E-017));
#10869=DIRECTION('',(0.,0.,-1.));
#10870=DIRECTION('',(0.,-1.,0.));
#10871=DIRECTION('',(0.,0.,-1.));
#10872=DIRECTION('',(1.88079096131566E-033,1.,-5.64688631502866E-018));
#10873=DIRECTION('',(0.,0.,1.));
#10874=DIRECTION('',(0.,-1.,0.));
#10875=DIRECTION('',(0.,0.,-1.));
#10876=DIRECTION('',(-1.,0.,0.));
#10877=DIRECTION('',(0.,0.,1.));
#10878=DIRECTION('',(0.,-1.,0.));
#10879=DIRECTION('',(0.,0.,-1.));
#10880=DIRECTION('',(1.88079096131566E-033,1.,-4.77082076750827E-017));
#10881=DIRECTION('',(0.,0.,1.));
#10882=DIRECTION('',(-1.,0.,0.));
#10883=DIRECTION('',(0.,0.,1.));
#10884=DIRECTION('',(-1.,0.,-2.77555756156289E-017));
#10885=DIRECTION('',(0.,0.,1.));
#10886=DIRECTION('',(0.,-1.,0.));
#10887=DIRECTION('',(0.,0.,-1.));
#10888=DIRECTION('',(-1.,0.,0.));
#10889=DIRECTION('',(0.,0.,1.));
#10890=DIRECTION('',(-1.,0.,0.));
#10891=DIRECTION('',(0.,0.,1.));
#10892=DIRECTION('',(1.,1.64795007685165E-094,2.77555756156289E-017));
#10893=DIRECTION('',(0.,0.,-1.));
#10894=DIRECTION('',(0.,-1.,0.));
#10895=DIRECTION('',(0.,0.,-1.));
#10896=DIRECTION('',(-1.88079096131566E-033,1.,5.64688631502866E-018));
#10897=DIRECTION('',(0.,0.,1.));
#10898=DIRECTION('',(0.,-1.,0.));
#10899=DIRECTION('',(0.,0.,-1.));
#10900=DIRECTION('',(-1.,0.,0.));
#10901=DIRECTION('',(0.,0.,1.));
#10902=DIRECTION('',(0.,-1.,0.));
#10903=DIRECTION('',(0.,0.,-1.));
#10904=DIRECTION('',(-1.88079096131566E-033,1.,-4.77082076750827E-017));
#10905=DIRECTION('',(0.,0.,1.));
#10906=DIRECTION('',(-1.,0.,0.));
#10907=DIRECTION('',(0.,0.,1.));
#10908=DIRECTION('',(-1.,-1.64795007685165E-094,-2.77555756156289E-017));
#10909=DIRECTION('',(0.,0.,1.));
#10910=DIRECTION('',(-1.,0.,0.));
#10911=DIRECTION('',(0.,0.,-1.));
#10912=DIRECTION('',(1.,1.64795007685165E-094,2.77555756156289E-017));
#10913=DIRECTION('',(0.,0.,-1.));
#10914=DIRECTION('',(0.,1.,0.));
#10915=DIRECTION('',(0.,0.,-1.));
#10916=DIRECTION('',(0.,-1.,0.));
#10917=DIRECTION('',(0.,0.,-1.));
#10918=DIRECTION('',(1.88079096131566E-033,-1.,4.77082076750827E-017));
#10919=DIRECTION('',(0.,0.,-1.));
#10920=DIRECTION('',(-1.,0.,0.));
#10921=DIRECTION('',(0.,0.,1.));
#10922=DIRECTION('',(-1.,-1.64795007685165E-094,-2.77555756156289E-017));
#10923=DIRECTION('',(0.,0.,1.));
#10924=DIRECTION('',(-1.,0.,0.));
#10925=DIRECTION('',(0.,0.,-1.));
#10926=DIRECTION('',(1.,0.,2.77555756156289E-017));
#10927=DIRECTION('',(0.,0.,-1.));
#10928=DIRECTION('',(0.,1.,0.));
#10929=DIRECTION('',(0.,0.,-1.));
#10930=DIRECTION('',(0.,-1.,0.));
#10931=DIRECTION('',(0.,0.,-1.));
#10932=DIRECTION('',(-1.88079096131566E-033,-1.,4.77082076750827E-017));
#10933=DIRECTION('',(0.,0.,-1.));
#10934=DIRECTION('',(-1.,0.,0.));
#10935=DIRECTION('',(0.,0.,1.));
#10936=DIRECTION('',(-1.,0.,-2.77555756156289E-017));
#10937=DIRECTION('',(0.,0.,1.));
#10938=DIRECTION('',(-1.97215226305253E-031,-2.96868294081372E-078,-1.));
#10939=DIRECTION('',(-1.,0.,0.));
#10940=DIRECTION('',(-1.97215226305253E-031,-2.96868294081372E-078,-1.));
#10941=DIRECTION('',(-1.,0.,0.));
#10942=DIRECTION('',(-1.97215226305253E-031,-4.77082076750827E-017,-1.));
#10943=DIRECTION('',(0.,1.,0.));
#10944=DIRECTION('',(0.,0.,1.));
#10945=DIRECTION('',(1.,0.,0.));
#10946=DIRECTION('',(0.,0.,-1.));
#10947=DIRECTION('',(-1.,0.,0.));
#10948=DIRECTION('',(0.,0.,1.));
#10949=DIRECTION('',(1.,0.,0.));
#10950=DIRECTION('',(0.,0.,-1.));
#10951=DIRECTION('',(-1.,0.,0.));
#10952=DIRECTION('',(1.,0.,0.));
#10953=DIRECTION('',(0.,0.,-0.999999999999994));
#10954=DIRECTION('',(1.,0.,0.));
#10955=DIRECTION('',(0.,0.,-0.999999999999994));
#10956=DIRECTION('',(1.,0.,0.));
#10957=DIRECTION('',(0.,-1.,0.));
#10958=DIRECTION('',(1.,0.,0.));
#10959=DIRECTION('',(0.,-1.,0.));
#10960=DIRECTION('',(1.,0.,0.));
#10961=DIRECTION('',(0.,-1.,0.));
#10962=DIRECTION('',(0.,1.,0.));
#10963=DIRECTION('',(1.,0.,0.));
#10964=DIRECTION('',(0.,0.,1.));
#10965=DIRECTION('',(0.,1.,0.));
#10966=DIRECTION('',(0.,7.70988211545248E-018,1.));
#10967=DIRECTION('',(-1.,0.,0.));
#10968=DIRECTION('',(0.,0.,1.));
#10969=DIRECTION('',(0.,-1.,7.52918175337156E-018));
#10970=DIRECTION('',(1.,0.,0.));
#10971=DIRECTION('',(0.,1.,0.));
#10972=DIRECTION('',(0.,-1.,7.52918175337156E-018));
#10973=DIRECTION('',(1.,0.,0.));
#10974=DIRECTION('',(0.,1.,0.));
#10975=DIRECTION('',(0.,0.,1.));
#10976=DIRECTION('',(0.,1.,0.));
#10977=DIRECTION('',(-0.173648177666931,0.,-0.984807753012208));
#10978=DIRECTION('',(0.984807753012208,0.,-0.173648177666931));
#10979=DIRECTION('',(0.984807753012208,-1.30742869079608E-018,-0.173648177666931));
#10980=DIRECTION('',(0.173648177666931,0.,0.984807753012208));
#10981=DIRECTION('',(0.984807753012208,0.,-0.173648177666931));
#10982=DIRECTION('',(0.,-1.,7.52918175337156E-018));
#10983=DIRECTION('',(0.,-7.49977088714745E-018,-1.));
#10984=DIRECTION('',(0.,-1.,7.52918175337156E-018));
#10985=DIRECTION('',(1.,0.,0.));
#10986=DIRECTION('',(0.,1.,0.));
#10987=DIRECTION('',(0.,0.,1.));
#10988=DIRECTION('',(0.,-1.,7.52918175337156E-018));
#10989=DIRECTION('',(1.,0.,0.));
#10990=DIRECTION('',(0.,-1.,7.52918175337156E-018));
#10991=DIRECTION('',(0.,-7.54388718648361E-018,-1.));
#10992=DIRECTION('',(0.,-5.20417042793042E-016,-1.));
#10993=DIRECTION('',(-1.,0.,0.));
#10994=DIRECTION('',(0.,0.,1.));
#10995=DIRECTION('',(1.,0.,0.));
#10996=DIRECTION('',(0.,0.,1.));
#10997=DIRECTION('',(0.,-2.76817575953746E-016,-1.));
#10998=DIRECTION('',(1.,0.,0.));
#10999=DIRECTION('',(0.,0.,1.));
#11000=DIRECTION('',(0.,1.,0.));
#11001=DIRECTION('',(1.,0.,0.));
#11002=DIRECTION('',(0.,0.,1.));
#11003=DIRECTION('',(0.,4.53852072203234E-016,1.));
#11004=DIRECTION('',(1.,0.,0.));
#11005=DIRECTION('',(0.,0.,1.));
#11006=DIRECTION('',(-1.,0.,0.));
#11007=DIRECTION('',(0.,0.,1.));
#11008=DIRECTION('',(0.,5.20417042793042E-016,1.));
#11009=DIRECTION('',(-1.,0.,0.));
#11010=DIRECTION('',(0.,0.,1.));
#11011=DIRECTION('',(1.,0.,0.));
#11012=DIRECTION('',(0.,0.,1.));
#11013=DIRECTION('',(0.,5.4210108624275E-016,1.));
#11014=DIRECTION('',(1.,0.,0.));
#11015=DIRECTION('',(0.,0.,1.));
#11016=DIRECTION('',(0.,-1.,-1.20466908053945E-016));
#11017=DIRECTION('',(1.,0.,0.));
#11018=DIRECTION('',(0.,0.,1.));
#11019=DIRECTION('',(0.,0.,-1.));
#11020=DIRECTION('',(1.,0.,0.));
#11021=DIRECTION('',(0.,0.,1.));
#11022=DIRECTION('',(-1.,0.,0.));
#11023=DIRECTION('',(0.,0.,1.));
#11024=DIRECTION('',(1.,0.,0.));
#11025=DIRECTION('',(0.,0.,1.));
#11026=DIRECTION('',(-1.,0.,0.));
#11027=DIRECTION('',(0.,0.,-1.));
#11028=DIRECTION('',(-1.,0.,0.));
#11029=DIRECTION('',(1.,0.,0.));
#11030=DIRECTION('',(1.,0.,0.));
#11031=DIRECTION('',(0.,0.,1.));
#11032=DIRECTION('',(0.,-1.,0.));
#11033=DIRECTION('',(1.,0.,0.));
#11034=DIRECTION('',(0.,0.,-1.));
#11035=DIRECTION('',(1.,0.,0.));
#11036=DIRECTION('',(-1.,0.,0.));
#11037=DIRECTION('',(0.,0.,-1.));
#11038=DIRECTION('',(-1.,0.,0.));
#11039=DIRECTION('',(1.,0.,0.));
#11040=DIRECTION('',(0.,0.,1.));
#11041=DIRECTION('',(0.,-4.53852072203234E-016,-1.));
#11042=DIRECTION('',(1.,0.,0.));
#11043=DIRECTION('',(0.,1.,-4.53852072203234E-016));
#11044=DIRECTION('',(0.,-4.53630188967935E-016,-1.));
#11045=DIRECTION('',(-1.,0.,0.));
#11046=DIRECTION('',(0.,0.,-1.));
#11047=DIRECTION('',(-1.,0.,0.));
#11048=DIRECTION('',(1.,0.,0.));
#11049=DIRECTION('',(0.,0.,1.));
#11050=DIRECTION('',(1.,0.,0.));
#11051=DIRECTION('',(0.,0.,-1.));
#11052=DIRECTION('',(-1.,0.,0.));
#11053=DIRECTION('',(-1.,0.,0.));
#11054=DIRECTION('',(0.,0.,-1.));
#11055=DIRECTION('',(0.,-5.20417042793042E-016,-1.));
#11056=DIRECTION('',(1.,0.,0.));
#11057=DIRECTION('',(0.,1.,-5.20417042793042E-016));
#11058=DIRECTION('',(0.,-5.20417042793042E-016,-1.));
#11059=DIRECTION('',(1.,0.,0.));
#11060=DIRECTION('',(0.,0.,-1.));
#11061=DIRECTION('',(-1.,0.,0.));
#11062=DIRECTION('',(-1.,0.,0.));
#11063=DIRECTION('',(0.,0.,-1.));
#11064=DIRECTION('',(-1.,0.,0.));
#11065=DIRECTION('',(0.,0.,-1.));
#11066=DIRECTION('',(-1.,0.,0.));
#11067=DIRECTION('',(1.,0.,0.));
#11068=DIRECTION('',(0.,0.,1.));
#11069=DIRECTION('',(0.,-5.4210108624275E-016,-1.));
#11070=DIRECTION('',(1.,0.,0.));
#11071=DIRECTION('',(0.,1.,-5.4210108624275E-016));
#11072=DIRECTION('',(0.,-5.42101086242752E-016,-1.));
#11073=DIRECTION('',(-1.,0.,0.));
#11074=DIRECTION('',(0.,0.,-1.));
#11075=DIRECTION('',(-1.,0.,0.));
#11076=DIRECTION('',(1.,0.,0.));
#11077=DIRECTION('',(0.,0.,1.));
#11078=DIRECTION('',(0.,1.,1.20466908053945E-016));
#11079=DIRECTION('',(1.,0.,0.));
#11080=DIRECTION('',(0.,-1.20466908053945E-016,1.));
#11081=DIRECTION('',(0.,1.,1.2045486136314E-016));
#11082=DIRECTION('',(-1.,0.,0.));
#11083=DIRECTION('',(0.,0.,-1.));
#11084=DIRECTION('',(-1.,0.,0.));
#11085=DIRECTION('',(1.,0.,0.));
#11086=DIRECTION('',(0.,0.,1.));
#11087=DIRECTION('',(0.,0.,1.));
#11088=DIRECTION('',(1.,0.,0.));
#11089=DIRECTION('',(0.,-1.,0.));
#11090=DIRECTION('',(-1.,0.,0.));
#11091=DIRECTION('',(-1.,0.,0.));
#11092=DIRECTION('',(0.,0.,-1.));
#11093=DIRECTION('',(-1.,0.,0.));
#11094=DIRECTION('',(1.,0.,0.));
#11095=DIRECTION('',(0.,0.,1.));
#11096=DIRECTION('',(1.,0.,0.));
#11097=DIRECTION('',(0.,0.,-1.));
#11098=DIRECTION('',(-1.,0.,0.));
#11099=DIRECTION('',(-1.,0.,0.));
#11100=DIRECTION('',(0.,0.,-1.));
#11101=DIRECTION('',(0.,5.20417042793042E-016,1.));
#11102=DIRECTION('',(1.,0.,0.));
#11103=DIRECTION('',(0.,-1.,5.20417042793042E-016));
#11104=DIRECTION('',(0.,5.20417042793042E-016,1.));
#11105=DIRECTION('',(1.,0.,0.));
#11106=DIRECTION('',(0.,0.,-1.));
#11107=DIRECTION('',(-1.,0.,0.));
#11108=DIRECTION('',(-1.,0.,0.));
#11109=DIRECTION('',(0.,0.,-1.));
#11110=DIRECTION('',(-1.,0.,0.));
#11111=DIRECTION('',(0.,0.,-1.));
#11112=DIRECTION('',(-1.,0.,0.));
#11113=DIRECTION('',(1.,0.,0.));
#11114=DIRECTION('',(0.,0.,1.));
#11115=DIRECTION('',(0.,2.76817575953746E-016,1.));
#11116=DIRECTION('',(0.,-1.,2.76817575953746E-016));
#11117=DIRECTION('',(0.,2.76796814635549E-016,1.));
#11118=DIRECTION('',(0.,-1.,0.));
#11119=DIRECTION('',(-1.,0.,0.));
#11120=DIRECTION('',(0.,-1.,0.));
#11121=DIRECTION('',(0.,-0.707106781186547,-0.707106781186547));
#11122=DIRECTION('',(0.,-0.707106781186547,0.707106781186547));
#11123=DIRECTION('',(0.,1.,0.));
#11124=DIRECTION('',(0.,-1.,0.));
#11125=DIRECTION('',(-1.,0.,0.));
#11126=DIRECTION('',(1.,0.,0.));
#11127=DIRECTION('',(1.,0.,0.));
#11128=DIRECTION('',(0.,-1.,0.));
#11129=DIRECTION('',(0.,0.,-1.));
#11130=DIRECTION('',(1.,0.,0.));
#11131=DIRECTION('',(1.,0.,0.));
#11132=DIRECTION('',(0.,0.,-1.));
#11133=DIRECTION('',(0.,0.,-1.));
#11134=DIRECTION('',(0.,1.,0.));
#11135=DIRECTION('',(1.,0.,0.));
#11136=DIRECTION('',(0.,0.,1.));
#11137=DIRECTION('',(-1.,0.,0.));
#11138=DIRECTION('',(0.,0.,1.));
#11139=DIRECTION('',(0.,0.,-1.));
#11140=DIRECTION('',(1.,0.,0.));
#11141=DIRECTION('',(0.,0.,-1.));
#11142=DIRECTION('',(0.,-1.,0.));
#11143=DIRECTION('',(0.,0.,-1.));
#11144=DIRECTION('',(0.,1.,-1.39897054514259E-016));
#11145=DIRECTION('',(0.,0.,-1.));
#11146=DIRECTION('',(0.,1.,0.));
#11147=DIRECTION('',(0.,0.,-1.));
#11148=DIRECTION('',(0.,1.,-1.39897054514259E-016));
#11149=DIRECTION('',(0.,0.,1.));
#11150=DIRECTION('',(0.,1.,-1.80700362080917E-016));
#11151=DIRECTION('',(0.,0.,-1.));
#11152=DIRECTION('',(0.,-1.,0.));
#11153=DIRECTION('',(0.,0.,-1.));
#11154=DIRECTION('',(0.,-1.,0.));
#11155=DIRECTION('',(0.,0.,-1.));
#11156=DIRECTION('',(0.,1.,0.));
#11157=DIRECTION('',(0.,0.,-1.));
#11158=DIRECTION('',(0.,-1.,0.));
#11159=DIRECTION('',(0.,0.,-1.));
#11160=DIRECTION('',(0.,-1.,0.));
#11161=DIRECTION('',(-1.,0.,0.));
#11162=DIRECTION('',(0.,0.,-1.));
#11163=DIRECTION('',(0.,0.,-1.));
#11164=DIRECTION('',(1.,0.,0.));
#11165=DIRECTION('',(0.,0.,-1.));
#11166=DIRECTION('',(0.,-0.707106781186547,0.707106781186547));
#11167=DIRECTION('',(0.,0.707106781186547,0.707106781186547));
#11168=DIRECTION('',(0.,0.,1.));
#11169=DIRECTION('',(0.,0.,-1.));
#11170=DIRECTION('',(1.,0.,0.));
#11171=DIRECTION('',(-1.,0.,0.));
#11172=DIRECTION('',(-1.,0.,0.));
#11173=DIRECTION('',(0.,0.,-1.));
#11174=DIRECTION('',(0.,1.,0.));
#11175=DIRECTION('',(1.,0.,0.));
#11176=DIRECTION('',(-1.,0.,0.));
#11177=DIRECTION('',(0.,1.,0.));
#11178=DIRECTION('',(0.,1.,0.));
#11179=DIRECTION('',(0.,0.,1.));
#11180=DIRECTION('',(-1.,0.,0.));
#11181=DIRECTION('',(0.,-1.,0.));
#11182=DIRECTION('',(-1.,0.,0.));
#11183=DIRECTION('',(0.,-1.,0.));
#11184=DIRECTION('',(0.,1.,0.));
#11185=DIRECTION('',(1.,0.,0.));
#11186=DIRECTION('',(0.,-1.,0.));
#11187=DIRECTION('',(0.,0.,-1.));
#11188=DIRECTION('',(0.,1.,0.));
#11189=DIRECTION('',(0.,0.,1.));
#11190=DIRECTION('',(0.,1.,0.));
#11191=DIRECTION('',(0.,0.,-1.));
#11192=DIRECTION('',(1.,0.,0.));
#11193=DIRECTION('',(0.,0.,1.));
#11194=DIRECTION('',(0.,-1.,0.));
#11195=DIRECTION('',(0.,0.,1.));
#11196=DIRECTION('',(0.,1.,0.));
#11197=DIRECTION('',(0.,0.,-1.));
#11198=DIRECTION('',(0.,-1.,0.));
#11199=DIRECTION('',(0.,0.,1.));
#11200=DIRECTION('',(1.,0.,0.));
#11201=DIRECTION('',(0.,0.,1.));
#11202=DIRECTION('',(0.,0.,-1.));
#11203=DIRECTION('',(1.,0.,0.));
#11204=DIRECTION('',(-1.,0.,0.));
#11205=DIRECTION('',(0.,-1.,0.));
#11206=DIRECTION('',(-1.,0.,0.));
#11207=DIRECTION('',(0.,1.,0.));
#11208=DIRECTION('',(1.,0.,0.));
#11209=DIRECTION('',(0.,0.,-1.));
#11210=DIRECTION('',(1.,0.,0.));
#11211=DIRECTION('',(1.,0.,0.));
#11212=DIRECTION('',(0.,1.,-1.80700362080917E-016));
#11213=DIRECTION('',(1.,0.,0.));
#11214=DIRECTION('',(0.,-1.80700362080917E-016,-1.));
#11215=DIRECTION('',(0.,-1.,1.80682292044709E-016));
#11216=DIRECTION('',(0.,0.,-1.));
#11217=DIRECTION('',(0.,-1.,0.));
#11218=DIRECTION('',(-1.,0.,0.));
#11219=DIRECTION('',(1.,0.,0.));
#11220=DIRECTION('',(0.,0.,1.));
#11221=DIRECTION('',(0.,1.,0.));
#11222=DIRECTION('',(1.,0.,0.));
#11223=DIRECTION('',(0.,1.,0.));
#11224=DIRECTION('',(1.,0.,0.));
#11225=DIRECTION('',(-1.,0.,0.));
#11226=DIRECTION('',(0.,0.,-1.));
#11227=DIRECTION('',(1.,0.,0.));
#11228=DIRECTION('',(0.,0.,1.));
#11229=DIRECTION('',(1.,0.,0.));
#11230=DIRECTION('',(0.,1.,0.));
#11231=DIRECTION('',(1.,0.,0.));
#11232=DIRECTION('',(0.,0.,-1.));
#11233=DIRECTION('',(1.,0.,0.));
#11234=DIRECTION('',(-1.,0.,0.));
#11235=DIRECTION('',(0.,-1.,0.));
#11236=DIRECTION('',(-1.,0.,0.));
#11237=DIRECTION('',(0.,1.,0.));
#11238=DIRECTION('',(-1.,0.,0.));
#11239=DIRECTION('',(0.,0.,-1.));
#11240=DIRECTION('',(1.,0.,0.));
#11241=DIRECTION('',(0.,0.,1.));
#11242=DIRECTION('',(-1.,0.,0.));
#11243=DIRECTION('',(0.,1.,0.));
#11244=DIRECTION('',(1.,0.,0.));
#11245=DIRECTION('',(0.,-1.,0.));
#11246=DIRECTION('',(0.,0.,1.));
#11247=DIRECTION('',(-1.,0.,0.));
#11248=DIRECTION('',(0.,0.,-1.));
#11249=DIRECTION('',(-1.,0.,0.));
#11250=DIRECTION('',(-1.,0.,0.));
#11251=DIRECTION('',(0.,-1.,0.));
#11252=DIRECTION('',(-1.,0.,0.));
#11253=DIRECTION('',(0.,0.,1.));
#11254=DIRECTION('',(1.,0.,0.));
#11255=DIRECTION('',(-1.,0.,0.));
#11256=DIRECTION('',(0.,1.,0.));
#11257=DIRECTION('',(1.,0.,0.));
#11258=DIRECTION('',(0.,-1.,0.));
#11259=DIRECTION('',(0.,0.,1.));
#11260=DIRECTION('',(-1.,0.,0.));
#11261=DIRECTION('',(-1.,0.,0.));
#11262=DIRECTION('',(0.,0.,-1.));
#11263=DIRECTION('',(1.,0.,0.));
#11264=DIRECTION('',(0.,-1.,0.));
#11265=DIRECTION('',(-1.,0.,0.));
#11266=DIRECTION('',(0.,1.,-1.39897054514259E-016));
#11267=DIRECTION('',(0.,-1.39897054514259E-016,-1.));
#11268=DIRECTION('',(0.,-1.,1.3986208025063E-016));
#11269=DIRECTION('',(0.,-1.,0.));
#11270=DIRECTION('',(0.,1.,0.));
#11271=DIRECTION('',(1.,0.,0.));
#11272=DIRECTION('',(0.,0.,1.));
#11273=DIRECTION('',(-1.,0.,0.));
#11274=DIRECTION('',(0.,0.,-1.));
#11275=DIRECTION('',(0.,0.,1.));
#11276=DIRECTION('',(0.,-1.,0.));
#11277=DIRECTION('',(-1.,0.,0.));
#11278=DIRECTION('',(0.,1.,-1.39897054514259E-016));
#11279=DIRECTION('',(0.,-1.39897054514259E-016,-1.));
#11280=DIRECTION('',(0.,-1.,1.3986208025063E-016));
#11281=DIRECTION('',(0.,-1.,0.));
#11282=DIRECTION('',(0.,0.,1.));
#11283=DIRECTION('',(-1.,0.,0.));
#11284=DIRECTION('',(0.,0.,-1.));
#11285=DIRECTION('',(0.,-1.,0.));
#11286=DIRECTION('',(0.,0.,-1.));
#11287=DIRECTION('',(0.,-1.,0.));
#11288=DIRECTION('',(0.,0.,-1.));
#11289=DIRECTION('',(0.,-1.,0.));
#11290=DIRECTION('',(0.,0.,-1.));
#11291=DIRECTION('',(0.,-1.,0.));
#11292=DIRECTION('',(0.,0.,-1.));
#11293=DIRECTION('',(0.,-1.,0.));
#11294=DIRECTION('',(0.,0.,-1.));
#11295=DIRECTION('',(0.,1.,0.));
#11296=DIRECTION('',(0.,0.,1.));
#11297=DIRECTION('',(0.,-1.,0.));
#11298=DIRECTION('',(0.,0.,1.));
#11299=DIRECTION('',(0.,1.,0.));
#11300=DIRECTION('',(0.,0.,1.));
#11301=DIRECTION('',(0.,-1.,0.));
#11302=DIRECTION('',(0.,0.,1.));
#11303=DIRECTION('',(0.,1.,0.));
#11304=DIRECTION('',(1.,0.,0.));
#11305=DIRECTION('',(0.,0.,1.));
#11306=DIRECTION('',(0.,0.,1.));
#11307=DIRECTION('',(0.,1.,0.));
#11308=DIRECTION('',(1.,0.,0.));
#11309=DIRECTION('',(0.,0.,1.));
#11310=DIRECTION('',(0.,0.,1.));
#11311=DIRECTION('',(-1.,0.,0.));
#11312=DIRECTION('',(1.,0.,0.));
#11313=DIRECTION('',(0.,1.,0.));
#11314=DIRECTION('',(1.,0.,0.));
#11315=DIRECTION('',(-1.,0.,0.));
#11316=DIRECTION('',(0.,0.,-1.));
#11317=DIRECTION('',(-1.,0.,0.));
#11318=DIRECTION('',(0.,-1.,0.));
#11319=DIRECTION('',(-1.,0.,0.));
#11320=DIRECTION('',(-1.,0.,0.));
#11321=DIRECTION('',(0.,-1.,0.));
#11322=DIRECTION('',(0.,0.,1.));
#11323=DIRECTION('',(-1.,0.,0.));
#11324=DIRECTION('',(-1.,0.,0.));
#11325=DIRECTION('',(0.,0.,1.));
#11326=DIRECTION('',(0.,1.,0.));
#11327=DIRECTION('',(1.,0.,0.));
#11328=DIRECTION('',(-1.,0.,0.));
#11329=DIRECTION('',(0.,-1.,0.));
#11330=DIRECTION('',(-1.,0.,0.));
#11331=DIRECTION('',(0.,0.,1.));
#11332=DIRECTION('',(-1.,0.,0.));
#11333=DIRECTION('',(-1.,0.,0.));
#11334=DIRECTION('',(0.,0.,1.));
#11335=DIRECTION('',(0.,1.,0.));
#11336=DIRECTION('',(1.,0.,0.));
#11337=DIRECTION('',(0.,0.,-1.));
#11338=DIRECTION('',(-1.,0.,0.));
#11339=DIRECTION('',(0.,-1.,0.));
#11340=DIRECTION('',(-1.,0.,0.));
#11341=DIRECTION('',(0.,1.,0.));
#11342=DIRECTION('',(0.,0.,-1.));
#11343=DIRECTION('',(1.,0.,0.));
#11344=DIRECTION('',(1.,0.,0.));
#11345=DIRECTION('',(1.,0.,0.));
#11346=DIRECTION('',(0.,0.,-1.));
#11347=DIRECTION('',(-1.,0.,0.));
#11348=DIRECTION('',(-1.,0.,0.));
#11349=DIRECTION('',(0.,0.,-1.));
#11350=DIRECTION('',(0.,0.,1.));
#11351=DIRECTION('',(1.,0.,0.));
#11352=DIRECTION('',(0.,1.,0.));
#11353=DIRECTION('',(1.,0.,0.));
#11354=DIRECTION('',(0.,0.,-1.));
#11355=DIRECTION('',(1.,0.,0.));
#11356=DIRECTION('',(0.,0.,1.));
#11357=DIRECTION('',(-1.,0.,0.));
#11358=DIRECTION('',(0.,-1.,0.));
#11359=DIRECTION('',(-1.,0.,0.));
#11360=DIRECTION('',(0.,1.,0.));
#11361=DIRECTION('',(0.,-1.,0.));
#11362=DIRECTION('',(0.,0.,-1.));
#11363=DIRECTION('',(1.,0.,0.));
#11364=DIRECTION('',(0.,1.,0.));
#11365=DIRECTION('',(0.,0.,-1.));
#11366=DIRECTION('',(1.,0.,0.));
#11367=DIRECTION('',(0.,1.,0.));
#11368=DIRECTION('',(0.,0.,-1.));
#11369=DIRECTION('',(1.,0.,0.));
#11370=DIRECTION('',(-1.,0.,0.));
#11371=DIRECTION('',(0.,1.,0.));
#11372=DIRECTION('',(-1.,0.,0.));
#11373=DIRECTION('',(0.,0.,-1.));
#11374=DIRECTION('',(-1.,0.,0.));
#11375=DIRECTION('',(0.,0.,1.));
#11376=DIRECTION('',(-1.,0.,0.));
#11377=DIRECTION('',(0.,1.,0.));
#11378=DIRECTION('',(1.,0.,0.));
#11379=DIRECTION('',(-1.,0.,0.));
#11380=DIRECTION('',(0.,0.,-1.));
#11381=DIRECTION('',(0.,-1.,0.));
#11382=DIRECTION('',(-1.,0.,0.));
#11383=DIRECTION('',(-1.,0.,0.));
#11384=DIRECTION('',(0.,0.,-1.));
#11385=DIRECTION('',(-1.,0.,0.));
#11386=DIRECTION('',(0.,-1.,0.));
#11387=DIRECTION('',(-1.,0.,0.));
#11388=DIRECTION('',(0.,1.,0.));
#11389=DIRECTION('',(-1.,0.,0.));
#11390=DIRECTION('',(0.,0.,-1.));
#11391=DIRECTION('',(-1.,0.,0.));
#11392=DIRECTION('',(0.,0.,1.));
#11393=DIRECTION('',(-1.,0.,0.));
#11394=DIRECTION('',(0.,1.,0.));
#11395=DIRECTION('',(1.,0.,0.));
#11396=DIRECTION('',(0.,-1.,0.));
#11397=DIRECTION('',(0.,0.,1.));
#11398=DIRECTION('',(-1.,0.,0.));
#11399=DIRECTION('',(0.,-1.,0.));
#11400=DIRECTION('',(0.,0.,1.));
#11401=DIRECTION('',(-1.,0.,0.));
#11402=DIRECTION('',(0.,-1.,0.));
#11403=DIRECTION('',(0.,0.,1.));
#11404=DIRECTION('',(-1.,0.,0.));
#11405=DIRECTION('',(-1.,0.,0.));
#11406=DIRECTION('',(0.,0.,-1.));
#11407=DIRECTION('',(-1.,0.,0.));
#11408=DIRECTION('',(0.,0.,-1.));
#11409=DIRECTION('',(0.,4.86784648871043E-016,1.));
#11410=DIRECTION('',(1.,0.,0.));
#11411=DIRECTION('',(0.,0.,-1.00000000000001));
#11412=DIRECTION('',(0.,-1.,0.));
#11413=DIRECTION('',(1.,0.,0.));
#11414=DIRECTION('',(0.,0.,-1.00000000000001));
#11415=DIRECTION('',(0.,-3.1720657846433E-016,-1.));
#11416=DIRECTION('',(1.,0.,0.));
#11417=DIRECTION('',(0.,0.,-1.));
#11418=DIRECTION('',(0.,1.,0.));
#11419=DIRECTION('',(1.,0.,0.));
#11420=DIRECTION('',(0.,0.,-1.));
#11421=DIRECTION('',(-1.,0.,0.));
#11422=DIRECTION('',(0.,0.,-1.));
#11423=DIRECTION('',(0.,1.,0.));
#11424=DIRECTION('',(1.,0.,0.));
#11425=DIRECTION('',(0.,0.,1.));
#11426=DIRECTION('',(0.,0.,1.));
#11427=DIRECTION('',(0.,-1.,0.));
#11428=DIRECTION('',(0.,0.,1.));
#11429=DIRECTION('',(1.,0.,0.));
#11430=DIRECTION('',(0.,0.,1.));
#11431=DIRECTION('',(1.,0.,0.));
#11432=DIRECTION('',(0.,0.,1.));
#11433=DIRECTION('',(-0.92847669088526,0.371390676354104,0.));
#11434=DIRECTION('',(0.371390676354104,0.928476690885259,0.));
#11435=DIRECTION('',(0.,0.,1.));
#11436=DIRECTION('',(-0.92847669088526,0.371390676354104,0.));
#11437=DIRECTION('',(0.371390676354104,0.928476690885259,0.));
#11438=DIRECTION('',(0.371390676354104,0.928476690885259,0.));
#11439=DIRECTION('',(-0.371390676354104,-0.928476690885259,0.));
#11440=DIRECTION('',(-0.92847669088526,0.371390676354104,0.));
#11441=DIRECTION('',(0.371390676354104,0.928476690885259,0.));
#11442=DIRECTION('',(0.371390676354103,-0.92847669088526,0.));
#11443=DIRECTION('',(-0.371390676354103,0.92847669088526,0.));
#11444=DIRECTION('',(-0.928476690885259,-0.371390676354103,0.));
#11445=DIRECTION('',(0.371390676354103,-0.92847669088526,0.));
#11446=DIRECTION('',(0.,0.,-1.));
#11447=DIRECTION('',(-0.928476690885259,-0.371390676354103,0.));
#11448=DIRECTION('',(0.371390676354103,-0.92847669088526,0.));
#11449=DIRECTION('',(-0.928476690885259,-0.371390676354103,0.));
#11450=DIRECTION('',(-0.371390676354103,0.92847669088526,0.));
#11451=DIRECTION('',(1.,0.,0.));
#11452=DIRECTION('',(1.,0.,0.));
#11453=DIRECTION('',(0.,0.,-1.00000000000001));
#11454=DIRECTION('',(-1.,0.,0.));
#11455=DIRECTION('',(1.,0.,0.));
#11456=DIRECTION('',(0.,0.,1.00000000000001));
#11457=DIRECTION('',(1.,0.,0.));
#11458=DIRECTION('',(1.,0.,0.));
#11459=DIRECTION('',(0.,0.,-1.));
#11460=DIRECTION('',(-1.,0.,0.));
#11461=DIRECTION('',(1.,0.,0.));
#11462=DIRECTION('',(0.,0.,1.));
#11463=DIRECTION('',(0.,-1.,0.));
#11464=DIRECTION('',(1.,0.,0.));
#11465=DIRECTION('',(0.,0.,1.));
#11466=DIRECTION('',(-1.,0.,0.));
#11467=DIRECTION('',(0.,0.,-1.));
#11468=DIRECTION('',(-1.,0.,0.));
#11469=DIRECTION('',(0.,-1.,0.));
#11470=DIRECTION('',(-1.,0.,0.));
#11471=DIRECTION('',(0.,-1.,0.));
#11472=DIRECTION('',(1.,0.,0.));
#11473=DIRECTION('',(0.,0.,1.));
#11474=DIRECTION('',(-1.,0.,0.));
#11475=DIRECTION('',(0.,0.,-1.));
#11476=DIRECTION('',(1.,0.,0.));
#11477=DIRECTION('',(0.,-1.,0.));
#11478=DIRECTION('',(-1.,0.,0.));
#11479=DIRECTION('',(0.,1.,0.));
#11480=DIRECTION('',(0.,0.,-1.));
#11481=DIRECTION('',(1.,0.,0.));
#11482=DIRECTION('',(1.,0.,0.));
#11483=DIRECTION('',(1.,0.,0.));
#11484=DIRECTION('',(0.,0.,-1.00000000000001));
#11485=DIRECTION('',(-1.,0.,0.));
#11486=DIRECTION('',(-1.,0.,0.));
#11487=DIRECTION('',(0.,0.,-1.00000000000001));
#11488=DIRECTION('',(1.,0.,0.));
#11489=DIRECTION('',(1.,0.,0.));
#11490=DIRECTION('',(0.,0.,-1.00000000000001));
#11491=DIRECTION('',(-1.,0.,0.));
#11492=DIRECTION('',(-1.,0.,0.));
#11493=DIRECTION('',(0.,0.,-1.00000000000001));
#11494=DIRECTION('',(1.,0.,0.));
#11495=DIRECTION('',(1.,0.,0.));
#11496=DIRECTION('',(0.,0.,-1.));
#11497=DIRECTION('',(-1.,0.,0.));
#11498=DIRECTION('',(1.,0.,0.));
#11499=DIRECTION('',(0.,0.,1.));
#11500=DIRECTION('',(0.,-1.,0.));
#11501=DIRECTION('',(1.,0.,0.));
#11502=DIRECTION('',(0.,0.,1.));
#11503=DIRECTION('',(-1.,0.,0.));
#11504=DIRECTION('',(0.,0.,1.));
#11505=DIRECTION('',(-1.,0.,0.));
#11506=DIRECTION('',(0.,1.,0.));
#11507=DIRECTION('',(-1.,0.,0.));
#11508=DIRECTION('',(0.,-1.,0.));
#11509=DIRECTION('',(1.,0.,0.));
#11510=DIRECTION('',(0.,0.,1.));
#11511=DIRECTION('',(-1.,0.,0.));
#11512=DIRECTION('',(0.,0.,1.));
#11513=DIRECTION('',(1.,0.,0.));
#11514=DIRECTION('',(0.,1.,0.));
#11515=DIRECTION('',(-1.,0.,0.));
#11516=DIRECTION('',(1.,0.,0.));
#11517=DIRECTION('',(1.,0.,0.));
#11518=DIRECTION('',(0.,0.,-1.00000000000001));
#11519=DIRECTION('',(-1.,0.,0.));
#11520=DIRECTION('',(1.,0.,0.));
#11521=DIRECTION('',(0.,0.,1.00000000000001));
#11522=DIRECTION('',(0.,1.,0.));
#11523=DIRECTION('',(0.,0.,-1.));
#11524=DIRECTION('',(1.,0.,0.));
#11525=DIRECTION('',(1.,0.,0.));
#11526=DIRECTION('',(1.,0.,0.));
#11527=DIRECTION('',(0.,0.,-1.));
#11528=DIRECTION('',(-1.,0.,0.));
#11529=DIRECTION('',(-1.,0.,0.));
#11530=DIRECTION('',(0.,0.,-1.));
#11531=DIRECTION('',(1.,0.,0.));
#11532=DIRECTION('',(1.,0.,0.));
#11533=DIRECTION('',(0.,0.,-1.));
#11534=DIRECTION('',(-1.,0.,0.));
#11535=DIRECTION('',(-1.,0.,0.));
#11536=DIRECTION('',(0.,0.,-1.));
#11537=DIRECTION('',(1.,0.,0.));
#11538=DIRECTION('',(1.,0.,0.));
#11539=DIRECTION('',(0.,0.,-1.));
#11540=DIRECTION('',(-1.,0.,0.));
#11541=DIRECTION('',(-1.,0.,0.));
#11542=DIRECTION('',(0.,0.,-1.));
#11543=DIRECTION('',(0.,0.,-1.));
#11544=DIRECTION('',(-1.,0.,0.));
#11545=DIRECTION('',(0.,-1.,0.));
#11546=DIRECTION('',(-1.,0.,0.));
#11547=DIRECTION('',(0.,1.,0.));
#11548=DIRECTION('',(-1.,0.,0.));
#11549=DIRECTION('',(0.,0.,-1.));
#11550=DIRECTION('',(1.,0.,0.));
#11551=DIRECTION('',(0.,0.,1.));
#11552=DIRECTION('',(0.,1.,0.));
#11553=DIRECTION('',(1.,0.,0.));
#11554=DIRECTION('',(1.,0.,0.));
#11555=DIRECTION('',(1.,0.,0.));
#11556=DIRECTION('',(0.,0.,-1.));
#11557=DIRECTION('',(-1.,0.,0.));
#11558=DIRECTION('',(-1.,0.,0.));
#11559=DIRECTION('',(0.,0.,-1.));
#11560=DIRECTION('',(0.,-1.,0.));
#11561=DIRECTION('',(0.,-1.,0.));
#11562=DIRECTION('',(0.,0.,1.));
#11563=DIRECTION('',(-1.,0.,0.));
#11564=DIRECTION('',(0.,0.,-1.));
#11565=DIRECTION('',(0.,0.,-1.));
#11566=DIRECTION('',(0.,-1.,0.));
#11567=DIRECTION('',(-1.,0.,0.));
#11568=DIRECTION('',(0.,1.,0.));
#11569=DIRECTION('',(0.,0.,-1.));
#11570=DIRECTION('',(1.,0.,0.));
#11571=DIRECTION('',(0.,0.,1.));
#11572=DIRECTION('',(0.,0.,1.));
#11573=DIRECTION('',(0.,1.,0.));
#11574=DIRECTION('',(1.,0.,0.));
#11575=DIRECTION('',(1.,0.,0.));
#11576=DIRECTION('',(0.,0.,-0.999999999999994));
#11577=DIRECTION('',(-1.,0.,0.));
#11578=DIRECTION('',(0.,0.,-0.999999999999998));
#11579=DIRECTION('',(1.,0.,0.));
#11580=DIRECTION('',(0.,0.,-0.999999999999994));
#11581=DIRECTION('',(-1.,0.,0.));
#11582=DIRECTION('',(0.,0.,-0.999999999999994));
#11583=DIRECTION('',(1.,0.,0.));
#11584=DIRECTION('',(0.,0.,-0.999999999999994));
#11585=DIRECTION('',(-1.,0.,0.));
#11586=DIRECTION('',(0.,0.,-0.999999999999998));
#11587=DIRECTION('',(1.,0.,0.));
#11588=DIRECTION('',(0.,0.,-0.999999999999994));
#11589=DIRECTION('',(-1.,0.,0.));
#11590=DIRECTION('',(0.,0.,-0.999999999999994));
#11591=DIRECTION('',(0.,0.,1.));
#11592=DIRECTION('',(0.,-1.,0.));
#11593=DIRECTION('',(0.,0.,1.));
#11594=DIRECTION('',(0.,1.,0.));
#11595=DIRECTION('',(0.,-1.,0.));
#11596=DIRECTION('',(0.,0.,1.));
#11597=DIRECTION('',(0.,1.,0.));
#11598=DIRECTION('',(0.,0.,1.));
#11599=DIRECTION('',(0.,0.,-1.));
#11600=DIRECTION('',(0.,1.,0.));
#11601=DIRECTION('',(1.,0.,0.));
#11602=DIRECTION('',(0.,0.,-1.));
#11603=DIRECTION('',(0.,0.,-1.));
#11604=DIRECTION('',(0.,1.,0.));
#11605=DIRECTION('',(0.,0.,-1.));
#11606=DIRECTION('',(1.,0.,0.));
#11607=DIRECTION('',(0.,0.,-1.));
#11608=DIRECTION('',(0.,-1.,0.));
#11609=DIRECTION('',(0.,0.,-1.));
#11610=DIRECTION('',(0.,-1.,0.));
#11611=DIRECTION('',(1.,0.,0.));
#11612=DIRECTION('',(0.,0.,1.));
#11613=DIRECTION('',(0.,0.,-1.));
#11614=DIRECTION('',(0.,1.,0.));
#11615=DIRECTION('',(0.,0.,1.));
#11616=DIRECTION('',(0.,1.,0.));
#11617=DIRECTION('',(0.,0.,1.));
#11618=DIRECTION('',(0.,-1.,0.));
#11619=DIRECTION('',(0.,0.,-1.));
#11620=DIRECTION('',(0.,1.,0.));
#11621=DIRECTION('',(0.,0.,-1.));
#11622=DIRECTION('',(0.,1.,0.));
#11623=DIRECTION('',(0.,0.,-1.));
#11624=DIRECTION('',(1.,0.,0.));
#11625=DIRECTION('',(0.,0.,-1.));
#11626=DIRECTION('',(0.,-1.,0.));
#11627=DIRECTION('',(0.,-1.,0.));
#11628=DIRECTION('',(0.,0.,-1.));
#11629=DIRECTION('',(0.,1.,0.));
#11630=DIRECTION('',(0.,0.,1.));
#11631=DIRECTION('',(0.,0.,-1.));
#11632=DIRECTION('',(0.,1.,0.));
#11633=DIRECTION('',(0.,0.,-1.));
#11634=DIRECTION('',(0.,-1.,0.));
#11635=DIRECTION('',(0.,0.,-1.));
#11636=DIRECTION('',(0.,1.,0.));
#11637=DIRECTION('',(0.,0.,-1.));
#11638=DIRECTION('',(0.,-1.,0.));
#11639=DIRECTION('',(-1.,0.,0.));
#11640=DIRECTION('',(0.,0.,-1.));
#11641=DIRECTION('',(0.,1.,0.));
#11642=DIRECTION('',(0.,0.,1.));
#11643=DIRECTION('',(0.,1.,0.));
#11644=DIRECTION('',(0.,0.,1.));
#11645=DIRECTION('',(1.,0.,0.));
#11646=DIRECTION('',(0.,0.,1.));
#11647=DIRECTION('',(1.,0.,0.));
#11648=DIRECTION('',(1.,0.,0.));
#11649=DIRECTION('',(0.,0.,-1.));
#11650=DIRECTION('',(0.,-1.,0.));
#11651=DIRECTION('',(-1.,0.,0.));
#11652=DIRECTION('',(0.,-1.,0.));
#11653=DIRECTION('',(1.,0.,0.));
#11654=DIRECTION('',(0.,0.,-1.));
#11655=DIRECTION('',(1.,0.,0.));
#11656=DIRECTION('',(-1.,0.,0.));
#11657=DIRECTION('',(0.,0.,1.));
#11658=DIRECTION('',(0.,1.,0.));
#11659=DIRECTION('',(1.,0.,0.));
#11660=DIRECTION('',(0.,-1.,0.));
#11661=DIRECTION('',(0.,-1.,0.));
#11662=DIRECTION('',(1.,0.,0.));
#11663=DIRECTION('',(0.,1.,0.));
#11664=DIRECTION('',(1.,0.,0.));
#11665=DIRECTION('',(0.,0.,-1.));
#11666=DIRECTION('',(1.,0.,0.));
#11667=DIRECTION('',(0.,-1.,0.));
#11668=DIRECTION('',(0.,0.,1.));
#11669=DIRECTION('',(0.,-1.,0.));
#11670=DIRECTION('',(0.,0.,1.));
#11671=DIRECTION('',(1.,0.,0.));
#11672=DIRECTION('',(0.,0.,1.));
#11673=DIRECTION('',(0.,0.,-1.));
#11674=DIRECTION('',(0.,1.,0.));
#11675=DIRECTION('',(0.,0.,-1.));
#11676=DIRECTION('',(0.,0.,-1.));
#11677=DIRECTION('',(0.,1.,0.));
#11678=DIRECTION('',(0.,0.,-1.));
#11679=DIRECTION('',(0.,1.,0.));
#11680=DIRECTION('',(1.,0.,0.));
#11681=DIRECTION('',(0.,0.,1.));
#11682=DIRECTION('',(0.,-1.,0.));
#11683=DIRECTION('',(0.,0.,1.));
#11684=DIRECTION('',(0.,-1.,0.));
#11685=DIRECTION('',(0.,0.,1.));
#11686=DIRECTION('',(1.,0.,0.));
#11687=DIRECTION('',(0.,0.,1.));
#11688=DIRECTION('',(0.,0.,-1.));
#11689=DIRECTION('',(0.,1.,0.));
#11690=DIRECTION('',(1.,0.,0.));
#11691=DIRECTION('',(0.,0.,-1.));
#11692=DIRECTION('',(0.,0.,-1.));
#11693=DIRECTION('',(0.,0.,-1.));
#11694=DIRECTION('',(1.,0.,0.));
#11695=DIRECTION('',(0.,0.,1.));
#11696=DIRECTION('',(0.,1.,0.));
#11697=DIRECTION('',(0.,0.,-1.));
#11698=DIRECTION('',(0.,-1.,0.));
#11699=DIRECTION('',(1.,0.,0.));
#11700=DIRECTION('',(0.,0.,1.));
#11701=DIRECTION('',(0.,0.,-1.));
#11702=DIRECTION('',(0.,-1.,0.));
#11703=DIRECTION('',(0.,0.,-1.));
#11704=DIRECTION('',(1.,0.,0.));
#11705=DIRECTION('',(0.,0.,1.));
#11706=DIRECTION('',(0.,1.,0.));
#11707=DIRECTION('',(1.,0.,0.));
#11708=DIRECTION('',(0.,0.,1.));
#11709=DIRECTION('',(0.,1.,0.));
#11710=DIRECTION('',(-1.,0.,0.));
#11711=DIRECTION('',(0.,-1.,0.));
#11712=DIRECTION('',(-1.,0.,0.));
#11713=DIRECTION('',(0.,-1.,0.));
#11714=DIRECTION('',(-1.,0.,0.));
#11715=DIRECTION('',(1.,0.,0.));
#11716=DIRECTION('',(-1.,0.,0.));
#11717=DIRECTION('',(-1.,0.,0.));
#11718=DIRECTION('',(0.,0.,-1.));
#11719=DIRECTION('',(0.,-1.,0.));
#11720=DIRECTION('',(-1.,0.,0.));
#11721=DIRECTION('',(1.,0.,0.));
#11722=DIRECTION('',(-1.,0.,0.));
#11723=DIRECTION('',(-1.,0.,0.));
#11724=DIRECTION('',(0.,0.,-1.));
#11725=DIRECTION('',(0.,-1.,0.));
#11726=DIRECTION('',(-1.,0.,0.));
#11727=DIRECTION('',(0.999444906979154,0.,-0.0333148302326383));
#11728=DIRECTION('',(-0.999444906979154,0.,0.0333148302326383));
#11729=DIRECTION('',(0.999444906979154,0.,-0.0333148302326383));
#11730=DIRECTION('',(0.0333148302326383,0.,0.999444906979157));
#11731=DIRECTION('',(0.999444906979154,0.,-0.0333148302326383));
#11732=DIRECTION('',(-0.0333148302326383,0.,-0.999444906979154));
#11733=DIRECTION('',(0.999444906979154,0.,-0.0333148302326383));
#11734=DIRECTION('',(-1.,0.,0.));
#11735=DIRECTION('',(1.,0.,0.));
#11736=DIRECTION('',(-1.,0.,0.));
#11737=DIRECTION('',(0.,-1.,0.));
#11738=DIRECTION('',(-1.,0.,0.));
#11739=DIRECTION('',(-1.,0.,0.));
#11740=DIRECTION('',(-1.,0.,0.));
#11741=DIRECTION('',(0.,-1.,0.));
#11742=DIRECTION('',(-1.,0.,0.));
#11743=DIRECTION('',(0.,0.,-1.));
#11744=DIRECTION('',(1.,0.,0.));
#11745=DIRECTION('',(1.,0.,0.));
#11746=DIRECTION('',(1.,0.,0.));
#11747=DIRECTION('',(1.,0.,0.));
#11748=DIRECTION('',(0.,1.,0.));
#11749=DIRECTION('',(1.,0.,0.));
#11750=DIRECTION('',(-1.,0.,0.));
#11751=DIRECTION('',(-1.,0.,0.));
#11752=DIRECTION('',(0.,1.,0.));
#11753=DIRECTION('',(1.,0.,0.));
#11754=DIRECTION('',(0.,0.,1.));
#11755=DIRECTION('',(-1.,0.,0.));
#11756=DIRECTION('',(1.,0.,0.));
#11757=DIRECTION('',(0.,0.,-1.));
#11758=DIRECTION('',(1.,0.,0.));
#11759=DIRECTION('',(0.,-1.,0.));
#11760=DIRECTION('',(-1.,0.,0.));
#11761=DIRECTION('',(1.,0.,0.));
#11762=DIRECTION('',(0.,-1.,0.));
#11763=DIRECTION('',(-1.,0.,0.));
#11764=DIRECTION('',(0.,0.,-1.));
#11765=DIRECTION('',(1.,0.,0.));
#11766=DIRECTION('',(1.,0.,0.));
#11767=DIRECTION('',(0.,0.,1.));
#11768=DIRECTION('',(-1.,0.,0.));
#11769=DIRECTION('',(0.999444906979154,0.,-0.0333148302326383));
#11770=DIRECTION('',(-0.999444906979154,0.,0.0333148302326383));
#11771=DIRECTION('',(-0.999444906979154,0.,0.0333148302326383));
#11772=DIRECTION('',(-0.0333148302326383,0.,-0.999444906979157));
#11773=DIRECTION('',(-0.999444906979154,0.,0.0333148302326383));
#11774=DIRECTION('',(0.0333148302326383,0.,0.999444906979154));
#11775=DIRECTION('',(-0.999444906979154,0.,0.0333148302326383));
#11776=DIRECTION('',(1.,0.,0.));
#11777=DIRECTION('',(0.,-1.,0.));
#11778=DIRECTION('',(-1.,0.,0.));
#11779=DIRECTION('',(0.,-1.,0.));
#11780=DIRECTION('',(-1.,0.,0.));
#11781=DIRECTION('',(0.,0.,-1.));
#11782=DIRECTION('',(1.,0.,0.));
#11783=DIRECTION('',(0.,0.,-1.));
#11784=DIRECTION('',(1.,0.,0.));
#11785=DIRECTION('',(0.,-1.,0.));
#11786=DIRECTION('',(0.,0.,1.));
#11787=DIRECTION('',(0.,-1.,0.));
#11788=DIRECTION('',(0.,0.,1.));
#11789=DIRECTION('',(1.,0.,0.));
#11790=DIRECTION('',(0.,0.,1.));
#11791=DIRECTION('',(-1.,0.,0.));
#11792=DIRECTION('',(-1.,0.,0.));
#11793=DIRECTION('',(0.,-1.,0.));
#11794=DIRECTION('',(-1.,0.,0.));
#11795=DIRECTION('',(-1.,0.,0.));
#11796=DIRECTION('',(0.,0.,-1.));
#11797=DIRECTION('',(1.,0.,0.));
#11798=DIRECTION('',(-1.,0.,0.));
#11799=DIRECTION('',(0.,1.,0.));
#11800=DIRECTION('',(1.,0.,0.));
#11801=DIRECTION('',(0.,0.,1.));
#11802=DIRECTION('',(-1.,0.,0.));
#11803=DIRECTION('',(0.,-1.,0.));
#11804=DIRECTION('',(0.,0.,-1.));
#11805=DIRECTION('',(0.,-1.,0.));
#11806=DIRECTION('',(0.,0.,1.));
#11807=DIRECTION('',(1.,0.,0.));
#11808=DIRECTION('',(0.,0.,1.));
#11809=DIRECTION('',(-1.,0.,0.));
#11810=DIRECTION('',(-1.,0.,0.));
#11811=DIRECTION('',(0.,1.,0.));
#11812=DIRECTION('',(1.,0.,0.));
#11813=DIRECTION('',(-1.,0.,0.));
#11814=DIRECTION('',(0.,0.,-1.));
#11815=DIRECTION('',(1.,0.,0.));
#11816=DIRECTION('',(-1.,0.,0.));
#11817=DIRECTION('',(0.,1.,0.));
#11818=DIRECTION('',(1.,0.,0.));
#11819=DIRECTION('',(0.,0.,1.));
#11820=DIRECTION('',(-1.,0.,0.));
#11821=DIRECTION('',(0.,-1.,0.));
#11822=DIRECTION('',(0.,0.,-1.));
#11823=DIRECTION('',(0.,-1.,0.));
#11824=DIRECTION('',(0.,0.,1.));
#11825=DIRECTION('',(1.,0.,0.));
#11826=DIRECTION('',(0.,0.,1.));
#11827=DIRECTION('',(-1.,0.,0.));
#11828=DIRECTION('',(-1.,0.,0.));
#11829=DIRECTION('',(0.,-1.,0.));
#11830=DIRECTION('',(-1.,0.,0.));
#11831=DIRECTION('',(-1.,0.,0.));
#11832=DIRECTION('',(-1.,0.,0.));
#11833=DIRECTION('',(0.,-1.,0.));
#11834=DIRECTION('',(-1.,0.,0.));
#11835=DIRECTION('',(0.,0.,-1.));
#11836=DIRECTION('',(1.,0.,0.));
#11837=DIRECTION('',(0.,0.,1.));
#11838=DIRECTION('',(-1.,0.,0.));
#11839=DIRECTION('',(0.,1.,0.));
#11840=DIRECTION('',(0.,0.,-1.));
#11841=DIRECTION('',(0.,1.,0.));
#11842=DIRECTION('',(0.,0.,1.));
#11843=DIRECTION('',(1.,0.,0.));
#11844=DIRECTION('',(0.,0.,1.));
#11845=DIRECTION('',(1.,0.,0.));
#11846=DIRECTION('',(-1.,0.,0.));
#11847=DIRECTION('',(0.,1.,0.));
#11848=DIRECTION('',(1.,0.,0.));
#11849=DIRECTION('',(-1.,0.,0.));
#11850=DIRECTION('',(0.,0.,1.));
#11851=DIRECTION('',(-1.,0.,0.));
#11852=DIRECTION('',(-1.,0.,0.));
#11853=DIRECTION('',(0.,0.,-1.));
#11854=DIRECTION('',(1.,0.,0.));
#11855=DIRECTION('',(0.,1.,0.));
#11856=DIRECTION('',(1.,0.,0.));
#11857=DIRECTION('',(-1.,0.,0.));
#11858=DIRECTION('',(0.,1.,0.));
#11859=DIRECTION('',(-1.,0.,0.));
#11860=DIRECTION('',(0.,0.,-1.));
#11861=DIRECTION('',(1.,0.,0.));
#11862=DIRECTION('',(-1.,0.,0.));
#11863=DIRECTION('',(0.,1.,0.));
#11864=DIRECTION('',(-1.,0.,0.));
#11865=DIRECTION('',(0.,0.,1.));
#11866=DIRECTION('',(-1.,0.,0.));
#11867=DIRECTION('',(0.,0.,1.));
#11868=DIRECTION('',(0.,-1.,0.));
#11869=DIRECTION('',(-1.,0.,0.));
#11870=DIRECTION('',(0.,0.,-1.));
#11871=DIRECTION('',(0.,-1.,0.));
#11872=DIRECTION('',(-1.,0.,0.));
#11873=DIRECTION('',(1.,0.,0.));
#11874=DIRECTION('',(0.,0.,1.));
#11875=DIRECTION('',(-1.,0.,0.));
#11876=DIRECTION('',(0.,-1.,0.));
#11877=DIRECTION('',(-1.,0.,0.));
#11878=DIRECTION('',(0.,-1.,0.));
#11879=DIRECTION('',(1.,0.,0.));
#11880=DIRECTION('',(0.,0.,1.));
#11881=DIRECTION('',(1.,0.,0.));
#11882=DIRECTION('',(0.,-1.,0.));
#11883=DIRECTION('',(1.,0.,0.));
#11884=DIRECTION('',(0.,1.,0.));
#11885=DIRECTION('',(-1.26882631385732E-015,0.,-1.));
#11886=DIRECTION('',(-1.,0.,1.15648231731787E-015));
#11887=DIRECTION('',(0.,0.,1.));
#11888=DIRECTION('',(1.,0.,0.));
#11889=DIRECTION('',(0.,0.,1.));
#11890=DIRECTION('',(-1.,0.,0.));
#11891=DIRECTION('',(-1.,0.,0.));
#11892=DIRECTION('',(0.,1.,0.));
#11893=DIRECTION('',(-1.,0.,0.));
#11894=DIRECTION('',(0.,0.,-1.));
#11895=DIRECTION('',(-1.00000000000001,0.,0.));
#11896=DIRECTION('',(0.,1.,0.));
#11897=DIRECTION('',(0.,0.,-1.));
#11898=DIRECTION('',(-1.00000000000001,0.,0.));
#11899=DIRECTION('',(1.,0.,0.));
#11900=DIRECTION('',(0.,-1.,0.));
#11901=DIRECTION('',(1.,0.,0.));
#11902=DIRECTION('',(0.,0.,1.));
#11903=DIRECTION('',(-1.,0.,0.));
#11904=DIRECTION('',(0.,1.,0.));
#11905=DIRECTION('',(0.,0.,-1.));
#11906=DIRECTION('',(-1.,0.,0.));
#11907=DIRECTION('',(0.,1.,0.));
#11908=DIRECTION('',(-1.,0.,0.));
#11909=DIRECTION('',(0.,1.,0.));
#11910=DIRECTION('',(-1.,0.,0.));
#11911=DIRECTION('',(0.,0.,-1.));
#11912=DIRECTION('',(-1.,0.,0.));
#11913=DIRECTION('',(0.,1.,0.));
#11914=DIRECTION('',(-1.,0.,0.));
#11915=DIRECTION('',(0.,0.,1.));
#11916=DIRECTION('',(-1.,0.,0.));
#11917=DIRECTION('',(0.,-1.,0.));
#11918=DIRECTION('',(0.,0.,1.));
#11919=DIRECTION('',(-1.,0.,0.));
#11920=DIRECTION('',(1.,0.,0.));
#11921=DIRECTION('',(0.,-1.,0.));
#11922=DIRECTION('',(1.,0.,0.));
#11923=DIRECTION('',(0.,0.,-1.));
#11924=DIRECTION('',(-1.,0.,0.));
#11925=DIRECTION('',(0.,-1.,0.));
#11926=DIRECTION('',(0.,0.,-1.));
#11927=DIRECTION('',(-1.,0.,0.));
#11928=DIRECTION('',(-1.,0.,0.));
#11929=DIRECTION('',(0.,0.,-1.));
#11930=DIRECTION('',(-1.,0.,0.));
#11931=DIRECTION('',(0.,-1.,0.));
#11932=DIRECTION('',(1.,0.,0.));
#11933=DIRECTION('',(0.,-1.,0.));
#11934=DIRECTION('',(1.,0.,0.));
#11935=DIRECTION('',(0.,0.,-1.));
#11936=DIRECTION('',(-1.,0.,0.));
#11937=DIRECTION('',(1.,0.,0.));
#11938=DIRECTION('',(0.,0.,-1.));
#11939=DIRECTION('',(0.,0.,-1.));
#11940=DIRECTION('',(0.707106781186547,0.,-0.707106781186548));
#11941=DIRECTION('',(1.,0.,0.));
#11942=DIRECTION('',(0.707106781186547,0.,0.707106781186548));
#11943=DIRECTION('',(0.,0.,-1.));
#11944=DIRECTION('',(0.,0.,-1.));
#11945=DIRECTION('',(0.707106781186549,0.,-0.707106781186546));
#11946=DIRECTION('',(-1.,0.,0.));
#11947=DIRECTION('',(0.707106781186549,0.,0.707106781186546));
#11948=DIRECTION('',(0.,0.,-1.));
#11949=DIRECTION('',(0.,0.,1.));
#11950=DIRECTION('',(-1.,0.,0.));
#11951=DIRECTION('',(0.,0.,-1.));
#11952=DIRECTION('',(0.,-1.,0.));
#11953=DIRECTION('',(0.,0.,-1.));
#11954=DIRECTION('',(0.,1.,0.));
#11955=DIRECTION('',(0.,0.,-1.));
#11956=DIRECTION('',(0.,-1.,0.));
#11957=DIRECTION('',(0.,0.,-1.));
#11958=DIRECTION('',(0.,0.,1.));
#11959=DIRECTION('',(0.,-1.,0.));
#11960=DIRECTION('',(0.,0.,1.));
#11961=DIRECTION('',(-1.,0.,0.));
#11962=DIRECTION('',(0.,0.,1.));
#11963=DIRECTION('',(1.,0.,0.));
#11964=DIRECTION('',(0.,0.,1.));
#11965=DIRECTION('',(1.,0.,0.));
#11966=DIRECTION('',(0.,0.,-1.));
#11967=DIRECTION('',(0.,0.,-1.));
#11968=DIRECTION('',(-0.707106781186549,0.,-0.707106781186546));
#11969=DIRECTION('',(-1.,0.,0.));
#11970=DIRECTION('',(-0.707106781186549,0.,0.707106781186546));
#11971=DIRECTION('',(0.,0.,-1.));
#11972=DIRECTION('',(0.,0.,-1.));
#11973=DIRECTION('',(-0.707106781186547,0.,-0.707106781186548));
#11974=DIRECTION('',(1.,0.,0.));
#11975=DIRECTION('',(-0.707106781186547,0.,0.707106781186548));
#11976=DIRECTION('',(0.,0.,-1.));
#11977=DIRECTION('',(0.,0.,1.));
#11978=DIRECTION('',(0.,1.,0.));
#11979=DIRECTION('',(0.,0.,1.));
#11980=DIRECTION('',(0.,-1.,0.));
#11981=DIRECTION('',(0.,0.,-1.));
#11982=DIRECTION('',(0.,0.,1.));
#11983=DIRECTION('',(1.,0.,0.));
#11984=DIRECTION('',(0.,0.,-1.));
#11985=DIRECTION('',(0.,0.,1.));
#11986=DIRECTION('',(1.,0.,0.));
#11987=DIRECTION('',(1.,0.,0.));
#11988=DIRECTION('',(0.,1.,0.));
#11989=DIRECTION('',(1.,0.,0.));
#11990=DIRECTION('',(0.,0.,1.));
#11991=DIRECTION('',(1.,0.,0.));
#11992=DIRECTION('',(0.,-1.,0.));
#11993=DIRECTION('',(1.,0.,0.));
#11994=DIRECTION('',(0.,-1.,0.));
#11995=DIRECTION('',(-1.,0.,0.));
#11996=DIRECTION('',(0.,-1.,0.));
#11997=DIRECTION('',(0.,0.,1.));
#11998=DIRECTION('',(1.,0.,0.));
#11999=DIRECTION('',(0.,0.,1.));
#12000=DIRECTION('',(1.,0.,0.));
#12001=DIRECTION('',(-0.707106781186547,0.,-0.707106781186548));
#12002=DIRECTION('',(-1.,0.,0.));
#12003=DIRECTION('',(-0.707106781186547,0.,0.707106781186548));
#12004=DIRECTION('',(0.,0.,-1.));
#12005=DIRECTION('',(-1.,0.,0.));
#12006=DIRECTION('',(0.,0.,1.));
#12007=DIRECTION('',(1.,0.,0.));
#12008=DIRECTION('',(0.,0.,-1.));
#12009=DIRECTION('',(1.,0.,0.));
#12010=DIRECTION('',(0.,0.,-1.));
#12011=DIRECTION('',(-1.,0.,0.));
#12012=DIRECTION('',(0.,0.,-1.));
#12013=DIRECTION('',(-0.707106781186549,0.,-0.707106781186546));
#12014=DIRECTION('',(-1.,0.,0.));
#12015=DIRECTION('',(-0.707106781186549,0.,0.707106781186546));
#12016=DIRECTION('',(0.,0.,-1.));
#12017=DIRECTION('',(-1.,0.,0.));
#12018=DIRECTION('',(0.,0.,-1.));
#12019=DIRECTION('',(0.,-1.,0.));
#12020=DIRECTION('',(0.,0.,-1.));
#12021=DIRECTION('',(0.,0.,-1.));
#12022=DIRECTION('',(0.,1.,0.));
#12023=DIRECTION('',(0.,0.,1.));
#12024=DIRECTION('',(0.,-1.,0.));
#12025=DIRECTION('',(0.,0.,-1.));
#12026=DIRECTION('',(0.,-1.,0.));
#12027=DIRECTION('',(0.,0.,-1.));
#12028=DIRECTION('',(0.,-1.,0.));
#12029=DIRECTION('',(-1.,0.,0.));
#12030=DIRECTION('',(0.,0.,1.));
#12031=DIRECTION('',(0.707106781186549,0.,-0.707106781186546));
#12032=DIRECTION('',(1.,0.,0.));
#12033=DIRECTION('',(0.707106781186549,0.,0.707106781186546));
#12034=DIRECTION('',(0.,0.,-1.));
#12035=DIRECTION('',(1.,0.,0.));
#12036=DIRECTION('',(0.,0.,1.));
#12037=DIRECTION('',(-1.,0.,0.));
#12038=DIRECTION('',(0.,0.,-1.));
#12039=DIRECTION('',(1.,0.,0.));
#12040=DIRECTION('',(0.,0.,-1.));
#12041=DIRECTION('',(1.,0.,0.));
#12042=DIRECTION('',(0.,0.,-1.));
#12043=DIRECTION('',(0.707106781186547,0.,-0.707106781186548));
#12044=DIRECTION('',(1.,0.,0.));
#12045=DIRECTION('',(0.707106781186547,0.,0.707106781186548));
#12046=DIRECTION('',(0.,0.,-1.));
#12047=DIRECTION('',(1.,0.,0.));
#12048=DIRECTION('',(0.,0.,-1.));
#12049=DIRECTION('',(0.,1.,0.));
#12050=DIRECTION('',(0.,0.,1.));
#12051=DIRECTION('',(0.,0.,-1.));
#12052=DIRECTION('',(0.,-1.,0.));
#12053=DIRECTION('',(0.,0.,1.));
#12054=DIRECTION('',(0.,1.,0.));
#12055=DIRECTION('',(1.,0.,0.));
#12056=DIRECTION('',(0.,0.,-1.));
#12057=DIRECTION('',(0.,-1.,0.));
#12058=DIRECTION('',(0.,0.707106781186547,0.707106781186548));
#12059=DIRECTION('',(-1.,0.,0.));
#12060=DIRECTION('',(0.,0.,1.));
#12061=DIRECTION('',(0.,1.,0.));
#12062=DIRECTION('',(0.,-0.707106781186547,-0.707106781186548));
#12063=DIRECTION('',(1.,0.,0.));
#12064=DIRECTION('',(0.,0.,-1.));
#12065=DIRECTION('',(0.,1.,0.));
#12066=DIRECTION('',(1.,0.,0.));
#12067=DIRECTION('',(0.,-1.,0.));
#12068=DIRECTION('',(0.,0.,-1.));
#12069=DIRECTION('',(-1.,0.,0.));
#12070=DIRECTION('',(0.,-1.,0.));
#12071=DIRECTION('',(0.,0.707106781186547,-0.707106781186548));
#12072=DIRECTION('',(-1.,0.,0.));
#12073=DIRECTION('',(0.,0.,1.));
#12074=DIRECTION('',(0.,1.,0.));
#12075=DIRECTION('',(0.,-0.707106781186547,0.707106781186548));
#12076=DIRECTION('',(1.,0.,0.));
#12077=DIRECTION('',(0.,0.,-1.));
#12078=DIRECTION('',(0.,-1.,0.));
#12079=DIRECTION('',(-1.,0.,0.));
#12080=DIRECTION('',(0.,1.,0.));
#12081=DIRECTION('',(0.,0.,-1.));
#12082=DIRECTION('',(-1.,0.,0.));
#12083=DIRECTION('',(0.,1.,0.));
#12084=DIRECTION('',(0.,-0.707106781186547,-0.707106781186548));
#12085=DIRECTION('',(1.,0.,0.));
#12086=DIRECTION('',(0.,0.,1.));
#12087=DIRECTION('',(0.,-1.,0.));
#12088=DIRECTION('',(0.,0.707106781186547,0.707106781186548));
#12089=DIRECTION('',(-1.,0.,0.));
#12090=DIRECTION('',(0.,0.,-1.));
#12091=DIRECTION('',(0.,1.,0.));
#12092=DIRECTION('',(1.,0.,0.));
#12093=DIRECTION('',(0.,-1.,0.));
#12094=DIRECTION('',(0.,0.,-1.));
#12095=DIRECTION('',(1.,0.,0.));
#12096=DIRECTION('',(0.,1.,0.));
#12097=DIRECTION('',(0.,-0.707106781186547,0.707106781186548));
#12098=DIRECTION('',(1.,0.,0.));
#12099=DIRECTION('',(0.,0.,1.));
#12100=DIRECTION('',(0.,-1.,0.));
#12101=DIRECTION('',(0.,0.707106781186547,-0.707106781186548));
#12102=DIRECTION('',(-1.,0.,0.));
#12103=DIRECTION('',(0.,0.,-1.));
#12104=DIRECTION('',(0.,-1.,0.));
#12105=DIRECTION('',(-1.,0.,0.));
#12106=DIRECTION('',(0.,1.,0.));
#12107=DIRECTION('',(0.,0.,-1.));
#12108=DIRECTION('',(1.,0.,0.));
#12109=DIRECTION('',(0.577350269189628,-0.577350269189625,-0.577350269189625));
#12110=DIRECTION('',(0.707106781186545,0.,0.707106781186549));
#12111=DIRECTION('',(0.707106781186549,0.,-0.707106781186546));
#12112=DIRECTION('',(0.577350269189628,0.577350269189625,0.577350269189625));
#12113=DIRECTION('',(-0.707106781186545,0.,0.707106781186549));
#12114=DIRECTION('',(0.707106781186549,0.,0.707106781186546));
#12115=DIRECTION('',(-0.577350269189628,0.577350269189624,-0.577350269189625));
#12116=DIRECTION('',(-0.707106781186545,0.,0.707106781186549));
#12117=DIRECTION('',(0.707106781186549,0.,0.707106781186546));
#12118=DIRECTION('',(-0.577350269189628,-0.577350269189624,0.577350269189625));
#12119=DIRECTION('',(0.707106781186545,0.,0.707106781186549));
#12120=DIRECTION('',(0.707106781186549,0.,-0.707106781186546));
#12121=DIRECTION('',(-0.577350269189626,0.577350269189625,-0.577350269189626));
#12122=DIRECTION('',(-0.707106781186548,0.,0.707106781186547));
#12123=DIRECTION('',(0.707106781186547,0.,0.707106781186548));
#12124=DIRECTION('',(-0.577350269189626,-0.577350269189625,0.577350269189626));
#12125=DIRECTION('',(0.707106781186548,0.,0.707106781186547));
#12126=DIRECTION('',(0.707106781186547,0.,-0.707106781186548));
#12127=DIRECTION('',(0.577350269189626,0.577350269189626,0.577350269189626));
#12128=DIRECTION('',(-0.707106781186548,0.,0.707106781186547));
#12129=DIRECTION('',(0.707106781186547,0.,0.707106781186548));
#12130=DIRECTION('',(0.577350269189626,-0.577350269189626,-0.577350269189626));
#12131=DIRECTION('',(0.707106781186548,0.,0.707106781186547));
#12132=DIRECTION('',(0.707106781186547,0.,-0.707106781186548));
#12133=DIRECTION('',(0.,-1.,0.));
#12134=DIRECTION('',(0.,0.,1.));
#12135=DIRECTION('',(1.,0.,0.));
#12136=DIRECTION('',(0.,0.,-1.));
#12137=DIRECTION('',(1.,0.,0.));
#12138=DIRECTION('',(0.,0.,-1.));
#12139=DIRECTION('',(0.,1.,0.));
#12140=DIRECTION('',(0.,0.,1.));
#12141=DIRECTION('',(0.,0.,-1.));
#12142=DIRECTION('',(1.,0.,0.));
#12143=DIRECTION('',(0.,1.,0.));
#12144=DIRECTION('',(0.,0.,1.));
#12145=DIRECTION('',(0.,0.,1.));
#12146=DIRECTION('',(1.,0.,0.));
#12147=DIRECTION('',(0.,0.,-1.));
#12148=DIRECTION('',(-1.,0.,0.));
#12149=DIRECTION('',(0.,0.,-1.));
#12150=DIRECTION('',(-1.,0.,0.));
#12151=DIRECTION('',(0.,0.,-1.));
#12152=DIRECTION('',(-1.,0.,0.));
#12153=DIRECTION('',(0.,-1.,0.));
#12154=DIRECTION('',(0.,0.,-1.));
#12155=DIRECTION('',(1.,0.,0.));
#12156=DIRECTION('',(0.,0.,1.));
#12157=DIRECTION('',(0.,-1.,0.));
#12158=DIRECTION('',(0.,0.,-1.));
#12159=DIRECTION('',(0.,0.,-1.));
#12160=DIRECTION('',(0.,-1.,0.));
#12161=DIRECTION('',(1.,0.,0.));
#12162=DIRECTION('',(0.,0.,-1.));
#12163=DIRECTION('',(1.,0.,0.));
#12164=DIRECTION('',(0.,0.,-1.));
#12165=DIRECTION('',(0.,0.,1.));
#12166=DIRECTION('',(-1.,0.,0.));
#12167=DIRECTION('',(0.,0.,-1.));
#12168=DIRECTION('',(-1.,0.,0.));
#12169=DIRECTION('',(0.,0.,-1.));
#12170=DIRECTION('',(-1.,0.,0.));
#12171=DIRECTION('',(0.,0.,-1.));
#12172=DIRECTION('',(-1.,0.,0.));
#12173=DIRECTION('',(0.,-1.,0.));
#12174=DIRECTION('',(0.,0.,1.));
#12175=DIRECTION('',(0.,1.,0.));
#12176=DIRECTION('',(0.,0.,-1.));
#12177=DIRECTION('',(1.,0.,0.));
#12178=DIRECTION('',(0.,0.,-1.));
#12179=DIRECTION('',(0.,0.,1.));
#12180=DIRECTION('',(1.,0.,0.));
#12181=DIRECTION('',(0.,0.,1.));
#12182=DIRECTION('',(-1.,0.,0.));
#12183=DIRECTION('',(1.,0.,0.));
#12184=DIRECTION('',(0.,0.,-1.));
#12185=DIRECTION('',(-1.,0.,0.));
#12186=DIRECTION('',(0.,0.,1.));
#12187=DIRECTION('',(-1.,0.,0.));
#12188=DIRECTION('',(0.,0.,-1.));
#12189=DIRECTION('',(-1.,0.,0.));
#12190=DIRECTION('',(0.,0.,-1.));
#12191=DIRECTION('',(-1.,0.,0.));
#12192=DIRECTION('',(-1.,0.,0.));
#12193=DIRECTION('',(0.,0.,-1.));
#12194=DIRECTION('',(0.,0.,1.));
#12195=DIRECTION('',(0.,1.,0.));
#12196=DIRECTION('',(0.,0.,1.));
#12197=DIRECTION('',(0.,0.,1.));
#12198=DIRECTION('',(1.,0.,0.));
#12199=DIRECTION('',(0.,0.,1.));
#12200=DIRECTION('',(1.,0.,0.));
#12201=DIRECTION('',(0.,0.,1.));
#12202=DIRECTION('',(1.,0.,0.));
#12203=DIRECTION('',(0.,0.,1.));
#12204=DIRECTION('',(1.,0.,0.));
#12205=DIRECTION('',(0.,0.,1.));
#12206=DIRECTION('',(1.,0.,0.));
#12207=DIRECTION('',(0.,0.,1.));
#12208=DIRECTION('',(1.,0.,0.));
#12209=DIRECTION('',(0.,-1.,0.));
#12210=DIRECTION('',(0.,0.,-1.));
#12211=DIRECTION('',(0.,0.,-1.));
#12212=DIRECTION('',(-1.,0.,0.));
#12213=DIRECTION('',(0.,0.,-1.));
#12214=DIRECTION('',(-1.,0.,0.));
#12215=DIRECTION('',(0.,0.,-1.));
#12216=DIRECTION('',(-1.00000000000001,0.,0.));
#12217=DIRECTION('',(0.,0.,-1.));
#12218=DIRECTION('',(-1.00000000000001,0.,0.));
#12219=DIRECTION('',(0.,0.,-1.));
#12220=DIRECTION('',(-1.00000000000001,0.,0.));
#12221=DIRECTION('',(-1.,0.,0.));
#12222=DIRECTION('',(0.,0.,1.));
#12223=DIRECTION('',(-1.,0.,0.));
#12224=DIRECTION('',(0.,0.,1.));
#12225=DIRECTION('',(-1.,0.,0.));
#12226=DIRECTION('',(0.,0.,1.));
#12227=DIRECTION('',(1.,0.,0.));
#12228=DIRECTION('',(0.,0.,-1.));
#12229=DIRECTION('',(0.,0.,-1.));
#12230=DIRECTION('',(-1.00000000000001,0.,0.));
#12231=DIRECTION('',(0.,0.,-1.));
#12232=DIRECTION('',(-1.00000000000001,0.,0.));
#12233=DIRECTION('',(0.,0.,-1.));
#12234=DIRECTION('',(-1.00000000000001,0.,0.));
#12235=DIRECTION('',(0.,1.,0.));
#12236=DIRECTION('',(0.,0.,-1.));
#12237=DIRECTION('',(0.,0.,1.));
#12238=DIRECTION('',(1.00000000000001,0.,0.));
#12239=DIRECTION('',(0.,-1.,0.));
#12240=DIRECTION('',(0.,0.,1.));
#12241=DIRECTION('',(0.,0.,1.));
#12242=DIRECTION('',(1.00000000000001,0.,0.));
#12243=DIRECTION('',(0.,1.,0.));
#12244=DIRECTION('',(0.,0.,1.));
#12245=DIRECTION('',(0.,0.,-1.));
#12246=DIRECTION('',(-1.,0.,0.));
#12247=DIRECTION('',(0.,0.,-1.));
#12248=DIRECTION('',(-1.,0.,0.));
#12249=DIRECTION('',(0.,0.,-1.));
#12250=DIRECTION('',(-1.,0.,0.));
#12251=DIRECTION('',(0.,0.,-1.));
#12252=DIRECTION('',(-1.,0.,0.));
#12253=DIRECTION('',(0.,0.,1.));
#12254=DIRECTION('',(-1.,0.,0.));
#12255=DIRECTION('',(0.,0.,1.));
#12256=DIRECTION('',(1.,0.,0.));
#12257=DIRECTION('',(0.,0.,1.));
#12258=DIRECTION('',(1.,0.,0.));
#12259=DIRECTION('',(0.,0.,1.));
#12260=DIRECTION('',(1.,0.,0.));
#12261=DIRECTION('',(0.,-1.,0.));
#12262=DIRECTION('',(0.,0.,-1.));
#12263=DIRECTION('',(0.,-1.,0.));
#12264=DIRECTION('',(0.,0.,-1.));
#12265=DIRECTION('',(0.,1.,0.));
#12266=DIRECTION('',(0.,0.,1.));
#12267=DIRECTION('',(1.,0.,0.));
#12268=DIRECTION('',(0.,0.,-1.));
#12269=DIRECTION('',(1.,0.,0.));
#12270=DIRECTION('',(0.,0.,-1.));
#12271=DIRECTION('',(1.,0.,0.));
#12272=DIRECTION('',(0.,0.,-1.));
#12273=DIRECTION('',(0.,0.,1.));
#12274=DIRECTION('',(1.00000000000001,0.,0.));
#12275=DIRECTION('',(0.,0.,1.));
#12276=DIRECTION('',(1.00000000000001,0.,0.));
#12277=DIRECTION('',(1.,0.,-1.80700362080917E-016));
#12278=DIRECTION('',(1.80700362080917E-016,0.,1.));
#12279=DIRECTION('',(0.,0.,1.));
#12280=DIRECTION('',(1.,0.,0.));
#12281=DIRECTION('',(0.,-1.,0.));
#12282=DIRECTION('',(0.,0.,1.));
#12283=DIRECTION('',(0.,0.,1.));
#12284=DIRECTION('',(1.00000000000001,0.,0.));
#12285=DIRECTION('',(0.,0.,-1.));
#12286=DIRECTION('',(1.,0.,0.));
#12287=DIRECTION('',(0.,0.,1.));
#12288=DIRECTION('',(1.,0.,0.));
#12289=DIRECTION('',(1.,0.,0.));
#12290=DIRECTION('',(0.,0.,-1.));
#12291=DIRECTION('',(-1.,0.,0.));
#12292=DIRECTION('',(0.,0.,1.));
#12293=DIRECTION('',(0.,-1.,0.));
#12294=DIRECTION('',(0.,0.,-1.));
#12295=DIRECTION('',(0.,-1.,0.));
#12296=DIRECTION('',(0.,0.,-1.));
#12297=DIRECTION('',(0.,0.,1.));
#12298=DIRECTION('',(1.00000000000001,0.,0.));
#12299=DIRECTION('',(0.,0.,1.));
#12300=DIRECTION('',(1.00000000000001,0.,0.));
#12301=DIRECTION('',(0.,-1.,0.));
#12302=DIRECTION('',(0.,0.,1.));
#12303=DIRECTION('',(0.,0.,1.));
#12304=DIRECTION('',(1.,0.,0.));
#12305=DIRECTION('',(-1.,0.,0.));
#12306=DIRECTION('',(0.,0.,-1.));
#12307=DIRECTION('',(0.,0.,1.));
#12308=DIRECTION('',(1.00000000000001,0.,0.));
#12309=DIRECTION('',(0.,-1.,0.));
#12310=DIRECTION('',(0.,0.,-1.));
#12311=DIRECTION('',(0.,1.,0.));
#12312=DIRECTION('',(0.,0.,1.));
#12313=DIRECTION('',(-1.,0.,0.));
#12314=DIRECTION('',(0.,0.,1.));
#12315=DIRECTION('',(-1.,0.,0.));
#12316=DIRECTION('',(0.,0.,1.));
#12317=DIRECTION('',(0.,0.,-1.));
#12318=DIRECTION('',(1.,0.,0.));
#12319=DIRECTION('',(0.,0.,1.));
#12320=DIRECTION('',(1.,0.,0.));
#12321=DIRECTION('',(0.,0.,1.));
#12322=DIRECTION('',(1.,0.,0.));
#12323=DIRECTION('',(0.,0.,1.));
#12324=DIRECTION('',(1.,0.,0.));
#12325=DIRECTION('',(0.,0.707106781186547,0.707106781186548));
#12326=DIRECTION('',(0.,0.707106781186548,-0.707106781186547));
#12327=DIRECTION('',(0.,0.707106781186547,0.707106781186548));
#12328=DIRECTION('',(-0.707106781186545,0.,0.70710678118655));
#12329=DIRECTION('',(0.,0.,-1.));
#12330=DIRECTION('',(-1.,0.,0.));
#12331=DIRECTION('',(-0.707106781186545,0.,0.70710678118655));
#12332=DIRECTION('',(-0.70710678118655,0.,-0.707106781186545));
#12333=DIRECTION('',(-0.707106781186545,0.,0.70710678118655));
#12334=DIRECTION('',(0.,0.707106781186547,-0.707106781186548));
#12335=DIRECTION('',(0.,-0.707106781186548,-0.707106781186547));
#12336=DIRECTION('',(0.,0.707106781186547,-0.707106781186548));
#12337=DIRECTION('',(0.,0.,-1.));
#12338=DIRECTION('',(-1.,0.,0.));
#12339=DIRECTION('',(0.,-0.707106781186548,-0.707106781186547));
#12340=DIRECTION('',(0.,0.707106781186547,-0.707106781186548));
#12341=DIRECTION('',(0.,-0.707106781186547,-0.707106781186548));
#12342=DIRECTION('',(0.,0.707106781186548,-0.707106781186547));
#12343=DIRECTION('',(0.,0.707106781186547,0.707106781186548));
#12344=DIRECTION('',(-0.707106781186548,0.,-0.707106781186548));
#12345=DIRECTION('',(0.,0.,-1.));
#12346=DIRECTION('',(-1.,0.,0.));
#12347=DIRECTION('',(-0.707106781186547,0.,-0.707106781186548));
#12348=DIRECTION('',(0.707106781186548,0.,-0.707106781186547));
#12349=DIRECTION('',(-0.707106781186547,0.,-0.707106781186548));
#12350=DIRECTION('',(0.,0.707106781186547,-0.707106781186548));
#12351=DIRECTION('',(0.,0.,-1.));
#12352=DIRECTION('',(-1.,0.,0.));
#12353=DIRECTION('',(0.,-0.707106781186548,-0.707106781186547));
#12354=DIRECTION('',(0.,0.707106781186547,-0.707106781186548));
#12355=DIRECTION('',(0.,0.707106781186548,-0.707106781186547));
#12356=DIRECTION('',(0.,0.707106781186547,0.707106781186548));
#12357=DIRECTION('',(0.,0.707106781186547,-0.707106781186548));
#12358=DIRECTION('',(0.,0.707106781186548,0.707106781186547));
#12359=DIRECTION('',(0.,0.707106781186547,-0.707106781186548));
#12360=DIRECTION('',(0.,0.707106781186548,0.707106781186547));
#12361=DIRECTION('',(0.,-0.707106781186548,-0.707106781186547));
#12362=DIRECTION('',(0.,0.707106781186547,-0.707106781186548));
#12363=DIRECTION('',(0.,-0.707106781186548,-0.707106781186547));
#12364=DIRECTION('',(0.,0.707106781186547,-0.707106781186548));
#12365=DIRECTION('',(0.,0.,-1.));
#12366=DIRECTION('',(1.,0.,0.));
#12367=DIRECTION('',(-1.44060081049977E-015,0.,-1.));
#12368=DIRECTION('',(1.,0.,-1.92080108066636E-015));
#12369=DIRECTION('',(0.,0.,1.));
#12370=DIRECTION('',(1.,0.,0.));
#12371=DIRECTION('',(-1.,0.,0.));
#12372=DIRECTION('',(0.,0.,1.));
#12373=DIRECTION('',(0.,1.,0.));
#12374=DIRECTION('',(0.,0.,-0.999999999999994));
#12375=DIRECTION('',(1.,0.,0.));
#12376=DIRECTION('',(0.,0.,1.));
#12377=DIRECTION('',(0.,-1.,0.));
#12378=DIRECTION('',(0.,0.,-1.));
#12379=DIRECTION('',(-1.,0.,0.));
#12380=DIRECTION('',(0.,0.,-0.999999999999994));
#12381=DIRECTION('',(0.,0.,-1.));
#12382=DIRECTION('',(0.,1.,0.));
#12383=DIRECTION('',(0.,1.,0.));
#12384=DIRECTION('',(1.,0.,0.));
#12385=DIRECTION('',(0.,0.,-1.));
#12386=DIRECTION('',(0.,0.,1.));
#12387=DIRECTION('',(1.,0.,0.));
#12388=DIRECTION('',(0.,0.,-1.));
#12389=DIRECTION('',(-1.,0.,0.));
#12390=DIRECTION('',(0.,0.,-1.));
#12391=DIRECTION('',(-1.,0.,0.));
#12392=DIRECTION('',(0.,0.,-1.));
#12393=DIRECTION('',(-1.,0.,0.));
#12394=DIRECTION('',(0.,0.,-1.));
#12395=DIRECTION('',(1.,0.,0.));
#12396=DIRECTION('',(0.,0.,1.));
#12397=DIRECTION('',(1.,0.,0.));
#12398=DIRECTION('',(0.,0.,1.));
#12399=DIRECTION('',(1.,0.,0.));
#12400=DIRECTION('',(0.,0.,-1.));
#12401=DIRECTION('',(-1.,0.,1.21127823758979E-016));
#12402=DIRECTION('',(0.,0.,-1.));
#12403=DIRECTION('',(1.,0.,0.));
#12404=DIRECTION('',(0.,0.,-1.));
#12405=DIRECTION('',(-1.,0.,3.79967308557246E-017));
#12406=DIRECTION('',(0.,0.,1.));
#12407=DIRECTION('',(1.,0.,0.));
#12408=DIRECTION('',(0.,0.,1.));
#12409=DIRECTION('',(1.,0.,0.));
#12410=DIRECTION('',(0.,-1.,0.));
#12411=DIRECTION('',(0.,0.,-1.));
#12412=DIRECTION('',(-0.707106781186547,-0.707106781186547,0.));
#12413=DIRECTION('',(-0.707106781186547,0.707106781186547,0.));
#12414=DIRECTION('',(0.,1.,0.));
#12415=DIRECTION('',(0.,0.,1.));
#12416=DIRECTION('',(0.,0.,1.));
#12417=DIRECTION('',(1.,0.,0.));
#12418=DIRECTION('',(0.,0.,1.));
#12419=DIRECTION('',(1.,0.,0.));
#12420=DIRECTION('',(-1.,2.71050543121377E-016,0.));
#12421=DIRECTION('',(-2.71050543121376E-016,-0.999999999999998,0.));
#12422=DIRECTION('',(-1.,0.,0.));
#12423=DIRECTION('',(0.,0.,1.));
#12424=DIRECTION('',(0.,0.,-1.));
#12425=DIRECTION('',(-1.,0.,0.));
#12426=DIRECTION('',(-1.,0.,0.));
#12427=DIRECTION('',(0.,0.,1.));
#12428=CARTESIAN_POINT('',(0.,0.,0.));
#12429=CARTESIAN_POINT('',(-5.58863526901724,4.975,-18.3725047146812));
#12430=CARTESIAN_POINT('',(-5.58863526901724,4.975,-18.5725047146812));
#12431=CARTESIAN_POINT('',(3.91136473098276,4.975,-18.3725047146812));
#12432=CARTESIAN_POINT('',(3.91136473098276,4.975,-18.5725047146812));
#12433=CARTESIAN_POINT('',(-5.58863526901724,4.975,-18.3725047146812));
#12434=CARTESIAN_POINT('',(-5.58863526901724,4.975,-18.3725047146812));
#12435=CARTESIAN_POINT('',(3.91136473098276,4.975,-18.3725047146812));
#12436=CARTESIAN_POINT('',(-0.7,-0.125,0.25));
#12437=CARTESIAN_POINT('',(-0.7,-0.000100040032032017,0.25));
#12438=CARTESIAN_POINT('',(-0.7,-2.9186105090406E-016,0.25));
#12439=CARTESIAN_POINT('',(-0.7,-0.000100040032032017,0.125));
#12440=CARTESIAN_POINT('',(-0.7,-0.125,0.13));
#12441=CARTESIAN_POINT('',(-0.7,-0.125,0.13));
#12442=CARTESIAN_POINT('',(-0.7,-1.16374346020082E-017,0.13));
#12443=CARTESIAN_POINT('',(-0.7,-2.9186105090406E-016,0.25));
#12444=CARTESIAN_POINT('',(-0.7,-0.125,0.25));
#12445=CARTESIAN_POINT('',(-1.09392310120488,-0.125,-0.0805407289332273));
#12446=CARTESIAN_POINT('',(-1.09392310120488,-0.000100040032031241,-0.0805407289332273));
#12447=CARTESIAN_POINT('',(-1.09392310120488,4.77977194705279E-016,-0.0805407289332273));
#12448=CARTESIAN_POINT('',(-0.7,-0.000100040032031105,-0.15));
#12449=CARTESIAN_POINT('',(-0.7,6.39749704713114E-016,-0.15));
#12450=CARTESIAN_POINT('',(-0.7,-0.124999999999999,-0.15));
#12451=CARTESIAN_POINT('',(-0.975746170843418,-0.124999999999999,-0.101378510253259));
#12452=CARTESIAN_POINT('',(-0.975746170843418,-0.124999999999999,-0.101378510253259));
#12453=CARTESIAN_POINT('',(-0.975746170843418,5.26508947707629E-016,-0.101378510253259));
#12454=CARTESIAN_POINT('',(-0.970822132078357,-0.000100040032031487,-0.102246751141593));
#12455=CARTESIAN_POINT('',(-1.09392310120488,4.77977194705279E-016,-0.0805407289332273));
#12456=CARTESIAN_POINT('',(-1.09392310120488,-0.125,-0.0805407289332273));
#12457=CARTESIAN_POINT('',(-0.7,6.39749704713114E-016,-0.15));
#12458=CARTESIAN_POINT('',(-0.7,-0.124999999999999,-0.15));
#12459=CARTESIAN_POINT('',(-0.7,-0.124999999999999,-0.15));
#12460=CARTESIAN_POINT('',(-0.7,6.39749704713114E-016,-0.15));
#12461=CARTESIAN_POINT('',(-0.7,-0.000100040032031376,-0.15));
#12462=CARTESIAN_POINT('',(-3.68863526901724,1.125,-3.45250471468116));
#12463=CARTESIAN_POINT('',(-3.68863526901724,1.125,-3.45250471468116));
#12464=CARTESIAN_POINT('',(-3.68863526901723,1.125,-3.27250471468116));
#12465=CARTESIAN_POINT('',(-3.68863526901724,1.125,-3.27250471468116));
#12466=CARTESIAN_POINT('',(-3.83863526901724,1.125,-3.27250471468116));
#12467=CARTESIAN_POINT('',(-3.79470128619522,1.125,-3.22857073185914));
#12468=CARTESIAN_POINT('',(-3.9219805068088,1.125,-3.35584995247272));
#12469=CARTESIAN_POINT('',(-3.68863526901724,1.125,-3.12250471468116));
#12470=CARTESIAN_POINT('',(-3.68863526901724,1.125,-3.12250471468116));
#12471=CARTESIAN_POINT('',(-3.9219805068088,4.125,-3.35584995247272));
#12472=CARTESIAN_POINT('',(-3.9219805068088,4.125,-3.35584995247272));
#12473=CARTESIAN_POINT('',(-3.83863526901724,4.125,-3.27250471468116));
#12474=CARTESIAN_POINT('',(-3.68863526901724,4.125,-3.27250471468116));
#12475=CARTESIAN_POINT('',(-3.68863526901722,4.125,-3.27250471468116));
#12476=CARTESIAN_POINT('',(-3.68863526901724,4.125,-3.45250471468116));
#12477=CARTESIAN_POINT('',(-3.68863526901724,4.125,-3.45250471468116));
#12478=CARTESIAN_POINT('',(-3.68863526901724,4.125,-3.12250471468116));
#12479=CARTESIAN_POINT('',(-3.68863526901724,4.125,-3.12250471468116));
#12480=CARTESIAN_POINT('',(-3.79470128619522,1.125,-3.27250471468116));
#12481=CARTESIAN_POINT('',(-4.00532574460036,1.125,-3.27250471468116));
#12482=CARTESIAN_POINT('',(-3.9219805068088,1.125,-3.35584995247272));
#12483=CARTESIAN_POINT('',(-3.79470128619522,1.125,-3.22857073185914));
#12484=CARTESIAN_POINT('',(-3.9219805068088,4.125,-3.35584995247272));
#12485=CARTESIAN_POINT('',(-4.00532574460036,4.125,-3.27250471468116));
#12486=CARTESIAN_POINT('',(-3.9219805068088,4.125,-3.27250471468116));
#12487=CARTESIAN_POINT('',(-3.9219805068088,4.125,-3.35584995247272));
#12488=CARTESIAN_POINT('',(-4.00532574460036,1.125,-3.27250471468116));
#12489=CARTESIAN_POINT('',(-3.9219805068088,1.125,-3.35584995247272));
#12490=CARTESIAN_POINT('',(-3.9219805068088,1.125,-3.35584995247272));
#12491=CARTESIAN_POINT('',(-0.938635269017239,1.675,-6.27250471468116));
#12492=CARTESIAN_POINT('',(-0.938635269017239,1.375,-6.27250471468116));
#12493=CARTESIAN_POINT('',(-0.938635269017239,0.674999999999999,-6.27250471468116));
#12494=CARTESIAN_POINT('',(-0.938635269017239,1.375,-6.27250471468116));
#12495=CARTESIAN_POINT('',(-0.758635269017239,1.375,-6.27250471468116));
#12496=CARTESIAN_POINT('',(-0.758635269017239,-0.125000000000001,-6.27250471468116));
#12497=CARTESIAN_POINT('',(-0.758635269017239,0.674999999999999,-6.27250471468116));
#12498=CARTESIAN_POINT('',(-0.758635269017239,0.674999999999999,-6.27250471468116));
#12499=CARTESIAN_POINT('',(-0.938635269017239,-0.125000000000001,-6.27250471468116));
#12500=CARTESIAN_POINT('',(-2.98863526901724,2.625,-3.27250471468116));
#12501=CARTESIAN_POINT('',(-2.98863526901724,4.625,-3.27250471468116));
#12502=CARTESIAN_POINT('',(-2.98863526901724,5.125,-3.27250471468116));
#12503=CARTESIAN_POINT('',(-2.98863526901724,5.125,-3.45250471468116));
#12504=CARTESIAN_POINT('',(-2.98863526901724,5.125,-3.45250471468116));
#12505=CARTESIAN_POINT('',(-2.98863526901724,2.625,-3.45250471468116));
#12506=CARTESIAN_POINT('',(-2.98863526901724,4.625,-3.45250471468116));
#12507=CARTESIAN_POINT('',(-2.98863526901724,4.625,-3.27250471468116));
#12508=CARTESIAN_POINT('',(-2.98863526901724,2.625,-3.45250471468116));
#12509=CARTESIAN_POINT('',(-2.58863526901724,4.475,-3.27250471468116));
#12510=CARTESIAN_POINT('',(-2.58863526901724,4.275,-3.27250471468116));
#12511=CARTESIAN_POINT('',(-2.58863526901724,4.175,-3.27250471468116));
#12512=CARTESIAN_POINT('',(-2.38863526901724,4.275,-3.27250471468116));
#12513=CARTESIAN_POINT('',(-2.38863526901724,4.475,-3.27250471468116));
#12514=CARTESIAN_POINT('',(-2.58863526901724,4.475,-3.27250471468116));
#12515=CARTESIAN_POINT('',(-1.28863526901724,4.475,-3.27250471468116));
#12516=CARTESIAN_POINT('',(-1.28863526901724,4.275,-3.27250471468116));
#12517=CARTESIAN_POINT('',(-1.08863526901724,4.275,-3.27250471468116));
#12518=CARTESIAN_POINT('',(-1.08863526901724,4.475,-3.27250471468116));
#12519=CARTESIAN_POINT('',(-1.08863526901724,4.175,-3.27250471468116));
#12520=CARTESIAN_POINT('',(-1.28863526901724,4.175,-3.27250471468116));
#12521=CARTESIAN_POINT('',(-1.28863526901724,3.975,-3.27250471468116));
#12522=CARTESIAN_POINT('',(-2.58863526901724,3.975,-3.27250471468116));
#12523=CARTESIAN_POINT('',(-2.38863526901724,3.975,-3.27250471468116));
#12524=CARTESIAN_POINT('',(-2.38863526901724,4.175,-3.27250471468116));
#12525=CARTESIAN_POINT('',(-2.58863526901724,2.875,-3.27250471468116));
#12526=CARTESIAN_POINT('',(-2.58863526901724,2.675,-3.27250471468116));
#12527=CARTESIAN_POINT('',(-2.58863526901724,2.575,-3.27250471468116));
#12528=CARTESIAN_POINT('',(-2.38863526901724,2.675,-3.27250471468116));
#12529=CARTESIAN_POINT('',(-2.38863526901724,2.875,-3.27250471468116));
#12530=CARTESIAN_POINT('',(-2.58863526901724,2.875,-3.27250471468116));
#12531=CARTESIAN_POINT('',(-1.28863526901724,2.875,-3.27250471468116));
#12532=CARTESIAN_POINT('',(-1.28863526901724,2.675,-3.27250471468116));
#12533=CARTESIAN_POINT('',(-1.08863526901724,2.675,-3.27250471468116));
#12534=CARTESIAN_POINT('',(-1.08863526901724,2.875,-3.27250471468116));
#12535=CARTESIAN_POINT('',(-1.08863526901724,2.575,-3.27250471468116));
#12536=CARTESIAN_POINT('',(-1.28863526901724,2.575,-3.27250471468116));
#12537=CARTESIAN_POINT('',(-1.28863526901724,2.375,-3.27250471468116));
#12538=CARTESIAN_POINT('',(-2.58863526901724,2.375,-3.27250471468116));
#12539=CARTESIAN_POINT('',(-2.38863526901724,2.375,-3.27250471468116));
#12540=CARTESIAN_POINT('',(-2.38863526901724,2.575,-3.27250471468116));
#12541=CARTESIAN_POINT('',(-0.688635269017242,2.075,-3.27250471468116));
#12542=CARTESIAN_POINT('',(-0.688635269017242,2.075,-3.27250471468116));
#12543=CARTESIAN_POINT('',(-0.688635269017242,5.075,-3.27250471468116));
#12544=CARTESIAN_POINT('',(-0.988635269017242,5.075,-3.27250471468116));
#12545=CARTESIAN_POINT('',(-0.988635269017242,5.375,-3.27250471468116));
#12546=CARTESIAN_POINT('',(-2.08863526901724,5.375,-3.27250471468116));
#12547=CARTESIAN_POINT('',(-2.73863526901724,5.375,-3.27250471468116));
#12548=CARTESIAN_POINT('',(-3.78863526901724,4.325,-3.27250471468116));
#12549=CARTESIAN_POINT('',(-3.48863526901724,4.625,-3.27250471468116));
#12550=CARTESIAN_POINT('',(-3.48863526901724,4.125,-3.27250471468116));
#12551=CARTESIAN_POINT('',(-3.68863526901724,4.125,-3.27250471468116));
#12552=CARTESIAN_POINT('',(-3.68863526901724,1.125,-3.27250471468116));
#12553=CARTESIAN_POINT('',(-3.48863526901724,1.125,-3.27250471468116));
#12554=CARTESIAN_POINT('',(-3.48863526901724,0.624999999999998,-3.27250471468116));
#12555=CARTESIAN_POINT('',(-2.98863526901724,0.624999999999998,-3.27250471468116));
#12556=CARTESIAN_POINT('',(-2.98863526901724,2.625,-3.27250471468116));
#12557=CARTESIAN_POINT('',(-2.98863526901724,0.124999999999999,-3.27250471468116));
#12558=CARTESIAN_POINT('',(-3.78863526901724,0.925,-3.27250471468116));
#12559=CARTESIAN_POINT('',(-2.73863526901724,-0.125000000000001,-3.27250471468116));
#12560=CARTESIAN_POINT('',(-2.08863526901724,-0.125000000000001,-3.27250471468116));
#12561=CARTESIAN_POINT('',(-1.08863526901724,-0.125000000000001,-3.27250471468116));
#12562=CARTESIAN_POINT('',(-1.08863526901724,-0.125000000000001,-3.27250471468116));
#12563=CARTESIAN_POINT('',(-1.08863526901724,1.70179491923935,-3.27250471468116));
#12564=CARTESIAN_POINT('',(-0.988635269017242,1.875,-3.27250471468116));
#12565=CARTESIAN_POINT('',(-0.988635269017242,2.075,-3.27250471468116));
#12566=CARTESIAN_POINT('',(-0.688635269017242,2.075,-3.27250471468116));
#12567=CARTESIAN_POINT('',(-2.08863526901724,2.625,-3.27250471468116));
#12568=CARTESIAN_POINT('',(-2.98863526901724,2.625,-3.45250471468116));
#12569=CARTESIAN_POINT('',(-2.98863526901724,0.624999999999998,-3.45250471468116));
#12570=CARTESIAN_POINT('',(-2.98863526901724,0.124999999999999,-3.45250471468116));
#12571=CARTESIAN_POINT('',(-2.98863526901724,0.124999999999999,-3.45250471468116));
#12572=CARTESIAN_POINT('',(-2.98863526901724,0.624999999999998,-3.45250471468116));
#12573=CARTESIAN_POINT('',(-2.98863526901724,2.625,-3.45250471468116));
#12574=CARTESIAN_POINT('',(-0.988635269017242,5.375,-3.45250471468116));
#12575=CARTESIAN_POINT('',(-0.988635269017242,5.375,-3.45250471468116));
#12576=CARTESIAN_POINT('',(-2.08863526901724,5.375,-3.45250471468116));
#12577=CARTESIAN_POINT('',(-2.73863526901724,5.375,-3.45250471468116));
#12578=CARTESIAN_POINT('',(-2.73863526901724,5.375,-3.45250471468116));
#12579=CARTESIAN_POINT('',(-2.08863526901724,5.375,-3.45250471468116));
#12580=CARTESIAN_POINT('',(-1.08863526901724,2.375,-3.45250471468116));
#12581=CARTESIAN_POINT('',(-1.28863526901724,2.375,-3.45250471468116));
#12582=CARTESIAN_POINT('',(-2.38863526901724,2.375,-3.45250471468116));
#12583=CARTESIAN_POINT('',(-1.28863526901724,2.575,-3.45250471468116));
#12584=CARTESIAN_POINT('',(-1.08863526901724,2.575,-3.45250471468116));
#12585=CARTESIAN_POINT('',(-1.08863526901724,2.375,-3.45250471468116));
#12586=CARTESIAN_POINT('',(-1.08863526901724,2.675,-3.45250471468116));
#12587=CARTESIAN_POINT('',(-1.28863526901724,2.675,-3.45250471468116));
#12588=CARTESIAN_POINT('',(-1.28863526901724,2.875,-3.45250471468116));
#12589=CARTESIAN_POINT('',(-1.08863526901724,2.875,-3.45250471468116));
#12590=CARTESIAN_POINT('',(-2.38863526901724,2.875,-3.45250471468116));
#12591=CARTESIAN_POINT('',(-2.38863526901724,2.675,-3.45250471468116));
#12592=CARTESIAN_POINT('',(-2.58863526901724,2.675,-3.45250471468116));
#12593=CARTESIAN_POINT('',(-2.58863526901724,2.375,-3.45250471468116));
#12594=CARTESIAN_POINT('',(-2.58863526901724,2.575,-3.45250471468116));
#12595=CARTESIAN_POINT('',(-2.38863526901724,2.575,-3.45250471468116));
#12596=CARTESIAN_POINT('',(-1.08863526901724,3.975,-3.45250471468116));
#12597=CARTESIAN_POINT('',(-1.28863526901724,3.975,-3.45250471468116));
#12598=CARTESIAN_POINT('',(-2.38863526901724,3.975,-3.45250471468116));
#12599=CARTESIAN_POINT('',(-1.28863526901724,4.175,-3.45250471468116));
#12600=CARTESIAN_POINT('',(-1.08863526901724,4.175,-3.45250471468116));
#12601=CARTESIAN_POINT('',(-1.08863526901724,3.975,-3.45250471468116));
#12602=CARTESIAN_POINT('',(-1.08863526901724,4.275,-3.45250471468116));
#12603=CARTESIAN_POINT('',(-1.28863526901724,4.275,-3.45250471468116));
#12604=CARTESIAN_POINT('',(-1.28863526901724,4.475,-3.45250471468116));
#12605=CARTESIAN_POINT('',(-1.08863526901724,4.475,-3.45250471468116));
#12606=CARTESIAN_POINT('',(-2.38863526901724,4.475,-3.45250471468116));
#12607=CARTESIAN_POINT('',(-2.38863526901724,4.275,-3.45250471468116));
#12608=CARTESIAN_POINT('',(-2.58863526901724,4.275,-3.45250471468116));
#12609=CARTESIAN_POINT('',(-2.58863526901724,3.975,-3.45250471468116));
#12610=CARTESIAN_POINT('',(-2.58863526901724,4.175,-3.45250471468116));
#12611=CARTESIAN_POINT('',(-2.38863526901724,4.175,-3.45250471468116));
#12612=CARTESIAN_POINT('',(-0.988635269017242,5.075,-3.45250471468116));
#12613=CARTESIAN_POINT('',(-0.688635269017242,5.075,-3.45250471468116));
#12614=CARTESIAN_POINT('',(-0.688635269017242,2.075,-3.45250471468116));
#12615=CARTESIAN_POINT('',(-0.688635269017242,2.075,-3.45250471468116));
#12616=CARTESIAN_POINT('',(-0.688635269017242,2.075,-3.45250471468116));
#12617=CARTESIAN_POINT('',(-0.988635269017242,2.075,-3.45250471468116));
#12618=CARTESIAN_POINT('',(-0.988635269017242,1.875,-3.45250471468116));
#12619=CARTESIAN_POINT('',(-1.08863526901724,1.70179491923935,-3.45250471468116));
#12620=CARTESIAN_POINT('',(-1.08863526901724,-0.125000000000001,-3.45250471468116));
#12621=CARTESIAN_POINT('',(-1.08863526901724,-0.125000000000001,-3.45250471468116));
#12622=CARTESIAN_POINT('',(-2.08863526901724,-0.125000000000001,-3.45250471468116));
#12623=CARTESIAN_POINT('',(-2.73863526901724,-0.125000000000001,-3.45250471468116));
#12624=CARTESIAN_POINT('',(-3.78863526901724,0.925,-3.45250471468116));
#12625=CARTESIAN_POINT('',(-3.48863526901724,0.624999999999998,-3.45250471468116));
#12626=CARTESIAN_POINT('',(-3.48863526901724,1.125,-3.45250471468116));
#12627=CARTESIAN_POINT('',(-3.68863526901724,1.125,-3.45250471468116));
#12628=CARTESIAN_POINT('',(-3.68863526901724,4.125,-3.45250471468116));
#12629=CARTESIAN_POINT('',(-3.68863526901724,4.125,-3.45250471468116));
#12630=CARTESIAN_POINT('',(-3.48863526901724,4.125,-3.45250471468116));
#12631=CARTESIAN_POINT('',(-3.48863526901724,4.625,-3.45250471468116));
#12632=CARTESIAN_POINT('',(-3.78863526901724,4.325,-3.45250471468116));
#12633=CARTESIAN_POINT('',(-2.08863526901724,2.625,-3.45250471468116));
#12634=CARTESIAN_POINT('',(-2.73863526901724,-0.125000000000001,-3.45250471468116));
#12635=CARTESIAN_POINT('',(-1.08863526901724,-0.125000000000001,-3.45250471468116));
#12636=CARTESIAN_POINT('',(-2.08863526901724,-0.125000000000001,-3.45250471468116));
#12637=CARTESIAN_POINT('',(-3.48863526901724,4.125,-3.45250471468116));
#12638=CARTESIAN_POINT('',(-2.98863526901724,4.125,-3.45250471468116));
#12639=CARTESIAN_POINT('',(-3.48863526901724,1.125,-3.27250471468116));
#12640=CARTESIAN_POINT('',(-2.98863526901724,1.125,-3.27250471468116));
#12641=CARTESIAN_POINT('',(-1.08863526901724,-0.125000000000001,-3.60250471468116));
#12642=CARTESIAN_POINT('',(-0.938635269017242,-0.125000000000001,-3.60250471468116));
#12643=CARTESIAN_POINT('',(-0.938635269017242,-0.125000000000001,-3.60250471468116));
#12644=CARTESIAN_POINT('',(-0.758635269017242,-0.125000000000001,-3.60250471468116));
#12645=CARTESIAN_POINT('',(-1.08863526901724,-0.125000000000001,-3.60250471468116));
#12646=CARTESIAN_POINT('',(-1.08863526901724,-0.125000000000001,-3.60250471468116));
#12647=CARTESIAN_POINT('',(-1.08863526901724,1.675,-3.60250471468116));
#12648=CARTESIAN_POINT('',(-0.988635269017242,1.675,-3.49070131580617));
#12649=CARTESIAN_POINT('',(-0.938635269017242,1.675,-3.60250471468116));
#12650=CARTESIAN_POINT('',(-0.988635269017242,1.675,-3.27250471468116));
#12651=CARTESIAN_POINT('',(-0.988635269017242,1.675,-3.28802101081083));
#12652=CARTESIAN_POINT('',(-1.08863526901724,1.675,-3.60250471468116));
#12653=CARTESIAN_POINT('',(-0.758635269017242,1.675,-3.60250471468116));
#12654=CARTESIAN_POINT('',(-0.758635269017242,1.675,-3.60250471468116));
#12655=CARTESIAN_POINT('',(-1.08863526901724,1.675,-3.60250471468116));
#12656=CARTESIAN_POINT('',(-0.758635269017242,-0.125000000000001,-3.60250471468116));
#12657=CARTESIAN_POINT('',(-0.988635269017242,1.675,-3.28802101081083));
#12658=CARTESIAN_POINT('',(-1.00750716350791,1.675,-3.28202009748578));
#12659=CARTESIAN_POINT('',(-1.02722101686472,1.6777760226283,-3.27771458102085));
#12660=CARTESIAN_POINT('',(-1.04604491431971,1.68341677363024,-3.27526464731969));
#12661=CARTESIAN_POINT('',(-1.06076853690249,1.68782884020863,-3.27334836514407));
#12662=CARTESIAN_POINT('',(-1.07522099870079,1.69405018666126,-3.2725047146812));
#12663=CARTESIAN_POINT('',(-1.08863526901724,1.70179491923935,-3.27250471468116));
#12664=CARTESIAN_POINT('',(-1.08863526901724,1.675,-3.60250471468116));
#12665=CARTESIAN_POINT('',(-1.08863526901724,1.70179491923935,-3.45250471468116));
#12666=CARTESIAN_POINT('',(-1.07614713136642,1.69458488960512,-3.45250471468116));
#12667=CARTESIAN_POINT('',(-1.06265805072469,1.68867893521431,-3.45412966197467));
#12668=CARTESIAN_POINT('',(-1.04935596738622,1.68444030649273,-3.45773891601525));
#12669=CARTESIAN_POINT('',(-1.03602590828047,1.68019276346145,-3.46135576072028));
#12670=CARTESIAN_POINT('',(-1.02255058155785,1.67751056986503,-3.46708003638475));
#12671=CARTESIAN_POINT('',(-1.01028114045938,1.67617480982151,-3.47459603421757));
#12672=CARTESIAN_POINT('',(-1.00263788502011,1.67534269732868,-3.4792781294211));
#12673=CARTESIAN_POINT('',(-0.995344871605057,1.67499999999977,-3.48470006480974));
#12674=CARTESIAN_POINT('',(-0.988635269016822,1.67499999999979,-3.49070131580545));
#12675=CARTESIAN_POINT('',(-0.938635269017242,1.675,-3.60250471468116));
#12676=CARTESIAN_POINT('',(-1.08863526901724,1.675,-3.60250471468116));
#12677=CARTESIAN_POINT('',(-0.938635269017242,-0.125000000000001,-3.60250471468116));
#12678=CARTESIAN_POINT('',(-0.938635269017241,-0.125000000000001,-6.47250471468116));
#12679=CARTESIAN_POINT('',(-0.758635269017241,-0.125000000000001,-6.47250471468116));
#12680=CARTESIAN_POINT('',(-0.758635269017241,-0.125000000000001,-6.47250471468116));
#12681=CARTESIAN_POINT('',(-0.758635269017242,-0.125000000000001,-3.60250471468116));
#12682=CARTESIAN_POINT('',(-0.938635269017242,-0.125000000000001,-3.60250471468116));
#12683=CARTESIAN_POINT('',(-0.758635269017242,1.675,-3.60250471468116));
#12684=CARTESIAN_POINT('',(-0.758635269017239,1.675,-5.97250471468116));
#12685=CARTESIAN_POINT('',(-0.758635269017236,1.675,-5.97250471468116));
#12686=CARTESIAN_POINT('',(-0.938635269017239,1.675,-5.97250471468116));
#12687=CARTESIAN_POINT('',(-0.938635269017242,1.675,-3.60250471468116));
#12688=CARTESIAN_POINT('',(-0.758635269017242,1.675,-3.60250471468116));
#12689=CARTESIAN_POINT('',(-0.758635269017239,1.375,-5.97250471468116));
#12690=CARTESIAN_POINT('',(-0.758635269017239,0.674999999999999,-6.47250471468116));
#12691=CARTESIAN_POINT('',(-0.758635269017239,0.674999999999999,-6.47250471468116));
#12692=CARTESIAN_POINT('',(-0.758635269017239,0.674999999999999,-6.47250471468116));
#12693=CARTESIAN_POINT('',(-0.758635269017242,-0.125000000000001,-3.60250471468116));
#12694=CARTESIAN_POINT('',(-0.938635269017239,1.375,-5.97250471468116));
#12695=CARTESIAN_POINT('',(-0.938635269017239,0.674999999999999,-6.47250471468116));
#12696=CARTESIAN_POINT('',(-0.938635269017239,0.674999999999999,-6.47250471468116));
#12697=CARTESIAN_POINT('',(-0.938635269017239,0.674999999999999,-6.47250471468116));
#12698=CARTESIAN_POINT('',(-0.938635269017242,1.675,-3.60250471468116));
#12699=CARTESIAN_POINT('',(-0.988635269017242,2.075,-3.45250471468116));
#12700=CARTESIAN_POINT('',(-0.688635269017242,2.075,-3.45250471468116));
#12701=CARTESIAN_POINT('',(-1.18863526901724,2.075,-3.45250471468116));
#12702=CARTESIAN_POINT('',(-0.688635269017242,5.075,-3.45250471468116));
#12703=CARTESIAN_POINT('',(-0.688635269017242,2.075,-3.45250471468116));
#12704=CARTESIAN_POINT('',(-0.758635269017239,0.674999999999999,-6.47250471468116));
#12705=CARTESIAN_POINT('',(-0.758635269017239,0.674999999999999,-6.27250471468116));
#12706=CARTESIAN_POINT('',(-0.458635269017239,0.674999999999998,-6.47250471468116));
#12707=CARTESIAN_POINT('',(-0.458635269017239,0.674999999999998,-6.77250471468116));
#12708=CARTESIAN_POINT('',(-0.458635269017239,0.674999999999998,-6.77250471468116));
#12709=CARTESIAN_POINT('',(-0.458635269017239,0.674999999999998,-6.95250471468116));
#12710=CARTESIAN_POINT('',(-0.458635269017239,0.674999999999998,-6.47250471468116));
#12711=CARTESIAN_POINT('',(-0.458635269017239,0.674999999999998,-6.47250471468116));
#12712=CARTESIAN_POINT('',(-0.458635269017241,-0.125000000000001,-6.47250471468116));
#12713=CARTESIAN_POINT('',(-0.458635269017241,-0.125000000000001,-6.95250471468116));
#12714=CARTESIAN_POINT('',(-0.458635269017241,-0.125000000000001,-6.95250471468116));
#12715=CARTESIAN_POINT('',(-0.458635269017241,-0.125000000000001,-6.77250471468116));
#12716=CARTESIAN_POINT('',(-0.458635269017241,-0.125000000000001,-6.47250471468116));
#12717=CARTESIAN_POINT('',(-0.458635269017241,-0.125000000000001,-6.47250471468116));
#12718=CARTESIAN_POINT('',(-0.458635269017239,0.674999999999998,-6.95250471468116));
#12719=CARTESIAN_POINT('',(-0.458635269017241,-0.125000000000001,-6.47250471468116));
#12720=CARTESIAN_POINT('',(-0.458635269017241,-0.125000000000001,-6.77250471468116));
#12721=CARTESIAN_POINT('',(-0.458635269017241,-0.125000000000001,-6.47250471468116));
#12722=CARTESIAN_POINT('',(-0.458635269017239,0.674999999999998,-6.77250471468116));
#12723=CARTESIAN_POINT('',(3.11136473098276,0.674999999999991,-6.77250471468116));
#12724=CARTESIAN_POINT('',(3.11136473098276,0.674999999999991,-6.77250471468118));
#12725=CARTESIAN_POINT('',(3.11136473098276,0.674999999999991,-6.95250471468116));
#12726=CARTESIAN_POINT('',(-0.458635269017239,0.674999999999998,-6.95250471468116));
#12727=CARTESIAN_POINT('',(-0.458635269017239,0.674999999999998,-6.77250471468116));
#12728=CARTESIAN_POINT('',(-0.458635269017241,-0.125000000000001,-6.95250471468116));
#12729=CARTESIAN_POINT('',(3.11136473098276,-0.125000000000009,-6.95250471468116));
#12730=CARTESIAN_POINT('',(3.11136473098276,-0.125000000000009,-6.95250471468117));
#12731=CARTESIAN_POINT('',(3.11136473098276,-0.125000000000009,-6.77250471468116));
#12732=CARTESIAN_POINT('',(-0.458635269017241,-0.125000000000001,-6.77250471468116));
#12733=CARTESIAN_POINT('',(-0.458635269017241,-0.125000000000001,-6.95250471468116));
#12734=CARTESIAN_POINT('',(3.91136473098276,0.674999999999989,-6.95250471468116));
#12735=CARTESIAN_POINT('',(3.91136473098276,0.359014742548743,-6.95250471468116));
#12736=CARTESIAN_POINT('',(3.91136473098276,0.190985257451236,-6.95250471468116));
#12737=CARTESIAN_POINT('',(3.71136473098276,0.190985257451236,-6.95250471468116));
#12738=CARTESIAN_POINT('',(3.7482224379928,-0.00558917993562745,-6.95250471468116));
#12739=CARTESIAN_POINT('',(-0.192484325621016,-0.744471698113209,-6.95250471468116));
#12740=CARTESIAN_POINT('',(-0.337389985998371,1.32164150943396,-6.95250471468116));
#12741=CARTESIAN_POINT('',(3.7482224379928,0.555589179935607,-6.95250471468116));
#12742=CARTESIAN_POINT('',(3.71136473098276,0.359014742548743,-6.95250471468116));
#12743=CARTESIAN_POINT('',(-0.458635269017239,0.674999999999998,-6.95250471468116));
#12744=CARTESIAN_POINT('',(-0.337389985998375,-0.771641509433964,-6.77250471468116));
#12745=CARTESIAN_POINT('',(3.7482224379928,-0.00558917993562832,-6.77250471468116));
#12746=CARTESIAN_POINT('',(3.71136473098276,0.190985257451236,-6.77250471468116));
#12747=CARTESIAN_POINT('',(3.91136473098276,0.190985257451236,-6.77250471468116));
#12748=CARTESIAN_POINT('',(3.91136473098276,-0.125000000000011,-6.77250471468116));
#12749=CARTESIAN_POINT('',(3.91136473098276,0.359014742548743,-6.77250471468116));
#12750=CARTESIAN_POINT('',(3.71136473098276,0.359014742548743,-6.77250471468116));
#12751=CARTESIAN_POINT('',(3.7482224379928,0.555589179935607,-6.77250471468116));
#12752=CARTESIAN_POINT('',(-0.192484325621013,1.2944716981132,-6.77250471468116));
#12753=CARTESIAN_POINT('',(-0.458635269017241,-0.125000000000001,-6.77250471468116));
#12754=CARTESIAN_POINT('',(3.91136473098276,0.190985257451236,-6.77250471468116));
#12755=CARTESIAN_POINT('',(3.91136473098276,0.359014742548743,-6.77250471468116));
#12756=CARTESIAN_POINT('',(3.91136473098276,0.674999999999989,-6.77250471468116));
#12757=CARTESIAN_POINT('',(3.7482224379928,-0.00558917993562832,-6.95250471468118));
#12758=CARTESIAN_POINT('',(3.11136473098276,-0.125000000000009,-6.95250471468117));
#12759=CARTESIAN_POINT('',(3.7482224379928,0.555589179935608,-6.77250471468118));
#12760=CARTESIAN_POINT('',(3.11136473098276,0.674999999999991,-6.77250471468118));
#12761=CARTESIAN_POINT('',(-3.68863526901724,4.125,-3.12250471468116));
#12762=CARTESIAN_POINT('',(-1.28637246835009,4.175,-3.62250471468116));
#12763=CARTESIAN_POINT('',(-1.28637246835009,4.275,-3.62250471468116));
#12764=CARTESIAN_POINT('',(-1.28637246835009,4.175,-3.62250471468116));
#12765=CARTESIAN_POINT('',(-1.28863526901724,4.175,-3.62250471468116));
#12766=CARTESIAN_POINT('',(-1.28863526901724,4.17273719933285,-3.62250471468116));
#12767=CARTESIAN_POINT('',(-2.38863526901724,4.17273719933285,-3.62250471468116));
#12768=CARTESIAN_POINT('',(-2.38863526901724,4.17273719933285,-3.62250471468116));
#12769=CARTESIAN_POINT('',(-2.38863526901724,4.175,-3.62250471468116));
#12770=CARTESIAN_POINT('',(-2.39089806968439,4.175,-3.62250471468116));
#12771=CARTESIAN_POINT('',(-2.39089806968439,4.275,-3.62250471468116));
#12772=CARTESIAN_POINT('',(-2.39089806968439,4.275,-3.62250471468116));
#12773=CARTESIAN_POINT('',(-2.38863526901724,4.275,-3.62250471468116));
#12774=CARTESIAN_POINT('',(-2.38863526901724,4.27726280066715,-3.62250471468116));
#12775=CARTESIAN_POINT('',(-1.28863526901724,4.27726280066715,-3.62250471468116));
#12776=CARTESIAN_POINT('',(-1.28863526901724,4.27726280066715,-3.62250471468116));
#12777=CARTESIAN_POINT('',(-1.28863526901724,4.275,-3.62250471468116));
#12778=CARTESIAN_POINT('',(-1.08863526901724,3.975,-3.62250471468116));
#12779=CARTESIAN_POINT('',(-1.28637246835009,2.575,-3.62250471468116));
#12780=CARTESIAN_POINT('',(-1.28637246835009,2.675,-3.62250471468116));
#12781=CARTESIAN_POINT('',(-1.28637246835009,2.575,-3.62250471468116));
#12782=CARTESIAN_POINT('',(-1.28863526901724,2.575,-3.62250471468116));
#12783=CARTESIAN_POINT('',(-1.28863526901724,2.57273719933285,-3.62250471468116));
#12784=CARTESIAN_POINT('',(-2.38863526901724,2.57273719933285,-3.62250471468116));
#12785=CARTESIAN_POINT('',(-2.38863526901724,2.57273719933285,-3.62250471468116));
#12786=CARTESIAN_POINT('',(-2.38863526901724,2.575,-3.62250471468116));
#12787=CARTESIAN_POINT('',(-2.39089806968439,2.575,-3.62250471468116));
#12788=CARTESIAN_POINT('',(-2.39089806968439,2.675,-3.62250471468116));
#12789=CARTESIAN_POINT('',(-2.39089806968439,2.675,-3.62250471468116));
#12790=CARTESIAN_POINT('',(-2.38863526901724,2.675,-3.62250471468116));
#12791=CARTESIAN_POINT('',(-2.38863526901724,2.67726280066715,-3.62250471468116));
#12792=CARTESIAN_POINT('',(-1.28863526901724,2.67726280066715,-3.62250471468116));
#12793=CARTESIAN_POINT('',(-1.28863526901724,2.67726280066715,-3.62250471468116));
#12794=CARTESIAN_POINT('',(-1.28863526901724,2.675,-3.62250471468116));
#12795=CARTESIAN_POINT('',(-1.08863526901724,2.375,-3.62250471468116));
#12796=CARTESIAN_POINT('',(-2.39089806968439,2.675,-3.42250471468116));
#12797=CARTESIAN_POINT('',(-2.38863526901724,2.67726280066715,-3.42250471468116));
#12798=CARTESIAN_POINT('',(-2.38863526901724,2.875,-3.45250471468116));
#12799=CARTESIAN_POINT('',(-2.50579255654262,2.875,-3.45250471468116));
#12800=CARTESIAN_POINT('',(-2.58863526901724,2.79215728752538,-3.45250471468116));
#12801=CARTESIAN_POINT('',(-2.58863526901724,2.675,-3.45250471468116));
#12802=CARTESIAN_POINT('',(-2.38863526901724,2.85945696510104,-3.55495258768289));
#12803=CARTESIAN_POINT('',(-2.49668765749925,2.85945696510104,-3.55495258768289));
#12804=CARTESIAN_POINT('',(-2.57309223411829,2.78305238848201,-3.55495258768289));
#12805=CARTESIAN_POINT('',(-2.57309223411829,2.675,-3.55495258768289));
#12806=CARTESIAN_POINT('',(-2.38863526901724,2.78088303332684,-3.62250471468116));
#12807=CARTESIAN_POINT('',(-2.4506601139149,2.78088303332684,-3.62250471468116));
#12808=CARTESIAN_POINT('',(-2.49451830234408,2.73702484489766,-3.62250471468116));
#12809=CARTESIAN_POINT('',(-2.49451830234408,2.675,-3.62250471468116));
#12810=CARTESIAN_POINT('',(-2.38863526901724,2.67726280066715,-3.62250471468116));
#12811=CARTESIAN_POINT('',(-2.38996078695911,2.67726280066715,-3.62250471468116));
#12812=CARTESIAN_POINT('',(-2.39089806968439,2.67632551794187,-3.62250471468116));
#12813=CARTESIAN_POINT('',(-2.39089806968439,2.675,-3.62250471468116));
#12814=CARTESIAN_POINT('',(-1.28863526901724,2.67726280066715,-3.42250471468116));
#12815=CARTESIAN_POINT('',(-1.08863526901724,2.67726280066715,-3.42250471468116));
#12816=CARTESIAN_POINT('',(-2.39089806968439,2.575,-3.42250471468116));
#12817=CARTESIAN_POINT('',(-2.39089806968439,2.875,-3.42250471468116));
#12818=CARTESIAN_POINT('',(-1.28637246835009,2.675,-3.42250471468116));
#12819=CARTESIAN_POINT('',(-1.08863526901724,2.675,-3.45250471468116));
#12820=CARTESIAN_POINT('',(-1.08863526901724,2.79215728752538,-3.45250471468116));
#12821=CARTESIAN_POINT('',(-1.17147798149186,2.875,-3.45250471468116));
#12822=CARTESIAN_POINT('',(-1.28863526901724,2.875,-3.45250471468116));
#12823=CARTESIAN_POINT('',(-1.1041783039162,2.675,-3.55495258768289));
#12824=CARTESIAN_POINT('',(-1.1041783039162,2.78305238848201,-3.55495258768289));
#12825=CARTESIAN_POINT('',(-1.18058288053523,2.85945696510104,-3.55495258768289));
#12826=CARTESIAN_POINT('',(-1.28863526901724,2.85945696510104,-3.55495258768289));
#12827=CARTESIAN_POINT('',(-1.1827522356904,2.675,-3.62250471468116));
#12828=CARTESIAN_POINT('',(-1.1827522356904,2.73702484489766,-3.62250471468116));
#12829=CARTESIAN_POINT('',(-1.22661042411958,2.78088303332684,-3.62250471468116));
#12830=CARTESIAN_POINT('',(-1.28863526901724,2.78088303332684,-3.62250471468116));
#12831=CARTESIAN_POINT('',(-1.28637246835009,2.675,-3.62250471468116));
#12832=CARTESIAN_POINT('',(-1.28637246835009,2.67632551794187,-3.62250471468116));
#12833=CARTESIAN_POINT('',(-1.28730975107537,2.67726280066715,-3.62250471468116));
#12834=CARTESIAN_POINT('',(-1.28863526901724,2.67726280066715,-3.62250471468116));
#12835=CARTESIAN_POINT('',(-2.38863526901724,2.57273719933285,-3.42250471468116));
#12836=CARTESIAN_POINT('',(-2.58863526901724,2.575,-3.45250471468116));
#12837=CARTESIAN_POINT('',(-2.58863526901724,2.45784271247462,-3.45250471468116));
#12838=CARTESIAN_POINT('',(-2.50579255654262,2.375,-3.45250471468116));
#12839=CARTESIAN_POINT('',(-2.38863526901724,2.375,-3.45250471468116));
#12840=CARTESIAN_POINT('',(-2.57309223411829,2.575,-3.55495258768289));
#12841=CARTESIAN_POINT('',(-2.57309223411829,2.46694761151799,-3.55495258768289));
#12842=CARTESIAN_POINT('',(-2.49668765749925,2.39054303489895,-3.55495258768289));
#12843=CARTESIAN_POINT('',(-2.38863526901724,2.39054303489895,-3.55495258768289));
#12844=CARTESIAN_POINT('',(-2.49451830234408,2.575,-3.62250471468116));
#12845=CARTESIAN_POINT('',(-2.49451830234408,2.51297515510234,-3.62250471468116));
#12846=CARTESIAN_POINT('',(-2.4506601139149,2.46911696667316,-3.62250471468116));
#12847=CARTESIAN_POINT('',(-2.38863526901724,2.46911696667316,-3.62250471468116));
#12848=CARTESIAN_POINT('',(-2.39089806968439,2.575,-3.62250471468116));
#12849=CARTESIAN_POINT('',(-2.39089806968439,2.57367448205813,-3.62250471468116));
#12850=CARTESIAN_POINT('',(-2.38996078695911,2.57273719933285,-3.62250471468116));
#12851=CARTESIAN_POINT('',(-2.38863526901724,2.57273719933285,-3.62250471468116));
#12852=CARTESIAN_POINT('',(-1.28637246835009,2.575,-3.42250471468116));
#12853=CARTESIAN_POINT('',(-1.28637246835009,2.375,-3.42250471468116));
#12854=CARTESIAN_POINT('',(-1.28863526901724,2.57273719933285,-3.42250471468116));
#12855=CARTESIAN_POINT('',(-2.58863526901724,2.57273719933285,-3.42250471468116));
#12856=CARTESIAN_POINT('',(-1.28863526901724,2.375,-3.45250471468116));
#12857=CARTESIAN_POINT('',(-1.17147798149186,2.375,-3.45250471468116));
#12858=CARTESIAN_POINT('',(-1.08863526901724,2.45784271247462,-3.45250471468116));
#12859=CARTESIAN_POINT('',(-1.08863526901724,2.575,-3.45250471468116));
#12860=CARTESIAN_POINT('',(-1.28863526901724,2.39054303489895,-3.55495258768289));
#12861=CARTESIAN_POINT('',(-1.18058288053523,2.39054303489895,-3.55495258768289));
#12862=CARTESIAN_POINT('',(-1.1041783039162,2.46694761151799,-3.55495258768289));
#12863=CARTESIAN_POINT('',(-1.1041783039162,2.575,-3.55495258768289));
#12864=CARTESIAN_POINT('',(-1.28863526901724,2.46911696667316,-3.62250471468116));
#12865=CARTESIAN_POINT('',(-1.22661042411958,2.46911696667316,-3.62250471468116));
#12866=CARTESIAN_POINT('',(-1.1827522356904,2.51297515510234,-3.62250471468116));
#12867=CARTESIAN_POINT('',(-1.1827522356904,2.575,-3.62250471468116));
#12868=CARTESIAN_POINT('',(-1.28863526901724,2.57273719933285,-3.62250471468116));
#12869=CARTESIAN_POINT('',(-1.28730975107537,2.57273719933285,-3.62250471468116));
#12870=CARTESIAN_POINT('',(-1.28637246835009,2.57367448205813,-3.62250471468116));
#12871=CARTESIAN_POINT('',(-1.28637246835009,2.575,-3.62250471468116));
#12872=CARTESIAN_POINT('',(-2.39089806968439,4.275,-3.42250471468116));
#12873=CARTESIAN_POINT('',(-2.38863526901724,4.27726280066715,-3.42250471468116));
#12874=CARTESIAN_POINT('',(-2.38863526901724,4.475,-3.45250471468116));
#12875=CARTESIAN_POINT('',(-2.50579255654262,4.475,-3.45250471468116));
#12876=CARTESIAN_POINT('',(-2.58863526901724,4.39215728752538,-3.45250471468116));
#12877=CARTESIAN_POINT('',(-2.58863526901724,4.275,-3.45250471468116));
#12878=CARTESIAN_POINT('',(-2.38863526901724,4.45945696510105,-3.55495258768289));
#12879=CARTESIAN_POINT('',(-2.49668765749925,4.45945696510105,-3.55495258768289));
#12880=CARTESIAN_POINT('',(-2.57309223411829,4.38305238848201,-3.55495258768289));
#12881=CARTESIAN_POINT('',(-2.57309223411829,4.275,-3.55495258768289));
#12882=CARTESIAN_POINT('',(-2.38863526901724,4.38088303332684,-3.62250471468116));
#12883=CARTESIAN_POINT('',(-2.4506601139149,4.38088303332684,-3.62250471468116));
#12884=CARTESIAN_POINT('',(-2.49451830234408,4.33702484489766,-3.62250471468116));
#12885=CARTESIAN_POINT('',(-2.49451830234408,4.275,-3.62250471468116));
#12886=CARTESIAN_POINT('',(-2.38863526901724,4.27726280066715,-3.62250471468116));
#12887=CARTESIAN_POINT('',(-2.38996078695911,4.27726280066715,-3.62250471468116));
#12888=CARTESIAN_POINT('',(-2.39089806968439,4.27632551794187,-3.62250471468116));
#12889=CARTESIAN_POINT('',(-2.39089806968439,4.275,-3.62250471468116));
#12890=CARTESIAN_POINT('',(-1.28863526901724,4.27726280066715,-3.42250471468116));
#12891=CARTESIAN_POINT('',(-1.08863526901724,4.27726280066715,-3.42250471468116));
#12892=CARTESIAN_POINT('',(-2.39089806968439,4.175,-3.42250471468116));
#12893=CARTESIAN_POINT('',(-2.39089806968439,4.475,-3.42250471468116));
#12894=CARTESIAN_POINT('',(-1.28637246835009,4.275,-3.42250471468116));
#12895=CARTESIAN_POINT('',(-1.08863526901724,4.275,-3.45250471468116));
#12896=CARTESIAN_POINT('',(-1.08863526901724,4.39215728752538,-3.45250471468116));
#12897=CARTESIAN_POINT('',(-1.17147798149186,4.475,-3.45250471468116));
#12898=CARTESIAN_POINT('',(-1.28863526901724,4.475,-3.45250471468116));
#12899=CARTESIAN_POINT('',(-1.1041783039162,4.275,-3.55495258768289));
#12900=CARTESIAN_POINT('',(-1.1041783039162,4.38305238848201,-3.55495258768289));
#12901=CARTESIAN_POINT('',(-1.18058288053523,4.45945696510104,-3.55495258768289));
#12902=CARTESIAN_POINT('',(-1.28863526901724,4.45945696510104,-3.55495258768289));
#12903=CARTESIAN_POINT('',(-1.1827522356904,4.275,-3.62250471468116));
#12904=CARTESIAN_POINT('',(-1.1827522356904,4.33702484489766,-3.62250471468116));
#12905=CARTESIAN_POINT('',(-1.22661042411958,4.38088303332684,-3.62250471468116));
#12906=CARTESIAN_POINT('',(-1.28863526901724,4.38088303332684,-3.62250471468116));
#12907=CARTESIAN_POINT('',(-1.28637246835009,4.275,-3.62250471468116));
#12908=CARTESIAN_POINT('',(-1.28637246835009,4.27632551794187,-3.62250471468116));
#12909=CARTESIAN_POINT('',(-1.28730975107537,4.27726280066715,-3.62250471468116));
#12910=CARTESIAN_POINT('',(-1.28863526901724,4.27726280066715,-3.62250471468116));
#12911=CARTESIAN_POINT('',(-2.38863526901724,4.17273719933285,-3.42250471468116));
#12912=CARTESIAN_POINT('',(-2.58863526901724,4.175,-3.45250471468116));
#12913=CARTESIAN_POINT('',(-2.58863526901724,4.05784271247462,-3.45250471468116));
#12914=CARTESIAN_POINT('',(-2.50579255654262,3.975,-3.45250471468116));
#12915=CARTESIAN_POINT('',(-2.38863526901724,3.975,-3.45250471468116));
#12916=CARTESIAN_POINT('',(-2.57309223411829,4.175,-3.55495258768289));
#12917=CARTESIAN_POINT('',(-2.57309223411829,4.06694761151799,-3.55495258768289));
#12918=CARTESIAN_POINT('',(-2.49668765749925,3.99054303489895,-3.55495258768289));
#12919=CARTESIAN_POINT('',(-2.38863526901724,3.99054303489895,-3.55495258768289));
#12920=CARTESIAN_POINT('',(-2.49451830234408,4.175,-3.62250471468116));
#12921=CARTESIAN_POINT('',(-2.49451830234408,4.11297515510234,-3.62250471468116));
#12922=CARTESIAN_POINT('',(-2.4506601139149,4.06911696667316,-3.62250471468116));
#12923=CARTESIAN_POINT('',(-2.38863526901724,4.06911696667316,-3.62250471468116));
#12924=CARTESIAN_POINT('',(-2.39089806968439,4.175,-3.62250471468116));
#12925=CARTESIAN_POINT('',(-2.39089806968439,4.17367448205813,-3.62250471468116));
#12926=CARTESIAN_POINT('',(-2.38996078695911,4.17273719933285,-3.62250471468116));
#12927=CARTESIAN_POINT('',(-2.38863526901724,4.17273719933285,-3.62250471468116));
#12928=CARTESIAN_POINT('',(-1.28637246835009,4.175,-3.42250471468116));
#12929=CARTESIAN_POINT('',(-1.28637246835009,3.975,-3.42250471468116));
#12930=CARTESIAN_POINT('',(-1.28863526901724,4.17273719933285,-3.42250471468116));
#12931=CARTESIAN_POINT('',(-2.58863526901724,4.17273719933285,-3.42250471468116));
#12932=CARTESIAN_POINT('',(-1.28863526901724,3.975,-3.45250471468116));
#12933=CARTESIAN_POINT('',(-1.17147798149186,3.975,-3.45250471468116));
#12934=CARTESIAN_POINT('',(-1.08863526901724,4.05784271247462,-3.45250471468116));
#12935=CARTESIAN_POINT('',(-1.08863526901724,4.175,-3.45250471468116));
#12936=CARTESIAN_POINT('',(-1.28863526901724,3.99054303489895,-3.55495258768289));
#12937=CARTESIAN_POINT('',(-1.18058288053523,3.99054303489895,-3.55495258768289));
#12938=CARTESIAN_POINT('',(-1.10417830391619,4.06694761151799,-3.55495258768289));
#12939=CARTESIAN_POINT('',(-1.10417830391619,4.175,-3.55495258768289));
#12940=CARTESIAN_POINT('',(-1.28863526901724,4.06911696667316,-3.62250471468116));
#12941=CARTESIAN_POINT('',(-1.22661042411958,4.06911696667316,-3.62250471468116));
#12942=CARTESIAN_POINT('',(-1.1827522356904,4.11297515510234,-3.62250471468116));
#12943=CARTESIAN_POINT('',(-1.1827522356904,4.175,-3.62250471468116));
#12944=CARTESIAN_POINT('',(-1.28863526901724,4.17273719933285,-3.62250471468116));
#12945=CARTESIAN_POINT('',(-1.28730975107537,4.17273719933285,-3.62250471468116));
#12946=CARTESIAN_POINT('',(-1.28637246835009,4.17367448205813,-3.62250471468116));
#12947=CARTESIAN_POINT('',(-1.28637246835009,4.175,-3.62250471468116));
#12948=CARTESIAN_POINT('',(-2.39089806968439,2.875,-3.44250471468116));
#12949=CARTESIAN_POINT('',(-2.39089806968439,2.675,-3.44250471468116));
#12950=CARTESIAN_POINT('',(-2.39089806968439,2.575,-3.44250471468116));
#12951=CARTESIAN_POINT('',(-2.38863526901724,2.575,-3.44250471468116));
#12952=CARTESIAN_POINT('',(-2.38863526901724,2.57273719933285,-3.44250471468116));
#12953=CARTESIAN_POINT('',(-2.58863526901724,2.57273719933285,-3.44250471468116));
#12954=CARTESIAN_POINT('',(-1.28863526901724,2.57273719933285,-3.44250471468116));
#12955=CARTESIAN_POINT('',(-1.28863526901724,2.575,-3.44250471468116));
#12956=CARTESIAN_POINT('',(-1.28637246835009,2.575,-3.44250471468116));
#12957=CARTESIAN_POINT('',(-1.28637246835009,2.875,-3.44250471468116));
#12958=CARTESIAN_POINT('',(-1.28637246835009,2.675,-3.44250471468116));
#12959=CARTESIAN_POINT('',(-1.28863526901724,2.675,-3.44250471468116));
#12960=CARTESIAN_POINT('',(-1.28863526901724,2.67726280066715,-3.44250471468116));
#12961=CARTESIAN_POINT('',(-2.58863526901724,2.67726280066715,-3.44250471468116));
#12962=CARTESIAN_POINT('',(-2.38863526901724,2.67726280066715,-3.44250471468116));
#12963=CARTESIAN_POINT('',(-2.38863526901724,2.675,-3.44250471468116));
#12964=CARTESIAN_POINT('',(-2.58863526901724,2.875,-3.44250471468116));
#12965=CARTESIAN_POINT('',(-2.39089806968439,4.475,-3.44250471468116));
#12966=CARTESIAN_POINT('',(-2.39089806968439,4.275,-3.44250471468116));
#12967=CARTESIAN_POINT('',(-2.39089806968439,4.175,-3.44250471468116));
#12968=CARTESIAN_POINT('',(-2.38863526901724,4.175,-3.44250471468116));
#12969=CARTESIAN_POINT('',(-2.38863526901724,4.17273719933285,-3.44250471468116));
#12970=CARTESIAN_POINT('',(-2.58863526901724,4.17273719933285,-3.44250471468116));
#12971=CARTESIAN_POINT('',(-1.28863526901724,4.17273719933285,-3.44250471468116));
#12972=CARTESIAN_POINT('',(-1.28863526901724,4.175,-3.44250471468116));
#12973=CARTESIAN_POINT('',(-1.28637246835009,4.175,-3.44250471468116));
#12974=CARTESIAN_POINT('',(-1.28637246835009,4.475,-3.44250471468116));
#12975=CARTESIAN_POINT('',(-1.28637246835009,4.275,-3.44250471468116));
#12976=CARTESIAN_POINT('',(-1.28863526901724,4.275,-3.44250471468116));
#12977=CARTESIAN_POINT('',(-1.28863526901724,4.27726280066715,-3.44250471468116));
#12978=CARTESIAN_POINT('',(-2.58863526901724,4.27726280066715,-3.44250471468116));
#12979=CARTESIAN_POINT('',(-2.38863526901724,4.27726280066715,-3.44250471468116));
#12980=CARTESIAN_POINT('',(-2.38863526901724,4.275,-3.44250471468116));
#12981=CARTESIAN_POINT('',(-2.58863526901724,4.475,-3.44250471468116));
#12982=CARTESIAN_POINT('',(-1.2863724683501,2.675,-3.24250471468116));
#12983=CARTESIAN_POINT('',(-1.28863526901724,2.67726280066715,-3.24250471468116));
#12984=CARTESIAN_POINT('',(-1.28637246835009,2.675,-3.44250471468116));
#12985=CARTESIAN_POINT('',(-1.28637246835009,2.67632551794187,-3.44250471468116));
#12986=CARTESIAN_POINT('',(-1.28730975107537,2.67726280066715,-3.44250471468116));
#12987=CARTESIAN_POINT('',(-1.28863526901724,2.67726280066715,-3.44250471468116));
#12988=CARTESIAN_POINT('',(-1.1827522356904,2.675,-3.44250471468116));
#12989=CARTESIAN_POINT('',(-1.1827522356904,2.73702484489766,-3.44250471468116));
#12990=CARTESIAN_POINT('',(-1.22661042411958,2.78088303332684,-3.44250471468116));
#12991=CARTESIAN_POINT('',(-1.28863526901724,2.78088303332684,-3.44250471468116));
#12992=CARTESIAN_POINT('',(-1.1041783039162,2.675,-3.37495258768289));
#12993=CARTESIAN_POINT('',(-1.1041783039162,2.78305238848201,-3.37495258768289));
#12994=CARTESIAN_POINT('',(-1.18058288053523,2.85945696510105,-3.37495258768289));
#12995=CARTESIAN_POINT('',(-1.28863526901724,2.85945696510105,-3.37495258768289));
#12996=CARTESIAN_POINT('',(-1.08863526901724,2.675,-3.27250471468116));
#12997=CARTESIAN_POINT('',(-1.08863526901724,2.79215728752538,-3.27250471468116));
#12998=CARTESIAN_POINT('',(-1.17147798149186,2.875,-3.27250471468116));
#12999=CARTESIAN_POINT('',(-1.28863526901724,2.875,-3.27250471468116));
#13000=CARTESIAN_POINT('',(-2.38863526901724,2.67726280066715,-3.24250471468116));
#13001=CARTESIAN_POINT('',(-1.08863526901724,2.67726280066715,-3.24250471468116));
#13002=CARTESIAN_POINT('',(-1.2863724683501,2.575,-3.24250471468116));
#13003=CARTESIAN_POINT('',(-1.28637246835009,2.375,-3.24250471468116));
#13004=CARTESIAN_POINT('',(-2.39089806968439,2.675,-3.24250471468116));
#13005=CARTESIAN_POINT('',(-2.38863526901724,2.67726280066715,-3.44250471468116));
#13006=CARTESIAN_POINT('',(-2.38996078695911,2.67726280066715,-3.44250471468116));
#13007=CARTESIAN_POINT('',(-2.39089806968439,2.67632551794187,-3.44250471468116));
#13008=CARTESIAN_POINT('',(-2.39089806968439,2.675,-3.44250471468116));
#13009=CARTESIAN_POINT('',(-2.38863526901724,2.78088303332684,-3.44250471468116));
#13010=CARTESIAN_POINT('',(-2.4506601139149,2.78088303332684,-3.44250471468116));
#13011=CARTESIAN_POINT('',(-2.49451830234408,2.73702484489766,-3.44250471468116));
#13012=CARTESIAN_POINT('',(-2.49451830234408,2.675,-3.44250471468116));
#13013=CARTESIAN_POINT('',(-2.38863526901724,2.85945696510105,-3.37495258768289));
#13014=CARTESIAN_POINT('',(-2.49668765749925,2.85945696510105,-3.37495258768289));
#13015=CARTESIAN_POINT('',(-2.57309223411829,2.78305238848201,-3.37495258768289));
#13016=CARTESIAN_POINT('',(-2.57309223411829,2.675,-3.37495258768289));
#13017=CARTESIAN_POINT('',(-2.38863526901724,2.875,-3.27250471468116));
#13018=CARTESIAN_POINT('',(-2.50579255654262,2.875,-3.27250471468116));
#13019=CARTESIAN_POINT('',(-2.58863526901724,2.79215728752538,-3.27250471468116));
#13020=CARTESIAN_POINT('',(-2.58863526901724,2.675,-3.27250471468116));
#13021=CARTESIAN_POINT('',(-1.28863526901724,2.57273719933286,-3.24250471468116));
#13022=CARTESIAN_POINT('',(-1.28863526901724,2.57273719933285,-3.44250471468116));
#13023=CARTESIAN_POINT('',(-1.28730975107537,2.57273719933285,-3.44250471468116));
#13024=CARTESIAN_POINT('',(-1.28637246835009,2.57367448205813,-3.44250471468116));
#13025=CARTESIAN_POINT('',(-1.28637246835009,2.575,-3.44250471468116));
#13026=CARTESIAN_POINT('',(-1.28863526901724,2.46911696667316,-3.44250471468116));
#13027=CARTESIAN_POINT('',(-1.22661042411958,2.46911696667316,-3.44250471468116));
#13028=CARTESIAN_POINT('',(-1.1827522356904,2.51297515510234,-3.44250471468116));
#13029=CARTESIAN_POINT('',(-1.1827522356904,2.575,-3.44250471468116));
#13030=CARTESIAN_POINT('',(-1.28863526901724,2.39054303489895,-3.37495258768289));
#13031=CARTESIAN_POINT('',(-1.18058288053523,2.39054303489895,-3.37495258768289));
#13032=CARTESIAN_POINT('',(-1.1041783039162,2.46694761151799,-3.37495258768289));
#13033=CARTESIAN_POINT('',(-1.1041783039162,2.575,-3.37495258768289));
#13034=CARTESIAN_POINT('',(-1.28863526901724,2.375,-3.27250471468116));
#13035=CARTESIAN_POINT('',(-1.17147798149186,2.375,-3.27250471468116));
#13036=CARTESIAN_POINT('',(-1.08863526901724,2.45784271247462,-3.27250471468116));
#13037=CARTESIAN_POINT('',(-1.08863526901724,2.575,-3.27250471468116));
#13038=CARTESIAN_POINT('',(-2.39089806968439,2.575,-3.24250471468116));
#13039=CARTESIAN_POINT('',(-2.39089806968439,2.875,-3.24250471468116));
#13040=CARTESIAN_POINT('',(-2.38863526901724,2.57273719933286,-3.24250471468116));
#13041=CARTESIAN_POINT('',(-2.58863526901724,2.57273719933285,-3.24250471468116));
#13042=CARTESIAN_POINT('',(-2.39089806968439,2.575,-3.44250471468116));
#13043=CARTESIAN_POINT('',(-2.39089806968439,2.57367448205813,-3.44250471468116));
#13044=CARTESIAN_POINT('',(-2.38996078695911,2.57273719933285,-3.44250471468116));
#13045=CARTESIAN_POINT('',(-2.38863526901724,2.57273719933285,-3.44250471468116));
#13046=CARTESIAN_POINT('',(-2.49451830234408,2.575,-3.44250471468116));
#13047=CARTESIAN_POINT('',(-2.49451830234408,2.51297515510234,-3.44250471468116));
#13048=CARTESIAN_POINT('',(-2.4506601139149,2.46911696667316,-3.44250471468116));
#13049=CARTESIAN_POINT('',(-2.38863526901724,2.46911696667316,-3.44250471468116));
#13050=CARTESIAN_POINT('',(-2.57309223411829,2.575,-3.37495258768289));
#13051=CARTESIAN_POINT('',(-2.57309223411829,2.46694761151799,-3.37495258768289));
#13052=CARTESIAN_POINT('',(-2.49668765749925,2.39054303489895,-3.37495258768289));
#13053=CARTESIAN_POINT('',(-2.38863526901724,2.39054303489895,-3.37495258768289));
#13054=CARTESIAN_POINT('',(-2.58863526901724,2.575,-3.27250471468116));
#13055=CARTESIAN_POINT('',(-2.58863526901724,2.45784271247462,-3.27250471468116));
#13056=CARTESIAN_POINT('',(-2.50579255654262,2.375,-3.27250471468116));
#13057=CARTESIAN_POINT('',(-2.38863526901724,2.375,-3.27250471468116));
#13058=CARTESIAN_POINT('',(-1.2863724683501,4.275,-3.24250471468116));
#13059=CARTESIAN_POINT('',(-1.28863526901724,4.27726280066715,-3.24250471468116));
#13060=CARTESIAN_POINT('',(-1.28637246835009,4.275,-3.44250471468116));
#13061=CARTESIAN_POINT('',(-1.28637246835009,4.27632551794187,-3.44250471468116));
#13062=CARTESIAN_POINT('',(-1.28730975107537,4.27726280066715,-3.44250471468116));
#13063=CARTESIAN_POINT('',(-1.28863526901724,4.27726280066715,-3.44250471468116));
#13064=CARTESIAN_POINT('',(-1.1827522356904,4.275,-3.44250471468116));
#13065=CARTESIAN_POINT('',(-1.1827522356904,4.33702484489766,-3.44250471468116));
#13066=CARTESIAN_POINT('',(-1.22661042411958,4.38088303332684,-3.44250471468116));
#13067=CARTESIAN_POINT('',(-1.28863526901724,4.38088303332684,-3.44250471468116));
#13068=CARTESIAN_POINT('',(-1.1041783039162,4.275,-3.37495258768289));
#13069=CARTESIAN_POINT('',(-1.1041783039162,4.38305238848201,-3.37495258768289));
#13070=CARTESIAN_POINT('',(-1.18058288053523,4.45945696510104,-3.37495258768289));
#13071=CARTESIAN_POINT('',(-1.28863526901724,4.45945696510104,-3.37495258768289));
#13072=CARTESIAN_POINT('',(-1.08863526901724,4.275,-3.27250471468116));
#13073=CARTESIAN_POINT('',(-1.08863526901724,4.39215728752538,-3.27250471468116));
#13074=CARTESIAN_POINT('',(-1.17147798149186,4.475,-3.27250471468116));
#13075=CARTESIAN_POINT('',(-1.28863526901724,4.475,-3.27250471468116));
#13076=CARTESIAN_POINT('',(-2.38863526901724,4.27726280066715,-3.24250471468116));
#13077=CARTESIAN_POINT('',(-1.08863526901724,4.27726280066715,-3.24250471468116));
#13078=CARTESIAN_POINT('',(-1.2863724683501,4.175,-3.24250471468116));
#13079=CARTESIAN_POINT('',(-1.28637246835009,3.975,-3.24250471468116));
#13080=CARTESIAN_POINT('',(-2.39089806968439,4.275,-3.24250471468116));
#13081=CARTESIAN_POINT('',(-2.38863526901724,4.27726280066715,-3.44250471468116));
#13082=CARTESIAN_POINT('',(-2.38996078695911,4.27726280066715,-3.44250471468116));
#13083=CARTESIAN_POINT('',(-2.39089806968439,4.27632551794187,-3.44250471468116));
#13084=CARTESIAN_POINT('',(-2.39089806968439,4.275,-3.44250471468116));
#13085=CARTESIAN_POINT('',(-2.38863526901724,4.38088303332684,-3.44250471468116));
#13086=CARTESIAN_POINT('',(-2.4506601139149,4.38088303332684,-3.44250471468116));
#13087=CARTESIAN_POINT('',(-2.49451830234408,4.33702484489766,-3.44250471468116));
#13088=CARTESIAN_POINT('',(-2.49451830234408,4.275,-3.44250471468116));
#13089=CARTESIAN_POINT('',(-2.38863526901724,4.45945696510105,-3.37495258768289));
#13090=CARTESIAN_POINT('',(-2.49668765749925,4.45945696510105,-3.37495258768289));
#13091=CARTESIAN_POINT('',(-2.57309223411829,4.38305238848201,-3.37495258768289));
#13092=CARTESIAN_POINT('',(-2.57309223411829,4.275,-3.37495258768289));
#13093=CARTESIAN_POINT('',(-2.38863526901724,4.475,-3.27250471468116));
#13094=CARTESIAN_POINT('',(-2.50579255654262,4.475,-3.27250471468116));
#13095=CARTESIAN_POINT('',(-2.58863526901724,4.39215728752538,-3.27250471468116));
#13096=CARTESIAN_POINT('',(-2.58863526901724,4.275,-3.27250471468116));
#13097=CARTESIAN_POINT('',(-1.28863526901724,4.17273719933285,-3.24250471468116));
#13098=CARTESIAN_POINT('',(-1.28863526901724,4.17273719933285,-3.44250471468116));
#13099=CARTESIAN_POINT('',(-1.28730975107537,4.17273719933285,-3.44250471468116));
#13100=CARTESIAN_POINT('',(-1.28637246835009,4.17367448205813,-3.44250471468116));
#13101=CARTESIAN_POINT('',(-1.28637246835009,4.175,-3.44250471468116));
#13102=CARTESIAN_POINT('',(-1.28863526901724,4.06911696667316,-3.44250471468116));
#13103=CARTESIAN_POINT('',(-1.22661042411958,4.06911696667316,-3.44250471468116));
#13104=CARTESIAN_POINT('',(-1.1827522356904,4.11297515510234,-3.44250471468116));
#13105=CARTESIAN_POINT('',(-1.1827522356904,4.175,-3.44250471468116));
#13106=CARTESIAN_POINT('',(-1.28863526901724,3.99054303489895,-3.37495258768289));
#13107=CARTESIAN_POINT('',(-1.18058288053523,3.99054303489895,-3.37495258768289));
#13108=CARTESIAN_POINT('',(-1.1041783039162,4.06694761151799,-3.37495258768289));
#13109=CARTESIAN_POINT('',(-1.10417830391619,4.175,-3.37495258768289));
#13110=CARTESIAN_POINT('',(-1.28863526901724,3.975,-3.27250471468116));
#13111=CARTESIAN_POINT('',(-1.17147798149186,3.975,-3.27250471468116));
#13112=CARTESIAN_POINT('',(-1.08863526901724,4.05784271247462,-3.27250471468116));
#13113=CARTESIAN_POINT('',(-1.08863526901724,4.175,-3.27250471468116));
#13114=CARTESIAN_POINT('',(-2.39089806968439,4.175,-3.24250471468116));
#13115=CARTESIAN_POINT('',(-2.39089806968439,4.475,-3.24250471468116));
#13116=CARTESIAN_POINT('',(-2.38863526901724,4.17273719933285,-3.24250471468116));
#13117=CARTESIAN_POINT('',(-2.58863526901724,4.17273719933285,-3.24250471468116));
#13118=CARTESIAN_POINT('',(-2.39089806968439,4.175,-3.44250471468116));
#13119=CARTESIAN_POINT('',(-2.39089806968439,4.17367448205813,-3.44250471468116));
#13120=CARTESIAN_POINT('',(-2.38996078695911,4.17273719933285,-3.44250471468116));
#13121=CARTESIAN_POINT('',(-2.38863526901724,4.17273719933285,-3.44250471468116));
#13122=CARTESIAN_POINT('',(-2.49451830234408,4.175,-3.44250471468116));
#13123=CARTESIAN_POINT('',(-2.49451830234408,4.11297515510234,-3.44250471468116));
#13124=CARTESIAN_POINT('',(-2.4506601139149,4.06911696667316,-3.44250471468116));
#13125=CARTESIAN_POINT('',(-2.38863526901724,4.06911696667316,-3.44250471468116));
#13126=CARTESIAN_POINT('',(-2.57309223411829,4.175,-3.37495258768289));
#13127=CARTESIAN_POINT('',(-2.57309223411829,4.06694761151799,-3.37495258768289));
#13128=CARTESIAN_POINT('',(-2.49668765749925,3.99054303489895,-3.37495258768289));
#13129=CARTESIAN_POINT('',(-2.38863526901724,3.99054303489895,-3.37495258768289));
#13130=CARTESIAN_POINT('',(-2.58863526901724,4.175,-3.27250471468116));
#13131=CARTESIAN_POINT('',(-2.58863526901724,4.05784271247462,-3.27250471468116));
#13132=CARTESIAN_POINT('',(-2.50579255654262,3.975,-3.27250471468116));
#13133=CARTESIAN_POINT('',(-2.38863526901724,3.975,-3.27250471468116));
#13134=CARTESIAN_POINT('',(-3.48863526901724,4.625,-3.45250471468116));
#13135=CARTESIAN_POINT('',(-3.48863526901724,0.624999999999998,-3.27250471468116));
#13136=CARTESIAN_POINT('',(-0.988635269017242,1.875,-3.60250471468116));
#13137=CARTESIAN_POINT('',(-2.98863526901724,0.124999999999999,-3.45250471468116));
#13138=CARTESIAN_POINT('',(-2.73863526901724,5.375,-3.45250471468116));
#13139=CARTESIAN_POINT('',(-0.758635269017236,1.375,-5.97250471468116));
#13140=CARTESIAN_POINT('',(3.71136473098276,0.190985257451236,-6.77250471468116));
#13141=CARTESIAN_POINT('',(3.71136473098276,0.359014742548743,-6.77250471468116));
#13142=CARTESIAN_POINT('',(-0.988635269017242,5.075,-3.45250471468116));
#13143=CARTESIAN_POINT('',(-2.98863526901724,5.375,-0.772504714681163));
#13144=CARTESIAN_POINT('',(-2.98863526901724,5.375,-0.772504714681163));
#13145=CARTESIAN_POINT('',(-2.98863526901724,3.925,-0.772504714681163));
#13146=CARTESIAN_POINT('',(-2.98863526901724,3.925,-0.652504714681163));
#13147=CARTESIAN_POINT('',(-2.98863526901724,3.925,-0.652504714681163));
#13148=CARTESIAN_POINT('',(-2.98863526901724,5.375,-0.652504714681163));
#13149=CARTESIAN_POINT('',(-2.98863526901724,5.375,-0.652504714681163));
#13150=CARTESIAN_POINT('',(-2.98863526901724,5.375,-0.772504714681163));
#13151=CARTESIAN_POINT('',(-2.98863526901724,5.375,-0.772504714681163));
#13152=CARTESIAN_POINT('',(-1.05076218359553,-0.125000000000001,-0.526815459554533));
#13153=CARTESIAN_POINT('',(-1.05076218359553,-0.124899959967968,-0.526815459554533));
#13154=CARTESIAN_POINT('',(-1.05076218359553,-6.09009235913973E-016,-0.526815459554533));
#13155=CARTESIAN_POINT('',(-1.04583814483047,-3.19665497243523E-018,-0.527683700442868));
#13156=CARTESIAN_POINT('',(-1.04091410606541,-3.20319211588921E-018,-0.528551941331202));
#13157=CARTESIAN_POINT('',(-1.04091410606541,-0.125,-0.528551941331202));
#13158=CARTESIAN_POINT('',(-1.04091410606541,-0.124899959967968,-0.528551941331202));
#13159=CARTESIAN_POINT('',(-1.04583814483047,-3.19665497243523E-018,-0.527683700442868));
#13160=CARTESIAN_POINT('',(-1.04583814483047,-3.19665497243523E-018,-0.527683700442868));
#13161=CARTESIAN_POINT('',(1.961885,0.,0.12));
#13162=CARTESIAN_POINT('',(3.77607476174164,0.,0.12));
#13163=CARTESIAN_POINT('',(-0.6,0.,0.12));
#13164=CARTESIAN_POINT('',(3.72377,0.193039405042469,0.12));
#13165=CARTESIAN_POINT('',(3.92377,0.193039405042469,0.12));
#13166=CARTESIAN_POINT('',(3.92377,0.3325,0.12));
#13167=CARTESIAN_POINT('',(3.92377,0.35696059495753,0.12));
#13168=CARTESIAN_POINT('',(3.72377,0.35696059495753,0.12));
#13169=CARTESIAN_POINT('',(3.75824606635045,0.553966688388671,0.12));
#13170=CARTESIAN_POINT('',(2.05286884778654,0.852407701637356,0.12));
#13171=CARTESIAN_POINT('',(3.12377,0.665,0.12));
#13172=CARTESIAN_POINT('',(1.961885,0.665,0.12));
#13173=CARTESIAN_POINT('',(0.,0.665,0.12));
#13174=CARTESIAN_POINT('',(0.,0.675,0.12));
#13175=CARTESIAN_POINT('',(0.,0.675,0.12));
#13176=CARTESIAN_POINT('',(-0.6,0.675,0.12));
#13177=CARTESIAN_POINT('',(-0.7,0.675,0.12));
#13178=CARTESIAN_POINT('',(-0.7,0.675,0.12));
#13179=CARTESIAN_POINT('',(-0.7,0.,0.12));
#13180=CARTESIAN_POINT('',(-0.7,0.,0.12));
#13181=CARTESIAN_POINT('',(1.961885,0.3325,0.12));
#13182=CARTESIAN_POINT('',(3.92377,0.3325,0.));
#13183=CARTESIAN_POINT('',(3.92377,0.193039405042469,0.));
#13184=CARTESIAN_POINT('',(3.92377,0.35696059495753,0.));
#13185=CARTESIAN_POINT('',(3.72377,0.193039405042469,0.));
#13186=CARTESIAN_POINT('',(3.77607476174164,0.,0.));
#13187=CARTESIAN_POINT('',(1.961885,0.,0.));
#13188=CARTESIAN_POINT('',(-0.6,0.,0.));
#13189=CARTESIAN_POINT('',(-0.7,0.,1.35525271560688E-017));
#13190=CARTESIAN_POINT('',(-0.7,0.,1.86347248395946E-017));
#13191=CARTESIAN_POINT('',(-0.7,0.675,1.35525271560688E-017));
#13192=CARTESIAN_POINT('',(-0.7,0.675,1.35525271560688E-017));
#13193=CARTESIAN_POINT('',(-0.6,0.675,0.));
#13194=CARTESIAN_POINT('',(0.,0.675,0.));
#13195=CARTESIAN_POINT('',(0.,0.675,0.));
#13196=CARTESIAN_POINT('',(0.,0.665,0.));
#13197=CARTESIAN_POINT('',(1.961885,0.665,0.));
#13198=CARTESIAN_POINT('',(3.12377,0.665,0.));
#13199=CARTESIAN_POINT('',(2.05286884778654,0.852407701637356,0.));
#13200=CARTESIAN_POINT('',(3.75824606635045,0.553966688388671,0.));
#13201=CARTESIAN_POINT('',(3.72377,0.35696059495753,0.));
#13202=CARTESIAN_POINT('',(1.961885,0.3325,0.));
#13203=CARTESIAN_POINT('',(3.92377,0.193039405042469,0.));
#13204=CARTESIAN_POINT('',(3.92377,0.35696059495753,0.12));
#13205=CARTESIAN_POINT('',(3.92377,0.3325,0.));
#13206=CARTESIAN_POINT('',(3.77607476174164,0.,0.));
#13207=CARTESIAN_POINT('',(3.77019840212597,-0.00159222201051725,0.));
#13208=CARTESIAN_POINT('',(3.7642430870794,-0.00291720976110568,2.96339012735134E-005));
#13209=CARTESIAN_POINT('',(3.75824606635045,-0.00396668838867139,6.2954320076983E-005));
#13210=CARTESIAN_POINT('',(3.75824606635045,-0.00396668838867139,6.2954320076983E-005));
#13211=CARTESIAN_POINT('',(3.78091285714286,0.,0.125));
#13212=CARTESIAN_POINT('',(3.75824606635045,-0.00396668838867142,0.249937045679923));
#13213=CARTESIAN_POINT('',(3.75824606635045,-0.00396668838867142,0.249937045679923));
#13214=CARTESIAN_POINT('',(3.7642430870794,-0.00291720976110577,0.249970366098727));
#13215=CARTESIAN_POINT('',(3.77019840212597,-0.00159222201051737,0.25));
#13216=CARTESIAN_POINT('',(3.77607476174164,-2.98155597433514E-016,0.25));
#13217=CARTESIAN_POINT('',(3.77607476174164,-2.98155597433514E-016,0.25));
#13218=CARTESIAN_POINT('',(3.92377,-2.92863335579069E-016,0.25));
#13219=CARTESIAN_POINT('',(-0.6,-2.92863335579069E-016,0.25));
#13220=CARTESIAN_POINT('',(-0.6,0.,0.125));
#13221=CARTESIAN_POINT('',(-0.6,0.,0.125));
#13222=CARTESIAN_POINT('',(3.78091285714286,0.,0.125));
#13223=CARTESIAN_POINT('',(3.75824606635045,-0.00396668838867138,0.121956090798467));
#13224=CARTESIAN_POINT('',(3.75824606635045,-0.00396668838867138,0.128043909201533));
#13225=CARTESIAN_POINT('',(3.75824606635045,-0.00396668838867138,0.121956090798467));
#13226=CARTESIAN_POINT('',(3.7614579657515,-0.00340460599348751,0.121223609780528));
#13227=CARTESIAN_POINT('',(3.76471675525673,-0.00275238988189519,0.120749173655229));
#13228=CARTESIAN_POINT('',(3.76796076329472,-0.00201744933447804,0.12042507943395));
#13229=CARTESIAN_POINT('',(3.77066957762748,-0.00140375865762146,0.12015445400347));
#13230=CARTESIAN_POINT('',(3.77338126889793,-0.000729812140934756,0.119999999999466));
#13231=CARTESIAN_POINT('',(3.77607476174162,-1.90006391152662E-013,0.119999999999438));
#13232=CARTESIAN_POINT('',(-0.6,0.,0.125));
#13233=CARTESIAN_POINT('',(-0.6,-1.17145334231628E-017,0.13));
#13234=CARTESIAN_POINT('',(-0.6,-1.17145334231628E-017,0.13));
#13235=CARTESIAN_POINT('',(3.77607476174164,-1.17145334231628E-017,0.13));
#13236=CARTESIAN_POINT('',(3.77607476174164,-1.17145334231628E-017,0.13));
#13237=CARTESIAN_POINT('',(3.77285065886271,-0.000873582949946271,0.13));
#13238=CARTESIAN_POINT('',(3.76959979934639,-0.00166714898394,0.129781762263716));
#13239=CARTESIAN_POINT('',(3.76635736962308,-0.00237378782993329,0.129400583073415));
#13240=CARTESIAN_POINT('',(3.76364695546518,-0.0029644818761119,0.129081947493847));
#13241=CARTESIAN_POINT('',(3.76092966399571,-0.00349705880075016,0.12865590979355));
#13242=CARTESIAN_POINT('',(3.75824606635045,-0.00396668838867138,0.128043909201533));
#13243=CARTESIAN_POINT('',(-0.6,0.,0.125));
#13244=CARTESIAN_POINT('',(3.92377,-2.92863335579069E-016,0.25));
#13245=CARTESIAN_POINT('',(3.92377,0.193039405042469,0.25));
#13246=CARTESIAN_POINT('',(3.92377,0.35696059495753,0.250000000000001));
#13247=CARTESIAN_POINT('',(3.92377,0.193039405042469,0.13));
#13248=CARTESIAN_POINT('',(3.92377,0.193039405042469,0.13));
#13249=CARTESIAN_POINT('',(3.92377,-1.17145334231628E-017,0.13));
#13250=CARTESIAN_POINT('',(3.92377,0.35696059495753,0.130000000000001));
#13251=CARTESIAN_POINT('',(3.92377,0.35696059495753,0.250000000000001));
#13252=CARTESIAN_POINT('',(3.92377,-1.17145334231628E-017,0.13));
#13253=CARTESIAN_POINT('',(3.72377,0.193039405042469,0.25));
#13254=CARTESIAN_POINT('',(3.72377,0.35696059495753,0.250000000000001));
#13255=CARTESIAN_POINT('',(3.75824606635045,0.553966688388671,0.250000000000002));
#13256=CARTESIAN_POINT('',(2.92377,0.7,0.250000000000003));
#13257=CARTESIAN_POINT('',(3.06662714285714,0.675,0.250000000000002));
#13258=CARTESIAN_POINT('',(3.92377,0.675,0.250000000000002));
#13259=CARTESIAN_POINT('',(-0.6,0.675,0.250000000000002));
#13260=CARTESIAN_POINT('',(-0.6,-2.92863335579069E-016,0.25));
#13261=CARTESIAN_POINT('',(3.92377,-2.92863335579069E-016,0.25));
#13262=CARTESIAN_POINT('',(3.72377,0.193039405042469,0.13));
#13263=CARTESIAN_POINT('',(-0.6,-1.17145334231628E-017,0.13));
#13264=CARTESIAN_POINT('',(-0.6,0.675,0.130000000000002));
#13265=CARTESIAN_POINT('',(-0.6,0.675,0.130000000000002));
#13266=CARTESIAN_POINT('',(3.06662714285714,0.675,0.130000000000002));
#13267=CARTESIAN_POINT('',(-0.376431334141904,1.27753523347483,0.130000000000003));
#13268=CARTESIAN_POINT('',(3.75824606635045,0.553966688388671,0.130000000000001));
#13269=CARTESIAN_POINT('',(3.72377,0.35696059495753,0.130000000000001));
#13270=CARTESIAN_POINT('',(-0.6,-1.17145334231628E-017,0.13));
#13271=CARTESIAN_POINT('',(3.12377,0.665,0.));
#13272=CARTESIAN_POINT('',(0.,0.665,0.));
#13273=CARTESIAN_POINT('',(1.961885,0.665,0.));
#13274=CARTESIAN_POINT('',(0.,0.675,0.));
#13275=CARTESIAN_POINT('',(0.,0.,0.));
#13276=CARTESIAN_POINT('',(-0.7,0.675,1.35525271560688E-017));
#13277=CARTESIAN_POINT('',(0.,0.675,0.));
#13278=CARTESIAN_POINT('',(-0.6,0.,0.));
#13279=CARTESIAN_POINT('',(-0.6,-2.92863335579069E-016,0.25));
#13280=CARTESIAN_POINT('',(-0.6,0.,0.125));
#13281=CARTESIAN_POINT('',(-0.6,0.675,0.250000000000002));
#13282=CARTESIAN_POINT('',(-0.6,-2.92863335579069E-016,0.25));
#13283=CARTESIAN_POINT('',(3.06662714285714,0.675,0.130000000000015));
#13284=CARTESIAN_POINT('',(3.92377,0.675,0.130000000000002));
#13285=CARTESIAN_POINT('',(-0.7,0.675,-0.15));
#13286=CARTESIAN_POINT('',(-0.847721162951831,0.675,-0.12395277334996));
#13287=CARTESIAN_POINT('',(-0.847721162951831,0.675,-0.12395277334996));
#13288=CARTESIAN_POINT('',(-0.965898093313296,0.675,-0.103114992029928));
#13289=CARTESIAN_POINT('',(-0.7,0.675,-0.15));
#13290=CARTESIAN_POINT('',(-0.7,0.675,-0.15));
#13291=CARTESIAN_POINT('',(-0.7,0.,1.35525271560688E-017));
#13292=CARTESIAN_POINT('',(-0.7,0.,-0.15));
#13293=CARTESIAN_POINT('',(-0.965898093313296,0.,-0.103114992029928));
#13294=CARTESIAN_POINT('',(-0.965898093313296,0.,-0.103114992029928));
#13295=CARTESIAN_POINT('',(-0.847721162951831,0.,-0.12395277334996));
#13296=CARTESIAN_POINT('',(-0.7,0.,-0.15));
#13297=CARTESIAN_POINT('',(-0.7,0.,-0.15));
#13298=CARTESIAN_POINT('',(-0.965898093313296,0.675,-0.103114992029928));
#13299=CARTESIAN_POINT('',(-0.7,0.,-0.15));
#13300=CARTESIAN_POINT('',(-0.847721162951831,0.,-0.12395277334996));
#13301=CARTESIAN_POINT('',(-0.7,0.,-0.15));
#13302=CARTESIAN_POINT('',(-0.847721162951831,0.675,-0.12395277334996));
#13303=CARTESIAN_POINT('',(-0.922737175703946,0.675,-0.549389722651234));
#13304=CARTESIAN_POINT('',(-0.922737175703946,0.675,-0.549389722651234));
#13305=CARTESIAN_POINT('',(-1.04091410606541,0.675,-0.528551941331203));
#13306=CARTESIAN_POINT('',(-0.965898093313296,0.675,-0.103114992029928));
#13307=CARTESIAN_POINT('',(-0.847721162951831,0.675,-0.12395277334996));
#13308=CARTESIAN_POINT('',(-1.04091410606541,0.675,-0.528551941331202));
#13309=CARTESIAN_POINT('',(-0.965898093313296,0.,-0.103114992029928));
#13310=CARTESIAN_POINT('',(-0.965898093313296,0.675,-0.103114992029928));
#13311=CARTESIAN_POINT('',(-0.847721162951831,0.,-0.12395277334996));
#13312=CARTESIAN_POINT('',(-0.922737175703946,-3.15789754828241E-017,-0.549389722651234));
#13313=CARTESIAN_POINT('',(-0.922737175703946,0.,-0.549389722651234));
#13314=CARTESIAN_POINT('',(-0.847721162951831,0.,-0.12395277334996));
#13315=CARTESIAN_POINT('',(-0.6,3.85494105772624E-020,0.125));
#13316=CARTESIAN_POINT('',(-0.6,-1.16374346020082E-017,0.13));
#13317=CARTESIAN_POINT('',(-0.6,-1.16374346020082E-017,0.13));
#13318=CARTESIAN_POINT('',(-0.6,-2.9186105090406E-016,0.25));
#13319=CARTESIAN_POINT('',(-0.6,3.85494105772624E-020,0.125));
#13320=CARTESIAN_POINT('',(-0.6,3.85494105772624E-020,0.125));
#13321=CARTESIAN_POINT('',(-0.7,3.85494105772624E-020,0.125));
#13322=CARTESIAN_POINT('',(-0.7,-2.9186105090406E-016,0.25));
#13323=CARTESIAN_POINT('',(-0.7,-2.9186105090406E-016,0.25));
#13324=CARTESIAN_POINT('',(-0.7,-1.16374346020082E-017,0.13));
#13325=CARTESIAN_POINT('',(-0.7,3.85494105772624E-020,0.125));
#13326=CARTESIAN_POINT('',(-0.7,3.85494105772624E-020,0.125));
#13327=CARTESIAN_POINT('',(-0.6,-2.9186105090406E-016,0.25));
#13328=CARTESIAN_POINT('',(-0.7,3.85494105772624E-020,0.125));
#13329=CARTESIAN_POINT('',(-0.7,-1.16374346020082E-017,0.13));
#13330=CARTESIAN_POINT('',(-0.7,3.85494105772624E-020,0.125));
#13331=CARTESIAN_POINT('',(-0.6,-1.16374346020082E-017,0.13));
#13332=CARTESIAN_POINT('',(-0.6,0.675,0.130000000000002));
#13333=CARTESIAN_POINT('',(-0.6,0.675,0.130000000000002));
#13334=CARTESIAN_POINT('',(-0.6,0.675,0.250000000000002));
#13335=CARTESIAN_POINT('',(-0.6,-2.9186105090406E-016,0.25));
#13336=CARTESIAN_POINT('',(-0.6,-1.16374346020082E-017,0.13));
#13337=CARTESIAN_POINT('',(-0.6,0.675,0.250000000000002));
#13338=CARTESIAN_POINT('',(-0.7,0.675,0.250000000000002));
#13339=CARTESIAN_POINT('',(-0.7,-2.9186105090406E-016,0.25));
#13340=CARTESIAN_POINT('',(-0.6,-2.9186105090406E-016,0.25));
#13341=CARTESIAN_POINT('',(-0.7,-1.16374346020082E-017,0.13));
#13342=CARTESIAN_POINT('',(-0.7,0.675,0.130000000000002));
#13343=CARTESIAN_POINT('',(-0.7,0.675,0.130000000000002));
#13344=CARTESIAN_POINT('',(-0.7,-1.16374346020082E-017,0.13));
#13345=CARTESIAN_POINT('',(-0.7,0.675,0.250000000000002));
#13346=CARTESIAN_POINT('',(-0.6,0.675,0.130000000000002));
#13347=CARTESIAN_POINT('',(-0.970822132078357,6.53714345398089E-021,-0.102246751141594));
#13348=CARTESIAN_POINT('',(-0.975746170843418,-1.17014591362548E-017,-0.101378510253259));
#13349=CARTESIAN_POINT('',(-0.975746170843418,-1.17014591362548E-017,-0.101378510253259));
#13350=CARTESIAN_POINT('',(-1.09392310120488,-2.92693369849265E-016,-0.0805407289332275));
#13351=CARTESIAN_POINT('',(-0.970822132078357,6.53714345398089E-021,-0.102246751141594));
#13352=CARTESIAN_POINT('',(-0.970822132078357,6.53714345398089E-021,-0.102246751141594));
#13353=CARTESIAN_POINT('',(-1.09392310120488,-2.92693369849265E-016,-0.0805407289332275));
#13354=CARTESIAN_POINT('',(-1.168939113957,-7.92556174096019E-016,-0.505977678234501));
#13355=CARTESIAN_POINT('',(-1.04583814483047,-3.19665497243523E-018,-0.527683700442868));
#13356=CARTESIAN_POINT('',(-1.04583814483047,-3.19665497243523E-018,-0.527683700442868));
#13357=CARTESIAN_POINT('',(-1.04583814483047,-3.19665497243523E-018,-0.527683700442868));
#13358=CARTESIAN_POINT('',(-1.05076218359553,-1.4904651252144E-017,-0.526815459554533));
#13359=CARTESIAN_POINT('',(-1.04583814483047,-3.19665497243523E-018,-0.527683700442868));
#13360=CARTESIAN_POINT('',(-0.975746170843418,-1.17014591362548E-017,-0.101378510253259));
#13361=CARTESIAN_POINT('',(-0.97574617084342,0.675,-0.101378510253259));
#13362=CARTESIAN_POINT('',(-0.97574617084342,0.675,-0.101378510253259));
#13363=CARTESIAN_POINT('',(-1.09392310120488,0.675,-0.0805407289332271));
#13364=CARTESIAN_POINT('',(-1.09392310120488,-2.92693369849265E-016,-0.0805407289332275));
#13365=CARTESIAN_POINT('',(-0.975746170843418,-1.17014591362548E-017,-0.101378510253259));
#13366=CARTESIAN_POINT('',(-1.09392310120488,0.675,-0.0805407289332271));
#13367=CARTESIAN_POINT('',(-1.168939113957,0.674999999999999,-0.505977678234501));
#13368=CARTESIAN_POINT('',(-1.168939113957,-2.95896561965155E-016,-0.505977678234501));
#13369=CARTESIAN_POINT('',(-1.09392310120488,-2.92693369849265E-016,-0.0805407289332275));
#13370=CARTESIAN_POINT('',(-1.05076218359553,-1.4904651252144E-017,-0.526815459554533));
#13371=CARTESIAN_POINT('',(-1.05076218359553,0.675,-0.526815459554533));
#13372=CARTESIAN_POINT('',(-1.05076218359553,0.675,-0.526815459554533));
#13373=CARTESIAN_POINT('',(-1.05076218359553,-1.4904651252144E-017,-0.526815459554533));
#13374=CARTESIAN_POINT('',(-1.168939113957,0.675,-0.505977678234501));
#13375=CARTESIAN_POINT('',(-0.97574617084342,0.675,-0.101378510253259));
#13376=CARTESIAN_POINT('',(-0.7,6.39749704713114E-016,-0.15));
#13377=CARTESIAN_POINT('',(-1.09392310120488,4.77977194705279E-016,-0.0805407289332273));
#13378=CARTESIAN_POINT('',(-1.09392310120488,4.77977194705279E-016,-0.0805407289332273));
#13379=CARTESIAN_POINT('',(-0.975746170843418,5.26508947707629E-016,-0.101378510253259));
#13380=CARTESIAN_POINT('',(-0.7,6.39749704713114E-016,-0.15));
#13381=CARTESIAN_POINT('',(-0.7,6.39749704713114E-016,-0.15));
#13382=CARTESIAN_POINT('',(-0.7,0.675000000000001,-0.149999999999998));
#13383=CARTESIAN_POINT('',(-0.975746170843418,0.675000000000001,-0.101378510253258));
#13384=CARTESIAN_POINT('',(-0.975746170843418,0.675000000000001,-0.101378510253258));
#13385=CARTESIAN_POINT('',(-1.09392310120488,0.675,-0.0805407289332258));
#13386=CARTESIAN_POINT('',(-0.7,0.675000000000001,-0.149999999999998));
#13387=CARTESIAN_POINT('',(-0.7,0.675000000000001,-0.149999999999998));
#13388=CARTESIAN_POINT('',(-0.975746170843418,5.26508947707629E-016,-0.101378510253259));
#13389=CARTESIAN_POINT('',(-0.7,0.675000000000001,-0.149999999999998));
#13390=CARTESIAN_POINT('',(-1.09392310120488,0.675,-0.0805407289332258));
#13391=CARTESIAN_POINT('',(-0.7,0.675000000000001,-0.149999999999998));
#13392=CARTESIAN_POINT('',(-1.09392310120488,4.77977194705279E-016,-0.0805407289332273));
#13393=CARTESIAN_POINT('',(-1.14601755450496,1.16607031589629E-015,-0.37598305483689));
#13394=CARTESIAN_POINT('',(-1.14601755450496,1.16607031589629E-015,-0.37598305483689));
#13395=CARTESIAN_POINT('',(-1.0278406241435,1.21460206889865E-015,-0.396820836156921));
#13396=CARTESIAN_POINT('',(-0.975746170843418,5.26508947707629E-016,-0.101378510253259));
#13397=CARTESIAN_POINT('',(-1.09392310120488,4.77977194705279E-016,-0.0805407289332273));
#13398=CARTESIAN_POINT('',(-0.975746170843418,0.675000000000001,-0.101378510253258));
#13399=CARTESIAN_POINT('',(-1.0278406241435,0.675000000000001,-0.39682083615692));
#13400=CARTESIAN_POINT('',(-1.0278406241435,0.675000000000001,-0.39682083615692));
#13401=CARTESIAN_POINT('',(-1.14601755450496,0.675000000000001,-0.375983054836888));
#13402=CARTESIAN_POINT('',(-1.09392310120488,0.675,-0.0805407289332258));
#13403=CARTESIAN_POINT('',(-0.975746170843418,0.675000000000001,-0.101378510253258));
#13404=CARTESIAN_POINT('',(-1.0278406241435,1.21460206889865E-015,-0.396820836156921));
#13405=CARTESIAN_POINT('',(-0.975746170843418,5.26508947707629E-016,-0.101378510253259));
#13406=CARTESIAN_POINT('',(-1.14601755450496,0.675000000000001,-0.375983054836888));
#13407=CARTESIAN_POINT('',(-1.09392310120488,0.675,-0.0805407289332258));
#13408=CARTESIAN_POINT('',(-1.14601755450496,1.16607031589629E-015,-0.37598305483689));
#13409=CARTESIAN_POINT('',(3.75824606635045,0.553966688388671,0.130000000000001));
#13410=CARTESIAN_POINT('',(2.92377,0.7,-0.749999999999997));
#13411=CARTESIAN_POINT('',(3.75824606635045,-0.00396668838867147,-0.749999999999998));
#13412=CARTESIAN_POINT('',(3.75824606635045,-0.00396668838867147,-0.749999999999998));
#13413=CARTESIAN_POINT('',(2.92377,-0.15,-0.749999999999998));
#13414=CARTESIAN_POINT('',(3.75824606635045,0.553966688388671,0.));
#13415=CARTESIAN_POINT('',(2.92377,0.7,-0.749999999999997));
#13416=CARTESIAN_POINT('',(-1.18863526901724,0.675,-0.502504714681163));
#13417=CARTESIAN_POINT('',(-1.08863526901724,0.675,-0.753303438760852));
#13418=CARTESIAN_POINT('',(-1.08863526901724,0.675,-0.652504714681163));
#13419=CARTESIAN_POINT('',(-1.08863526901724,0.675,-0.614308113556153));
#13420=CARTESIAN_POINT('',(-1.18863526901724,0.675,-0.502504714681163));
#13421=CARTESIAN_POINT('',(-1.18863526901724,0.675,-0.502504714681163));
#13422=CARTESIAN_POINT('',(-0.922737175703946,-0.125,-0.549389722651234));
#13423=CARTESIAN_POINT('',(-0.922737175703946,-0.025,-0.549389722651234));
#13424=CARTESIAN_POINT('',(-1.18863526901724,-0.025,-0.502504714681163));
#13425=CARTESIAN_POINT('',(-1.18863526901724,-0.025,-0.772504714681163));
#13426=CARTESIAN_POINT('',(-1.18863526901724,1.83658970916596E-017,-0.772504714681163));
#13427=CARTESIAN_POINT('',(-1.18863526901724,0.701794919239349,-0.772504714681163));
#13428=CARTESIAN_POINT('',(-1.18863526901724,0.701794919239349,-0.772504714681163));
#13429=CARTESIAN_POINT('',(-1.17233963986357,0.692386633361064,-0.772504714681163));
#13430=CARTESIAN_POINT('',(-1.15442486236044,0.685228267279277,-0.770952407555373));
#13431=CARTESIAN_POINT('',(-1.13647957070726,0.680806996017379,-0.7674193861016));
#13432=CARTESIAN_POINT('',(-1.12051466592555,0.676873642574342,-0.764276257965745));
#13433=CARTESIAN_POINT('',(-1.10418482066419,0.675,-0.759503451023278));
#13434=CARTESIAN_POINT('',(-1.08863526901724,0.675,-0.753303438760852));
#13435=CARTESIAN_POINT('',(-1.18863526901724,0.675,-0.502504714681163));
#13436=CARTESIAN_POINT('',(-1.18863526901724,-0.125,-0.652504714681163));
#13437=CARTESIAN_POINT('',(-1.18863526901724,-0.124965320247756,-0.652504714681163));
#13438=CARTESIAN_POINT('',(-1.18863526901724,-2.17295637334489E-016,-0.652504714681163));
#13439=CARTESIAN_POINT('',(-1.18863526901724,-0.124965320247756,-0.652504714681163));
#13440=CARTESIAN_POINT('',(-1.17268218310531,-0.12498966367624,-0.652504714681163));
#13441=CARTESIAN_POINT('',(-1.15652999304622,-0.125,-0.64989451350571));
#13442=CARTESIAN_POINT('',(-1.14138890607517,-0.125,-0.644869672408638));
#13443=CARTESIAN_POINT('',(-1.14138890607517,-0.125,-0.644869672408638));
#13444=CARTESIAN_POINT('',(-1.18863526901724,-0.125,-0.502504714681163));
#13445=CARTESIAN_POINT('',(-1.04091410606541,-0.125,-0.528551941331202));
#13446=CARTESIAN_POINT('',(-1.04091410606541,-0.125,-0.528551941331202));
#13447=CARTESIAN_POINT('',(-1.08863526901724,0.675,-0.614308113556153));
#13448=CARTESIAN_POINT('',(-1.09938402041459,0.675,-0.623922089075241));
#13449=CARTESIAN_POINT('',(-1.11172546994161,0.675907297815414,-0.632070597891829));
#13450=CARTESIAN_POINT('',(-1.12459141514662,0.678258658245088,-0.638145360438244));
#13451=CARTESIAN_POINT('',(-1.13748289557,0.680614685452144,-0.644232179649426));
#13452=CARTESIAN_POINT('',(-1.1512354364941,0.684512869863298,-0.648383793615077));
#13453=CARTESIAN_POINT('',(-1.16445626700497,0.689929266862248,-0.65054314165771));
#13454=CARTESIAN_POINT('',(-1.17269243097105,0.693303512810873,-0.651888347961077));
#13455=CARTESIAN_POINT('',(-1.18083962058699,0.697294099519715,-0.652504714681099));
#13456=CARTESIAN_POINT('',(-1.18863526901724,0.701794919239349,-0.652504714681163));
#13457=CARTESIAN_POINT('',(-1.18863526901724,0.701794919239349,-0.652504714681163));
#13458=CARTESIAN_POINT('',(-1.18863526901724,0.675,-0.652504714681163));
#13459=CARTESIAN_POINT('',(-1.18863526901724,0.675,-0.502504714681163));
#13460=CARTESIAN_POINT('',(-2.98857526901724,-2.23841484479729E-016,-0.772504714681162));
#13461=CARTESIAN_POINT('',(-2.98857526901724,-2.23841484479729E-016,-0.772504714681162));
#13462=CARTESIAN_POINT('',(-2.98857526901724,-2.23163858121926E-016,-0.652504714681163));
#13463=CARTESIAN_POINT('',(-1.18863526901724,2.40908820126695E-017,-0.652504714681163));
#13464=CARTESIAN_POINT('',(-2.98863526901724,-2.16840434497101E-016,-0.652504714681163));
#13465=CARTESIAN_POINT('',(-2.98863526901724,-2.16840434497101E-016,-0.772504714681163));
#13466=CARTESIAN_POINT('',(-2.98863526901724,-2.16840434497101E-016,-0.772504714681163));
#13467=CARTESIAN_POINT('',(-1.18863526901724,1.83658970916596E-017,-0.772504714681163));
#13468=CARTESIAN_POINT('',(-1.18863526901724,2.40908820126695E-017,-0.652504714681163));
#13469=CARTESIAN_POINT('',(-2.58863526901724,1.875,-0.772504714681164));
#13470=CARTESIAN_POINT('',(-2.58863526901724,1.675,-0.772504714681164));
#13471=CARTESIAN_POINT('',(-2.58863526901724,1.575,-0.772504714681164));
#13472=CARTESIAN_POINT('',(-2.38863526901724,1.575,-0.772504714681163));
#13473=CARTESIAN_POINT('',(-2.38863526901724,1.375,-0.772504714681164));
#13474=CARTESIAN_POINT('',(-2.58863526901724,1.375,-0.772504714681164));
#13475=CARTESIAN_POINT('',(-1.28863526901724,1.375,-0.772504714681163));
#13476=CARTESIAN_POINT('',(-1.28863526901724,5.375,-0.772504714681163));
#13477=CARTESIAN_POINT('',(-1.28863526901724,0.875,-0.772504714681163));
#13478=CARTESIAN_POINT('',(-1.08863526901724,0.875,-0.772504714681163));
#13479=CARTESIAN_POINT('',(-1.18863526901724,-0.025,-0.772504714681163));
#13480=CARTESIAN_POINT('',(-2.98857526901724,-0.0249999999999996,-0.772504714681162));
#13481=CARTESIAN_POINT('',(-2.98857526901724,-0.125,-0.772504714681162));
#13482=CARTESIAN_POINT('',(-2.98863526901724,5.375,-0.772504714681163));
#13483=CARTESIAN_POINT('',(-2.98863526901724,1.325,-0.772504714681163));
#13484=CARTESIAN_POINT('',(-3.28863526901724,1.325,-0.772504714681163));
#13485=CARTESIAN_POINT('',(-3.28863526901724,1.625,-0.772504714681163));
#13486=CARTESIAN_POINT('',(-3.28863526901724,3.625,-0.772504714681163));
#13487=CARTESIAN_POINT('',(-3.28863526901724,3.625,-0.772504714681163));
#13488=CARTESIAN_POINT('',(-3.28863526901724,3.925,-0.772504714681163));
#13489=CARTESIAN_POINT('',(-2.98863526901724,5.375,-0.772504714681163));
#13490=CARTESIAN_POINT('',(-1.28863526901724,5.375,-0.772504714681163));
#13491=CARTESIAN_POINT('',(-1.28863526901724,5.375,-0.772504714681163));
#13492=CARTESIAN_POINT('',(-1.28863526901724,3.875,-0.772504714681163));
#13493=CARTESIAN_POINT('',(-2.58863526901724,3.875,-0.772504714681164));
#13494=CARTESIAN_POINT('',(-2.38863526901724,3.875,-0.772504714681164));
#13495=CARTESIAN_POINT('',(-2.38863526901724,3.675,-0.772504714681163));
#13496=CARTESIAN_POINT('',(-2.58863526901724,3.675,-0.772504714681164));
#13497=CARTESIAN_POINT('',(-2.58863526901724,3.375,-0.772504714681164));
#13498=CARTESIAN_POINT('',(-2.58863526901724,3.575,-0.772504714681164));
#13499=CARTESIAN_POINT('',(-2.38863526901724,3.575,-0.772504714681163));
#13500=CARTESIAN_POINT('',(-2.38863526901724,3.375,-0.772504714681164));
#13501=CARTESIAN_POINT('',(-2.58863526901724,3.375,-0.772504714681164));
#13502=CARTESIAN_POINT('',(-1.28863526901724,3.375,-0.772504714681163));
#13503=CARTESIAN_POINT('',(-1.28863526901724,5.375,-0.772504714681163));
#13504=CARTESIAN_POINT('',(-1.28863526901724,1.875,-0.772504714681163));
#13505=CARTESIAN_POINT('',(-2.58863526901724,1.875,-0.772504714681164));
#13506=CARTESIAN_POINT('',(-2.38863526901724,1.875,-0.772504714681164));
#13507=CARTESIAN_POINT('',(-2.38863526901724,1.675,-0.772504714681163));
#13508=CARTESIAN_POINT('',(-1.18863526901724,1.83658970916596E-017,-0.772504714681163));
#13509=CARTESIAN_POINT('',(-2.58863526901724,1.375,-0.652504714681164));
#13510=CARTESIAN_POINT('',(-2.38863526901724,1.375,-0.652504714681164));
#13511=CARTESIAN_POINT('',(-1.28863526901724,1.375,-0.652504714681163));
#13512=CARTESIAN_POINT('',(-2.38863526901724,1.575,-0.652504714681163));
#13513=CARTESIAN_POINT('',(-2.58863526901724,1.575,-0.652504714681164));
#13514=CARTESIAN_POINT('',(-2.58863526901724,1.875,-0.652504714681164));
#13515=CARTESIAN_POINT('',(-2.58863526901724,1.675,-0.652504714681164));
#13516=CARTESIAN_POINT('',(-2.38863526901724,1.675,-0.652504714681163));
#13517=CARTESIAN_POINT('',(-2.38863526901724,1.875,-0.652504714681164));
#13518=CARTESIAN_POINT('',(-2.58863526901724,1.875,-0.652504714681164));
#13519=CARTESIAN_POINT('',(-1.28863526901724,1.875,-0.652504714681163));
#13520=CARTESIAN_POINT('',(-1.28863526901724,5.375,-0.652504714681163));
#13521=CARTESIAN_POINT('',(-1.28863526901724,3.375,-0.652504714681163));
#13522=CARTESIAN_POINT('',(-2.58863526901724,3.375,-0.652504714681164));
#13523=CARTESIAN_POINT('',(-2.38863526901724,3.375,-0.652504714681164));
#13524=CARTESIAN_POINT('',(-2.38863526901724,3.575,-0.652504714681163));
#13525=CARTESIAN_POINT('',(-2.58863526901724,3.575,-0.652504714681164));
#13526=CARTESIAN_POINT('',(-2.58863526901724,3.375,-0.652504714681164));
#13527=CARTESIAN_POINT('',(-2.58863526901724,3.675,-0.652504714681164));
#13528=CARTESIAN_POINT('',(-2.38863526901724,3.675,-0.652504714681163));
#13529=CARTESIAN_POINT('',(-2.38863526901724,3.875,-0.652504714681164));
#13530=CARTESIAN_POINT('',(-2.58863526901724,3.875,-0.652504714681164));
#13531=CARTESIAN_POINT('',(-1.28863526901724,3.875,-0.652504714681163));
#13532=CARTESIAN_POINT('',(-1.28863526901724,5.375,-0.652504714681163));
#13533=CARTESIAN_POINT('',(-1.28863526901724,5.375,-0.652504714681163));
#13534=CARTESIAN_POINT('',(-2.98863526901724,5.375,-0.652504714681163));
#13535=CARTESIAN_POINT('',(-3.28863526901724,3.925,-0.652504714681163));
#13536=CARTESIAN_POINT('',(-3.28863526901724,3.625,-0.652504714681163));
#13537=CARTESIAN_POINT('',(-3.28863526901724,3.625,-0.652504714681163));
#13538=CARTESIAN_POINT('',(-3.28863526901724,1.625,-0.652504714681163));
#13539=CARTESIAN_POINT('',(-3.28863526901724,1.325,-0.652504714681163));
#13540=CARTESIAN_POINT('',(-2.98863526901724,1.325,-0.652504714681163));
#13541=CARTESIAN_POINT('',(-2.98863526901724,5.375,-0.652504714681163));
#13542=CARTESIAN_POINT('',(-1.18863526901724,2.40908820126695E-017,-0.652504714681163));
#13543=CARTESIAN_POINT('',(-1.08863526901724,0.875,-0.652504714681163));
#13544=CARTESIAN_POINT('',(-1.28863526901724,0.875,-0.652504714681163));
#13545=CARTESIAN_POINT('',(-1.28863526901724,5.375,-0.652504714681163));
#13546=CARTESIAN_POINT('',(-1.18863526901724,0.675,-0.652504714681163));
#13547=CARTESIAN_POINT('',(-1.28863526901724,0.875,-0.772504714681163));
#13548=CARTESIAN_POINT('',(-1.28863526901724,1.55360571099492,-0.862504714681164));
#13549=CARTESIAN_POINT('',(-1.28863526901724,1.55360571099492,-0.662504714681163));
#13550=CARTESIAN_POINT('',(-1.28863526901724,-2.17461591991754E-016,-0.662504714681163));
#13551=CARTESIAN_POINT('',(-1.28863526901724,1.69639428900508,-0.662504714681163));
#13552=CARTESIAN_POINT('',(-1.28863526901724,1.69639428900508,-0.862504714681163));
#13553=CARTESIAN_POINT('',(-1.28863526901724,3.55360571099492,-0.862504714681163));
#13554=CARTESIAN_POINT('',(-1.28863526901724,3.55360571099492,-0.662504714681163));
#13555=CARTESIAN_POINT('',(-1.28863526901724,-2.16219277002448E-016,-0.662504714681163));
#13556=CARTESIAN_POINT('',(-1.28863526901724,3.69639428900508,-0.662504714681163));
#13557=CARTESIAN_POINT('',(-1.28863526901724,3.69639428900508,-0.862504714681164));
#13558=CARTESIAN_POINT('',(-1.28863526901724,5.375,-0.772504714681163));
#13559=CARTESIAN_POINT('',(-1.28863526901724,5.375,-0.652504714681163));
#13560=CARTESIAN_POINT('',(-1.28863526901724,5.375,-0.652504714681163));
#13561=CARTESIAN_POINT('',(-1.28863526901724,-2.16840434497101E-016,-0.772504714681163));
#13562=CARTESIAN_POINT('',(-1.28863526901724,5.375,-0.772504714681163));
#13563=CARTESIAN_POINT('',(-2.98863526901724,1.325,-0.772504714681163));
#13564=CARTESIAN_POINT('',(-2.98863526901724,5.375,-0.772504714681163));
#13565=CARTESIAN_POINT('',(-1.19848334654737,0.674999999999999,-0.500768232904493));
#13566=CARTESIAN_POINT('',(-1.19848334654737,0.674999999999999,-0.650768232904493));
#13567=CARTESIAN_POINT('',(-1.19848334654737,0.674999999999999,-0.650768232904493));
#13568=CARTESIAN_POINT('',(-1.19848334654737,0.674999999999999,-0.530768232904493));
#13569=CARTESIAN_POINT('',(-1.19848334654737,0.674999999999999,-0.500768232904493));
#13570=CARTESIAN_POINT('',(-1.19848334654737,0.674999999999999,-0.500768232904493));
#13571=CARTESIAN_POINT('',(-1.19848334654737,0.674999999999999,-0.530768232904493));
#13572=CARTESIAN_POINT('',(-1.19848334654737,0.,-0.530768232904493));
#13573=CARTESIAN_POINT('',(-1.19848334654737,-2.19856096305429E-016,-0.500768232904493));
#13574=CARTESIAN_POINT('',(-1.19848334654737,-8.92653017265805E-016,-0.500768232904493));
#13575=CARTESIAN_POINT('',(-1.19848334654737,-0.124899959967968,-0.500768232904493));
#13576=CARTESIAN_POINT('',(-1.18863526901724,-0.124899959967968,-0.650444601677124));
#13577=CARTESIAN_POINT('',(-1.18863526901724,-8.42960245982052E-016,-0.650444601677124));
#13578=CARTESIAN_POINT('',(-1.18863526901724,-2.17284004110559E-016,-0.650444601677124));
#13579=CARTESIAN_POINT('',(-1.19848334654737,-2.16470905682997E-016,-0.500768232904493));
#13580=CARTESIAN_POINT('',(-1.19848334654737,-2.20235995518497E-016,-0.650768232904493));
#13581=CARTESIAN_POINT('',(-1.19848334654737,-9.0001182301314E-016,-0.650768232904493));
#13582=CARTESIAN_POINT('',(-1.19848334654737,-8.92653017265805E-016,-0.500768232904493));
#13583=CARTESIAN_POINT('',(-1.19848334654737,0.674999999999999,-0.650768232904493));
#13584=CARTESIAN_POINT('',(-2.98982334654737,0.674999999999996,-0.650768232904493));
#13585=CARTESIAN_POINT('',(-2.98982334654737,0.674999999999996,-0.650768232904493));
#13586=CARTESIAN_POINT('',(-2.98982334654737,0.674999999999996,-0.530768232904493));
#13587=CARTESIAN_POINT('',(-1.19848334654737,0.674999999999999,-0.530768232904493));
#13588=CARTESIAN_POINT('',(-1.19848334654737,0.674999999999999,-0.650768232904493));
#13589=CARTESIAN_POINT('',(-2.98982334654737,0.674999999999996,-0.530768232904493));
#13590=CARTESIAN_POINT('',(-2.98982334654737,4.33680868994202E-016,-0.530768232904493));
#13591=CARTESIAN_POINT('',(-1.19848334654737,0.,-0.530768232904493));
#13592=CARTESIAN_POINT('',(-1.19848334654737,0.674999999999999,-0.530768232904493));
#13593=CARTESIAN_POINT('',(-2.98857526901724,-9.0001182301314E-016,-0.650768232904493));
#13594=CARTESIAN_POINT('',(-2.98857526901724,-2.23154052406745E-016,-0.650768232904493));
#13595=CARTESIAN_POINT('',(-2.98857526901724,-0.124899959967968,-0.650768232904493));
#13596=CARTESIAN_POINT('',(-2.98857526901724,-0.124899959967968,-0.650768232904493));
#13597=CARTESIAN_POINT('',(-2.98982334654736,-0.124899959967968,-0.650768232904493));
#13598=CARTESIAN_POINT('',(-2.98982334654737,-4.31396861717374E-015,-0.650768232904493));
#13599=CARTESIAN_POINT('',(-1.19848334654737,-2.17317938630252E-016,-0.650768232904493));
#13600=CARTESIAN_POINT('',(-1.19848334654737,-9.0001182301314E-016,-0.650768232904493));
#13601=CARTESIAN_POINT('',(-2.98982334654737,4.30223692349931E-016,-0.655768232904493));
#13602=CARTESIAN_POINT('',(-2.98982334654737,0.674999999999996,-0.650768232904493));
#13603=CARTESIAN_POINT('',(-1.04091410606541,-0.125,-0.528551941331202));
#13604=CARTESIAN_POINT('',(-1.02121795100517,-0.125,-0.532024904884541));
#13605=CARTESIAN_POINT('',(-1.02121795100517,-0.025,-0.532024904884541));
#13606=CARTESIAN_POINT('',(-1.04091410606541,-0.125,-0.528551941331202));
#13607=CARTESIAN_POINT('',(-2.98857526901724,-0.125,-0.772504714681162));
#13608=CARTESIAN_POINT('',(-2.98857526901724,-0.125,-0.672504714681163));
#13609=CARTESIAN_POINT('',(-2.98857526901724,-0.125,-0.655768232904493));
#13610=CARTESIAN_POINT('',(-1.18863526901724,-0.125,-0.672504714681163));
#13611=CARTESIAN_POINT('',(-1.18863526901724,-0.125,-0.672504714681163));
#13612=CARTESIAN_POINT('',(-1.18863526901724,-0.125,-0.502504714681163));
#13613=CARTESIAN_POINT('',(-1.19848334654737,-0.125,-0.500768232904493));
#13614=CARTESIAN_POINT('',(-1.19848334654737,-0.125,-0.655768232904493));
#13615=CARTESIAN_POINT('',(-1.18863526901724,-0.125,-0.655768232904493));
#13616=CARTESIAN_POINT('',(-1.18863526901724,-0.125,-0.502504714681163));
#13617=CARTESIAN_POINT('',(-1.18863526901724,-0.124899959967968,-0.650444601677124));
#13618=CARTESIAN_POINT('',(-1.18863526901724,-0.124927382763273,-0.651131104041631));
#13619=CARTESIAN_POINT('',(-1.18863526901724,-0.124949171314372,-0.651817854638559));
#13620=CARTESIAN_POINT('',(-1.18863526901724,-0.124965320247756,-0.652504714681163));
#13621=CARTESIAN_POINT('',(-1.18863526901724,-2.17973263692292E-016,-0.772504714681163));
#13622=CARTESIAN_POINT('',(-1.18863526901724,-2.17267402902913E-016,-0.647504714681163));
#13623=CARTESIAN_POINT('',(-2.98857526901724,-0.0249999999999996,-0.672504714681163));
#13624=CARTESIAN_POINT('',(-2.98857526901724,4.29939297192516E-016,-0.655768232904493));
#13625=CARTESIAN_POINT('',(-2.98857526901724,-2.23841484479729E-016,-0.772504714681162));
#13626=CARTESIAN_POINT('',(-2.98857526901724,-2.23841484479729E-016,-0.772504714681162));
#13627=CARTESIAN_POINT('',(-1.18863526901724,-2.17973263692292E-016,-0.772504714681163));
#13628=CARTESIAN_POINT('',(-1.19848334654737,2.20371742946022E-017,-0.655768232904493));
#13629=CARTESIAN_POINT('',(-1.18863526901724,1.97931265557252E-017,-0.655768232904493));
#13630=CARTESIAN_POINT('',(-1.19848334654737,2.94319464842399E-017,-0.500768232904493));
#13631=CARTESIAN_POINT('',(-1.18863526901724,-0.025,-0.672504714681163));
#13632=CARTESIAN_POINT('',(-1.18863526901724,-0.025,-0.502504714681163));
#13633=CARTESIAN_POINT('',(-1.18863526901724,-0.025,-0.672504714681163));
#13634=CARTESIAN_POINT('',(-3.28863526901724,3.625,-0.772504714681163));
#13635=CARTESIAN_POINT('',(-3.28863526901724,1.625,-0.772504714681163));
#13636=CARTESIAN_POINT('',(-3.28863526901724,3.625,-0.772504714681163));
#13637=CARTESIAN_POINT('',(-1.08863526901724,3.375,-0.652504714681163));
#13638=CARTESIAN_POINT('',(-1.08863526901724,3.575,-0.652504714681163));
#13639=CARTESIAN_POINT('',(-1.08863526901724,3.675,-0.652504714681163));
#13640=CARTESIAN_POINT('',(-1.28863526901724,3.575,-0.652504714681163));
#13641=CARTESIAN_POINT('',(-1.28863526901724,3.675,-0.652504714681163));
#13642=CARTESIAN_POINT('',(-1.08863526901724,3.375,-0.652504714681163));
#13643=CARTESIAN_POINT('',(-2.40128532906529,3.575,-0.522504714681164));
#13644=CARTESIAN_POINT('',(-2.40128532906529,3.675,-0.522504714681164));
#13645=CARTESIAN_POINT('',(-2.40128532906529,3.575,-0.522504714681164));
#13646=CARTESIAN_POINT('',(-2.38863526901724,3.575,-0.522504714681164));
#13647=CARTESIAN_POINT('',(-2.38863526901724,3.56234993995195,-0.522504714681164));
#13648=CARTESIAN_POINT('',(-1.28863526901724,3.56234993995195,-0.522504714681163));
#13649=CARTESIAN_POINT('',(-1.28863526901724,3.56234993995195,-0.522504714681163));
#13650=CARTESIAN_POINT('',(-1.28863526901724,3.575,-0.522504714681163));
#13651=CARTESIAN_POINT('',(-1.27598520896919,3.575,-0.522504714681163));
#13652=CARTESIAN_POINT('',(-1.27598520896919,3.675,-0.522504714681163));
#13653=CARTESIAN_POINT('',(-1.27598520896919,3.675,-0.522504714681163));
#13654=CARTESIAN_POINT('',(-1.28863526901724,3.675,-0.522504714681163));
#13655=CARTESIAN_POINT('',(-1.28863526901724,3.68765006004805,-0.522504714681163));
#13656=CARTESIAN_POINT('',(-2.38863526901724,3.68765006004805,-0.522504714681164));
#13657=CARTESIAN_POINT('',(-2.38863526901724,3.68765006004805,-0.522504714681164));
#13658=CARTESIAN_POINT('',(-2.38863526901724,3.675,-0.522504714681164));
#13659=CARTESIAN_POINT('',(-2.58863526901724,3.375,-0.522504714681164));
#13660=CARTESIAN_POINT('',(-1.08863526901724,1.875,-0.652504714681163));
#13661=CARTESIAN_POINT('',(-1.08863526901724,1.675,-0.652504714681163));
#13662=CARTESIAN_POINT('',(-1.08863526901724,1.575,-0.652504714681163));
#13663=CARTESIAN_POINT('',(-1.28863526901724,1.575,-0.652504714681163));
#13664=CARTESIAN_POINT('',(-1.28863526901724,1.675,-0.652504714681163));
#13665=CARTESIAN_POINT('',(-1.08863526901724,1.875,-0.652504714681163));
#13666=CARTESIAN_POINT('',(-2.40128532906529,1.575,-0.522504714681164));
#13667=CARTESIAN_POINT('',(-2.40128532906529,1.675,-0.522504714681164));
#13668=CARTESIAN_POINT('',(-2.40128532906529,1.575,-0.522504714681164));
#13669=CARTESIAN_POINT('',(-2.38863526901724,1.575,-0.522504714681164));
#13670=CARTESIAN_POINT('',(-2.38863526901724,1.56234993995195,-0.522504714681164));
#13671=CARTESIAN_POINT('',(-1.28863526901724,1.56234993995195,-0.522504714681163));
#13672=CARTESIAN_POINT('',(-1.28863526901724,1.56234993995195,-0.522504714681163));
#13673=CARTESIAN_POINT('',(-1.28863526901724,1.575,-0.522504714681163));
#13674=CARTESIAN_POINT('',(-1.27598520896919,1.575,-0.522504714681163));
#13675=CARTESIAN_POINT('',(-1.27598520896919,1.675,-0.522504714681163));
#13676=CARTESIAN_POINT('',(-1.27598520896919,1.675,-0.522504714681163));
#13677=CARTESIAN_POINT('',(-1.28863526901724,1.675,-0.522504714681163));
#13678=CARTESIAN_POINT('',(-1.28863526901724,1.68765006004805,-0.522504714681163));
#13679=CARTESIAN_POINT('',(-2.38863526901724,1.68765006004805,-0.522504714681164));
#13680=CARTESIAN_POINT('',(-2.38863526901724,1.68765006004805,-0.522504714681164));
#13681=CARTESIAN_POINT('',(-2.38863526901724,1.675,-0.522504714681164));
#13682=CARTESIAN_POINT('',(-2.58863526901724,1.875,-0.522504714681164));
#13683=CARTESIAN_POINT('',(-2.38863526901724,3.675,-0.662504714681164));
#13684=CARTESIAN_POINT('',(-2.41002955802232,3.675,-0.662504714681164));
#13685=CARTESIAN_POINT('',(-2.38863526901724,3.69639428900508,-0.662504714681164));
#13686=CARTESIAN_POINT('',(-2.58863526901724,3.69639428900508,-0.662504714681164));
#13687=CARTESIAN_POINT('',(-2.58863526901724,3.55360571099492,-0.662504714681164));
#13688=CARTESIAN_POINT('',(-2.38863526901724,3.55360571099492,-0.662504714681164));
#13689=CARTESIAN_POINT('',(-2.38863526901724,3.575,-0.662504714681164));
#13690=CARTESIAN_POINT('',(-2.41002955802232,3.575,-0.662504714681164));
#13691=CARTESIAN_POINT('',(-2.41002955802232,3.375,-0.662504714681164));
#13692=CARTESIAN_POINT('',(-2.58863526901724,3.375,-0.662504714681164));
#13693=CARTESIAN_POINT('',(-2.38863526901724,1.675,-0.662504714681164));
#13694=CARTESIAN_POINT('',(-2.41002955802232,1.675,-0.662504714681164));
#13695=CARTESIAN_POINT('',(-2.38863526901724,1.69639428900508,-0.662504714681164));
#13696=CARTESIAN_POINT('',(-2.58863526901724,1.69639428900508,-0.662504714681164));
#13697=CARTESIAN_POINT('',(-2.58863526901724,1.55360571099492,-0.662504714681164));
#13698=CARTESIAN_POINT('',(-2.38863526901724,1.55360571099492,-0.662504714681164));
#13699=CARTESIAN_POINT('',(-2.38863526901724,1.575,-0.662504714681164));
#13700=CARTESIAN_POINT('',(-2.41002955802232,1.575,-0.662504714681164));
#13701=CARTESIAN_POINT('',(-2.41002955802232,1.875,-0.662504714681164));
#13702=CARTESIAN_POINT('',(-2.58863526901724,1.875,-0.662504714681164));
#13703=CARTESIAN_POINT('',(-1.27598520896919,3.675,-0.722504714681163));
#13704=CARTESIAN_POINT('',(-1.28863526901724,3.68765006004805,-0.722504714681163));
#13705=CARTESIAN_POINT('',(-1.28863526901724,3.875,-0.652504714681163));
#13706=CARTESIAN_POINT('',(-1.17147798149186,3.875,-0.652504714681163));
#13707=CARTESIAN_POINT('',(-1.08863526901724,3.79215728752538,-0.652504714681163));
#13708=CARTESIAN_POINT('',(-1.08863526901724,3.675,-0.652504714681163));
#13709=CARTESIAN_POINT('',(-1.28863526901724,3.84480430693563,-0.571688124932348));
#13710=CARTESIAN_POINT('',(-1.18916620896371,3.84480430693563,-0.571688124932348));
#13711=CARTESIAN_POINT('',(-1.11883096208161,3.77446906005353,-0.571688124932348));
#13712=CARTESIAN_POINT('',(-1.11883096208161,3.675,-0.571688124932348));
#13713=CARTESIAN_POINT('',(-1.28863526901724,3.77392346880339,-0.522504714681163));
#13714=CARTESIAN_POINT('',(-1.23068724262921,3.77392346880339,-0.522504714681163));
#13715=CARTESIAN_POINT('',(-1.18971180021385,3.73294802638803,-0.522504714681163));
#13716=CARTESIAN_POINT('',(-1.18971180021386,3.675,-0.522504714681163));
#13717=CARTESIAN_POINT('',(-1.28863526901724,3.68765006004805,-0.522504714681163));
#13718=CARTESIAN_POINT('',(-1.28122503540593,3.68765006004805,-0.522504714681163));
#13719=CARTESIAN_POINT('',(-1.27598520896919,3.68241023361131,-0.522504714681163));
#13720=CARTESIAN_POINT('',(-1.27598520896919,3.675,-0.522504714681163));
#13721=CARTESIAN_POINT('',(-2.38863526901724,3.68765006004805,-0.722504714681164));
#13722=CARTESIAN_POINT('',(-2.58863526901724,3.68765006004805,-0.722504714681164));
#13723=CARTESIAN_POINT('',(-1.27598520896919,3.575,-0.722504714681163));
#13724=CARTESIAN_POINT('',(-1.27598520896919,3.875,-0.722504714681163));
#13725=CARTESIAN_POINT('',(-2.40128532906529,3.675,-0.722504714681164));
#13726=CARTESIAN_POINT('',(-2.58863526901724,3.675,-0.652504714681164));
#13727=CARTESIAN_POINT('',(-2.58863526901724,3.79215728752538,-0.652504714681164));
#13728=CARTESIAN_POINT('',(-2.50579255654262,3.875,-0.652504714681164));
#13729=CARTESIAN_POINT('',(-2.38863526901724,3.875,-0.652504714681164));
#13730=CARTESIAN_POINT('',(-2.55843957595287,3.675,-0.571688124932349));
#13731=CARTESIAN_POINT('',(-2.55843957595287,3.77446906005353,-0.571688124932349));
#13732=CARTESIAN_POINT('',(-2.48810432907077,3.84480430693563,-0.571688124932349));
#13733=CARTESIAN_POINT('',(-2.38863526901724,3.84480430693563,-0.571688124932349));
#13734=CARTESIAN_POINT('',(-2.48755873782063,3.675,-0.522504714681164));
#13735=CARTESIAN_POINT('',(-2.48755873782063,3.73294802638803,-0.522504714681164));
#13736=CARTESIAN_POINT('',(-2.44658329540527,3.77392346880339,-0.522504714681164));
#13737=CARTESIAN_POINT('',(-2.38863526901724,3.77392346880339,-0.522504714681164));
#13738=CARTESIAN_POINT('',(-2.40128532906529,3.675,-0.522504714681164));
#13739=CARTESIAN_POINT('',(-2.40128532906529,3.68241023361131,-0.522504714681164));
#13740=CARTESIAN_POINT('',(-2.39604550262855,3.68765006004805,-0.522504714681164));
#13741=CARTESIAN_POINT('',(-2.38863526901724,3.68765006004805,-0.522504714681164));
#13742=CARTESIAN_POINT('',(-1.28863526901724,3.56234993995195,-0.722504714681163));
#13743=CARTESIAN_POINT('',(-1.08863526901724,3.575,-0.652504714681163));
#13744=CARTESIAN_POINT('',(-1.08863526901724,3.45784271247462,-0.652504714681163));
#13745=CARTESIAN_POINT('',(-1.17147798149186,3.375,-0.652504714681163));
#13746=CARTESIAN_POINT('',(-1.28863526901724,3.375,-0.652504714681163));
#13747=CARTESIAN_POINT('',(-1.11883096208161,3.575,-0.571688124932348));
#13748=CARTESIAN_POINT('',(-1.11883096208161,3.47553093994647,-0.571688124932348));
#13749=CARTESIAN_POINT('',(-1.18916620896371,3.40519569306437,-0.571688124932348));
#13750=CARTESIAN_POINT('',(-1.28863526901724,3.40519569306437,-0.571688124932348));
#13751=CARTESIAN_POINT('',(-1.18971180021385,3.575,-0.522504714681163));
#13752=CARTESIAN_POINT('',(-1.18971180021385,3.51705197361197,-0.522504714681163));
#13753=CARTESIAN_POINT('',(-1.23068724262921,3.47607653119661,-0.522504714681163));
#13754=CARTESIAN_POINT('',(-1.28863526901724,3.47607653119661,-0.522504714681163));
#13755=CARTESIAN_POINT('',(-1.27598520896919,3.575,-0.522504714681163));
#13756=CARTESIAN_POINT('',(-1.27598520896919,3.56758976638869,-0.522504714681163));
#13757=CARTESIAN_POINT('',(-1.28122503540593,3.56234993995195,-0.522504714681163));
#13758=CARTESIAN_POINT('',(-1.28863526901724,3.56234993995195,-0.522504714681163));
#13759=CARTESIAN_POINT('',(-2.40128532906529,3.575,-0.722504714681164));
#13760=CARTESIAN_POINT('',(-2.40128532906529,3.375,-0.722504714681164));
#13761=CARTESIAN_POINT('',(-2.38863526901724,3.56234993995195,-0.722504714681164));
#13762=CARTESIAN_POINT('',(-1.08863526901724,3.56234993995195,-0.722504714681163));
#13763=CARTESIAN_POINT('',(-2.38863526901724,3.375,-0.652504714681163));
#13764=CARTESIAN_POINT('',(-2.50579255654262,3.375,-0.652504714681163));
#13765=CARTESIAN_POINT('',(-2.58863526901724,3.45784271247462,-0.652504714681164));
#13766=CARTESIAN_POINT('',(-2.58863526901724,3.575,-0.652504714681164));
#13767=CARTESIAN_POINT('',(-2.38863526901724,3.40519569306437,-0.571688124932349));
#13768=CARTESIAN_POINT('',(-2.48810432907077,3.40519569306437,-0.571688124932349));
#13769=CARTESIAN_POINT('',(-2.55843957595287,3.47553093994647,-0.571688124932349));
#13770=CARTESIAN_POINT('',(-2.55843957595287,3.575,-0.571688124932349));
#13771=CARTESIAN_POINT('',(-2.38863526901724,3.47607653119661,-0.522504714681163));
#13772=CARTESIAN_POINT('',(-2.44658329540527,3.47607653119661,-0.522504714681163));
#13773=CARTESIAN_POINT('',(-2.48755873782063,3.51705197361197,-0.522504714681163));
#13774=CARTESIAN_POINT('',(-2.48755873782063,3.575,-0.522504714681163));
#13775=CARTESIAN_POINT('',(-2.38863526901724,3.56234993995195,-0.522504714681164));
#13776=CARTESIAN_POINT('',(-2.39604550262855,3.56234993995195,-0.522504714681164));
#13777=CARTESIAN_POINT('',(-2.40128532906529,3.56758976638869,-0.522504714681164));
#13778=CARTESIAN_POINT('',(-2.40128532906529,3.575,-0.522504714681164));
#13779=CARTESIAN_POINT('',(-1.27598520896919,1.675,-0.722504714681163));
#13780=CARTESIAN_POINT('',(-1.28863526901724,1.68765006004805,-0.722504714681163));
#13781=CARTESIAN_POINT('',(-1.28863526901724,1.875,-0.652504714681163));
#13782=CARTESIAN_POINT('',(-1.17147798149186,1.875,-0.652504714681163));
#13783=CARTESIAN_POINT('',(-1.08863526901724,1.79215728752538,-0.652504714681163));
#13784=CARTESIAN_POINT('',(-1.08863526901724,1.675,-0.652504714681163));
#13785=CARTESIAN_POINT('',(-1.28863526901724,1.84480430693563,-0.571688124932348));
#13786=CARTESIAN_POINT('',(-1.18916620896371,1.84480430693563,-0.571688124932348));
#13787=CARTESIAN_POINT('',(-1.11883096208161,1.77446906005353,-0.571688124932348));
#13788=CARTESIAN_POINT('',(-1.11883096208161,1.675,-0.571688124932348));
#13789=CARTESIAN_POINT('',(-1.28863526901724,1.77392346880339,-0.522504714681163));
#13790=CARTESIAN_POINT('',(-1.23068724262921,1.77392346880339,-0.522504714681163));
#13791=CARTESIAN_POINT('',(-1.18971180021385,1.73294802638803,-0.522504714681163));
#13792=CARTESIAN_POINT('',(-1.18971180021385,1.675,-0.522504714681163));
#13793=CARTESIAN_POINT('',(-1.28863526901724,1.68765006004805,-0.522504714681163));
#13794=CARTESIAN_POINT('',(-1.28122503540593,1.68765006004805,-0.522504714681163));
#13795=CARTESIAN_POINT('',(-1.27598520896919,1.68241023361131,-0.522504714681163));
#13796=CARTESIAN_POINT('',(-1.27598520896919,1.675,-0.522504714681163));
#13797=CARTESIAN_POINT('',(-2.38863526901724,1.68765006004805,-0.722504714681164));
#13798=CARTESIAN_POINT('',(-1.08863526901724,1.68765006004805,-0.722504714681163));
#13799=CARTESIAN_POINT('',(-1.27598520896919,1.575,-0.722504714681163));
#13800=CARTESIAN_POINT('',(-1.27598520896919,1.375,-0.722504714681163));
#13801=CARTESIAN_POINT('',(-2.40128532906529,1.675,-0.722504714681164));
#13802=CARTESIAN_POINT('',(-2.58863526901724,1.675,-0.652504714681164));
#13803=CARTESIAN_POINT('',(-2.58863526901724,1.79215728752538,-0.652504714681164));
#13804=CARTESIAN_POINT('',(-2.50579255654262,1.875,-0.652504714681163));
#13805=CARTESIAN_POINT('',(-2.38863526901724,1.875,-0.652504714681163));
#13806=CARTESIAN_POINT('',(-2.55843957595287,1.675,-0.571688124932348));
#13807=CARTESIAN_POINT('',(-2.55843957595287,1.77446906005353,-0.571688124932348));
#13808=CARTESIAN_POINT('',(-2.48810432907077,1.84480430693563,-0.571688124932348));
#13809=CARTESIAN_POINT('',(-2.38863526901724,1.84480430693563,-0.571688124932348));
#13810=CARTESIAN_POINT('',(-2.48755873782063,1.675,-0.522504714681163));
#13811=CARTESIAN_POINT('',(-2.48755873782063,1.73294802638803,-0.522504714681163));
#13812=CARTESIAN_POINT('',(-2.44658329540527,1.77392346880339,-0.522504714681163));
#13813=CARTESIAN_POINT('',(-2.38863526901724,1.77392346880339,-0.522504714681163));
#13814=CARTESIAN_POINT('',(-2.40128532906529,1.675,-0.522504714681164));
#13815=CARTESIAN_POINT('',(-2.40128532906529,1.68241023361131,-0.522504714681164));
#13816=CARTESIAN_POINT('',(-2.39604550262855,1.68765006004805,-0.522504714681163));
#13817=CARTESIAN_POINT('',(-2.38863526901724,1.68765006004805,-0.522504714681163));
#13818=CARTESIAN_POINT('',(-1.28863526901724,1.56234993995195,-0.722504714681163));
#13819=CARTESIAN_POINT('',(-1.08863526901724,1.575,-0.652504714681163));
#13820=CARTESIAN_POINT('',(-1.08863526901724,1.45784271247462,-0.652504714681163));
#13821=CARTESIAN_POINT('',(-1.17147798149186,1.375,-0.652504714681163));
#13822=CARTESIAN_POINT('',(-1.28863526901724,1.375,-0.652504714681163));
#13823=CARTESIAN_POINT('',(-1.11883096208161,1.575,-0.571688124932348));
#13824=CARTESIAN_POINT('',(-1.11883096208161,1.47553093994647,-0.571688124932348));
#13825=CARTESIAN_POINT('',(-1.18916620896371,1.40519569306437,-0.571688124932348));
#13826=CARTESIAN_POINT('',(-1.28863526901724,1.40519569306437,-0.571688124932348));
#13827=CARTESIAN_POINT('',(-1.18971180021385,1.575,-0.522504714681163));
#13828=CARTESIAN_POINT('',(-1.18971180021385,1.51705197361197,-0.522504714681163));
#13829=CARTESIAN_POINT('',(-1.23068724262921,1.47607653119661,-0.522504714681163));
#13830=CARTESIAN_POINT('',(-1.28863526901724,1.47607653119661,-0.522504714681163));
#13831=CARTESIAN_POINT('',(-1.27598520896919,1.575,-0.522504714681163));
#13832=CARTESIAN_POINT('',(-1.27598520896919,1.56758976638869,-0.522504714681163));
#13833=CARTESIAN_POINT('',(-1.28122503540593,1.56234993995195,-0.522504714681163));
#13834=CARTESIAN_POINT('',(-1.28863526901724,1.56234993995195,-0.522504714681163));
#13835=CARTESIAN_POINT('',(-2.40128532906529,1.575,-0.722504714681164));
#13836=CARTESIAN_POINT('',(-2.40128532906529,1.875,-0.722504714681164));
#13837=CARTESIAN_POINT('',(-2.38863526901724,1.56234993995195,-0.722504714681164));
#13838=CARTESIAN_POINT('',(-2.58863526901724,1.56234993995195,-0.722504714681164));
#13839=CARTESIAN_POINT('',(-2.38863526901724,1.375,-0.652504714681164));
#13840=CARTESIAN_POINT('',(-2.50579255654262,1.375,-0.652504714681164));
#13841=CARTESIAN_POINT('',(-2.58863526901724,1.45784271247462,-0.652504714681164));
#13842=CARTESIAN_POINT('',(-2.58863526901724,1.575,-0.652504714681164));
#13843=CARTESIAN_POINT('',(-2.38863526901724,1.40519569306437,-0.571688124932349));
#13844=CARTESIAN_POINT('',(-2.48810432907077,1.40519569306437,-0.571688124932349));
#13845=CARTESIAN_POINT('',(-2.55843957595287,1.47553093994647,-0.571688124932349));
#13846=CARTESIAN_POINT('',(-2.55843957595287,1.575,-0.571688124932349));
#13847=CARTESIAN_POINT('',(-2.38863526901724,1.47607653119661,-0.522504714681164));
#13848=CARTESIAN_POINT('',(-2.44658329540527,1.47607653119661,-0.522504714681164));
#13849=CARTESIAN_POINT('',(-2.48755873782063,1.51705197361197,-0.522504714681164));
#13850=CARTESIAN_POINT('',(-2.48755873782063,1.575,-0.522504714681164));
#13851=CARTESIAN_POINT('',(-2.38863526901724,1.56234993995195,-0.522504714681164));
#13852=CARTESIAN_POINT('',(-2.39604550262855,1.56234993995195,-0.522504714681164));
#13853=CARTESIAN_POINT('',(-2.40128532906529,1.56758976638869,-0.522504714681164));
#13854=CARTESIAN_POINT('',(-2.40128532906529,1.575,-0.522504714681164));
#13855=CARTESIAN_POINT('',(-2.38863526901724,1.55360571099492,-0.862504714681164));
#13856=CARTESIAN_POINT('',(-2.58863526901724,1.55360571099492,-0.862504714681164));
#13857=CARTESIAN_POINT('',(-2.41002955802232,1.575,-0.862504714681164));
#13858=CARTESIAN_POINT('',(-2.38863526901724,1.55360571099492,-0.662504714681164));
#13859=CARTESIAN_POINT('',(-2.40116775335909,1.55360571099492,-0.662504714681163));
#13860=CARTESIAN_POINT('',(-2.41002955802233,1.56246751565815,-0.662504714681163));
#13861=CARTESIAN_POINT('',(-2.41002955802233,1.575,-0.662504714681164));
#13862=CARTESIAN_POINT('',(-2.38863526901724,1.47600063080765,-0.662504714681164));
#13863=CARTESIAN_POINT('',(-2.44662775682374,1.47600063080765,-0.662504714681164));
#13864=CARTESIAN_POINT('',(-2.48763463820959,1.5170075121935,-0.662504714681164));
#13865=CARTESIAN_POINT('',(-2.48763463820959,1.575,-0.662504714681164));
#13866=CARTESIAN_POINT('',(-2.38863526901724,1.40992228608427,-0.703201162062843));
#13867=CARTESIAN_POINT('',(-2.48533555498353,1.40992228608427,-0.703201162062843));
#13868=CARTESIAN_POINT('',(-2.55371298293297,1.47829971403371,-0.703201162062843));
#13869=CARTESIAN_POINT('',(-2.55371298293297,1.575,-0.703201162062843));
#13870=CARTESIAN_POINT('',(-2.38863526901724,1.375,-0.772504714681164));
#13871=CARTESIAN_POINT('',(-2.50579255654262,1.375,-0.772504714681164));
#13872=CARTESIAN_POINT('',(-2.58863526901724,1.45784271247462,-0.772504714681164));
#13873=CARTESIAN_POINT('',(-2.58863526901724,1.575,-0.772504714681164));
#13874=CARTESIAN_POINT('',(-2.41002955802232,1.675,-0.862504714681164));
#13875=CARTESIAN_POINT('',(-2.41002955802232,1.875,-0.862504714681164));
#13876=CARTESIAN_POINT('',(-2.38863526901724,1.69639428900508,-0.862504714681164));
#13877=CARTESIAN_POINT('',(-2.41002955802232,1.675,-0.662504714681164));
#13878=CARTESIAN_POINT('',(-2.41002955802232,1.68753248434185,-0.662504714681163));
#13879=CARTESIAN_POINT('',(-2.40116775335909,1.69639428900508,-0.662504714681163));
#13880=CARTESIAN_POINT('',(-2.38863526901724,1.69639428900508,-0.662504714681163));
#13881=CARTESIAN_POINT('',(-2.48763463820959,1.675,-0.662504714681164));
#13882=CARTESIAN_POINT('',(-2.48763463820959,1.7329924878065,-0.662504714681164));
#13883=CARTESIAN_POINT('',(-2.44662775682374,1.77399936919235,-0.662504714681163));
#13884=CARTESIAN_POINT('',(-2.38863526901724,1.77399936919235,-0.662504714681163));
#13885=CARTESIAN_POINT('',(-2.55371298293297,1.675,-0.703201162062843));
#13886=CARTESIAN_POINT('',(-2.55371298293297,1.77170028596629,-0.703201162062843));
#13887=CARTESIAN_POINT('',(-2.48533555498353,1.84007771391573,-0.703201162062843));
#13888=CARTESIAN_POINT('',(-2.38863526901724,1.84007771391573,-0.703201162062843));
#13889=CARTESIAN_POINT('',(-2.58863526901724,1.675,-0.772504714681163));
#13890=CARTESIAN_POINT('',(-2.58863526901724,1.79215728752538,-0.772504714681163));
#13891=CARTESIAN_POINT('',(-2.50579255654262,1.875,-0.772504714681163));
#13892=CARTESIAN_POINT('',(-2.38863526901724,1.875,-0.772504714681163));
#13893=CARTESIAN_POINT('',(-1.08863526901724,1.69639428900508,-0.862504714681163));
#13894=CARTESIAN_POINT('',(-2.38863526901724,3.55360571099492,-0.862504714681164));
#13895=CARTESIAN_POINT('',(-1.08863526901724,3.55360571099492,-0.862504714681163));
#13896=CARTESIAN_POINT('',(-2.41002955802232,3.575,-0.862504714681164));
#13897=CARTESIAN_POINT('',(-2.38863526901724,3.55360571099492,-0.662504714681164));
#13898=CARTESIAN_POINT('',(-2.40116775335909,3.55360571099492,-0.662504714681163));
#13899=CARTESIAN_POINT('',(-2.41002955802232,3.56246751565815,-0.662504714681164));
#13900=CARTESIAN_POINT('',(-2.41002955802232,3.575,-0.662504714681164));
#13901=CARTESIAN_POINT('',(-2.38863526901724,3.47600063080765,-0.662504714681163));
#13902=CARTESIAN_POINT('',(-2.44662775682374,3.47600063080765,-0.662504714681163));
#13903=CARTESIAN_POINT('',(-2.48763463820959,3.5170075121935,-0.662504714681164));
#13904=CARTESIAN_POINT('',(-2.48763463820959,3.575,-0.662504714681164));
#13905=CARTESIAN_POINT('',(-2.38863526901724,3.40992228608427,-0.703201162062843));
#13906=CARTESIAN_POINT('',(-2.48533555498353,3.40992228608427,-0.703201162062842));
#13907=CARTESIAN_POINT('',(-2.55371298293297,3.47829971403371,-0.703201162062843));
#13908=CARTESIAN_POINT('',(-2.55371298293297,3.575,-0.703201162062843));
#13909=CARTESIAN_POINT('',(-2.38863526901724,3.375,-0.772504714681163));
#13910=CARTESIAN_POINT('',(-2.50579255654262,3.375,-0.772504714681163));
#13911=CARTESIAN_POINT('',(-2.58863526901724,3.45784271247462,-0.772504714681163));
#13912=CARTESIAN_POINT('',(-2.58863526901724,3.575,-0.772504714681163));
#13913=CARTESIAN_POINT('',(-2.41002955802232,3.675,-0.862504714681164));
#13914=CARTESIAN_POINT('',(-2.41002955802232,3.375,-0.862504714681164));
#13915=CARTESIAN_POINT('',(-2.38863526901724,3.69639428900508,-0.862504714681164));
#13916=CARTESIAN_POINT('',(-2.41002955802232,3.675,-0.662504714681164));
#13917=CARTESIAN_POINT('',(-2.41002955802232,3.68753248434185,-0.662504714681163));
#13918=CARTESIAN_POINT('',(-2.40116775335909,3.69639428900508,-0.662504714681163));
#13919=CARTESIAN_POINT('',(-2.38863526901724,3.69639428900508,-0.662504714681164));
#13920=CARTESIAN_POINT('',(-2.48763463820959,3.675,-0.662504714681164));
#13921=CARTESIAN_POINT('',(-2.48763463820959,3.7329924878065,-0.662504714681164));
#13922=CARTESIAN_POINT('',(-2.44662775682374,3.77399936919235,-0.662504714681164));
#13923=CARTESIAN_POINT('',(-2.38863526901724,3.77399936919235,-0.662504714681164));
#13924=CARTESIAN_POINT('',(-2.55371298293297,3.675,-0.703201162062843));
#13925=CARTESIAN_POINT('',(-2.55371298293297,3.77170028596629,-0.703201162062843));
#13926=CARTESIAN_POINT('',(-2.48533555498353,3.84007771391573,-0.703201162062843));
#13927=CARTESIAN_POINT('',(-2.38863526901724,3.84007771391573,-0.703201162062843));
#13928=CARTESIAN_POINT('',(-2.58863526901724,3.675,-0.772504714681163));
#13929=CARTESIAN_POINT('',(-2.58863526901724,3.79215728752538,-0.772504714681163));
#13930=CARTESIAN_POINT('',(-2.50579255654262,3.875,-0.772504714681163));
#13931=CARTESIAN_POINT('',(-2.38863526901724,3.875,-0.772504714681163));
#13932=CARTESIAN_POINT('',(-2.58863526901724,3.69639428900508,-0.862504714681164));
#13933=CARTESIAN_POINT('',(-3.28863526901724,1.325,-0.652504714681163));
#13934=CARTESIAN_POINT('',(-3.28863526901724,3.925,-0.772504714681163));
#13935=CARTESIAN_POINT('',(-1.08863526901724,0.875,-0.502504714681163));
#13936=CARTESIAN_POINT('',(3.72377,0.193039405042469,-0.749999999999998));
#13937=CARTESIAN_POINT('',(3.72377,0.35696059495753,0.));
#13938=CARTESIAN_POINT('',(3.72377,0.193039405042469,-0.749999999999998));
#13939=CARTESIAN_POINT('',(3.72377,0.35696059495753,0.13));
#13940=CARTESIAN_POINT('',(-5.58863526901724,0.275000000000004,-18.3725047146812));
#13941=CARTESIAN_POINT('',(-5.58863526901724,0.275000000000004,-18.5725047146812));
#13942=CARTESIAN_POINT('',(3.91136473098276,0.275000000000004,-18.3725047146812));
#13943=CARTESIAN_POINT('',(3.91136473098276,0.275000000000004,-18.5725047146812));
#13944=CARTESIAN_POINT('',(-5.58863526901724,0.275000000000004,-18.3725047146812));
#13945=CARTESIAN_POINT('',(-5.58863526901724,0.275000000000004,-18.3725047146812));
#13946=CARTESIAN_POINT('',(3.91136473098276,0.275000000000004,-18.3725047146812));
#13947=CARTESIAN_POINT('',(-0.7,-0.125,0.12));
#13948=CARTESIAN_POINT('',(-0.7,-0.125,0.12));
#13949=CARTESIAN_POINT('',(-0.7,0.,0.12));
#13950=CARTESIAN_POINT('',(-0.7,-0.000100040032032025,0.125));
#13951=CARTESIAN_POINT('',(-0.7,-0.000100040032032025,2.71050543121376E-017));
#13952=CARTESIAN_POINT('',(-0.7,-0.125,1.86347248395946E-017));
#13953=CARTESIAN_POINT('',(-0.7,0.,1.86347248395946E-017));
#13954=CARTESIAN_POINT('',(-0.7,0.,1.35525271560688E-017));
#13955=CARTESIAN_POINT('',(-0.7,-0.125,1.35525271560688E-017));
#13956=CARTESIAN_POINT('',(-0.7,0.,-0.15));
#13957=CARTESIAN_POINT('',(-0.965898093313296,0.,-0.103114992029928));
#13958=CARTESIAN_POINT('',(-0.965898093313296,-0.125,-0.103114992029928));
#13959=CARTESIAN_POINT('',(-0.965898093313296,-0.125,-0.103114992029928));
#13960=CARTESIAN_POINT('',(-0.7,-0.125,-0.15));
#13961=CARTESIAN_POINT('',(-0.7,-0.125,-0.15));
#13962=CARTESIAN_POINT('',(-0.847721162951831,-0.125,-0.12395277334996));
#13963=CARTESIAN_POINT('',(-0.847721162951831,-0.000100040032032026,-0.12395277334996));
#13964=CARTESIAN_POINT('',(-0.847721162951831,0.,-0.12395277334996));
#13965=CARTESIAN_POINT('',(-0.970822132078357,-0.000100040032032026,-0.102246751141594));
#13966=CARTESIAN_POINT('',(-0.965898093313296,0.,-0.103114992029928));
#13967=CARTESIAN_POINT('',(-0.965898093313296,-0.125,-0.103114992029928));
#13968=CARTESIAN_POINT('',(-0.7,-0.000100040032032027,-0.15));
#13969=CARTESIAN_POINT('',(-0.7,0.,-0.15));
#13970=CARTESIAN_POINT('',(-0.7,-0.125,-0.15));
#13971=CARTESIAN_POINT('',(-0.7,0.,-0.15));
#13972=CARTESIAN_POINT('',(-0.7,-0.000100040032032027,-0.15));
#13973=CARTESIAN_POINT('',(0.211364730982758,1.825,-5.62250471468116));
#13974=CARTESIAN_POINT('',(0.211364730982758,1.825,-6.12250471468116));
#13975=CARTESIAN_POINT('',(0.211364730982758,1.825,-7.62250471468116));
#13976=CARTESIAN_POINT('',(0.211364730982758,1.325,-7.62250471468116));
#13977=CARTESIAN_POINT('',(0.211364730982758,1.325,-8.12250471468116));
#13978=CARTESIAN_POINT('',(0.211364730982758,1.325,-8.62250471468116));
#13979=CARTESIAN_POINT('',(0.211364730982758,0.824999999999997,-8.62250471468116));
#13980=CARTESIAN_POINT('',(0.211364730982758,0.824999999999997,-8.12250471468116));
#13981=CARTESIAN_POINT('',(0.211364730982758,0.824999999999995,-17.0225047146812));
#13982=CARTESIAN_POINT('',(0.211364730982758,1.32499999999999,-17.0225047146812));
#13983=CARTESIAN_POINT('',(0.211364730982758,1.32499999999999,-17.5225047146812));
#13984=CARTESIAN_POINT('',(0.211364730982758,0.824999999999995,-17.5225047146812));
#13985=CARTESIAN_POINT('',(0.211364730982758,3.925,-17.5225047146812));
#13986=CARTESIAN_POINT('',(0.211364730982758,3.925,-17.0225047146812));
#13987=CARTESIAN_POINT('',(0.211364730982758,4.425,-17.0225047146812));
#13988=CARTESIAN_POINT('',(0.211364730982758,4.425,-17.5225047146812));
#13989=CARTESIAN_POINT('',(0.211364730982758,4.425,-5.12250471468116));
#13990=CARTESIAN_POINT('',(0.211364730982758,3.925,-5.12250471468116));
#13991=CARTESIAN_POINT('',(0.211364730982758,3.925,-4.62250471468116));
#13992=CARTESIAN_POINT('',(0.211364730982758,3.925,-4.12250471468116));
#13993=CARTESIAN_POINT('',(0.211364730982758,3.425,-4.12250471468116));
#13994=CARTESIAN_POINT('',(0.211364730982758,3.425,-4.62250471468116));
#13995=CARTESIAN_POINT('',(0.211364730982758,3.425,-2.62250471468116));
#13996=CARTESIAN_POINT('',(0.211364730982758,3.925,-2.62250471468116));
#13997=CARTESIAN_POINT('',(0.211364730982758,3.925,-2.12250471468116));
#13998=CARTESIAN_POINT('',(0.211364730982758,3.925,-1.62250471468116));
#13999=CARTESIAN_POINT('',(0.211364730982758,4.425,-1.62250471468116));
#14000=CARTESIAN_POINT('',(0.211364730982758,4.425,-2.12250471468116));
#14001=CARTESIAN_POINT('',(0.211364730982758,4.425,-1.42250471468116));
#14002=CARTESIAN_POINT('',(0.211364730982758,3.925,-1.42250471468116));
#14003=CARTESIAN_POINT('',(0.211364730982758,3.925,-0.922504714681159));
#14004=CARTESIAN_POINT('',(0.211364730982758,4.425,-0.922504714681159));
#14005=CARTESIAN_POINT('',(0.211364730982758,1.325,-0.922504714681159));
#14006=CARTESIAN_POINT('',(0.211364730982758,1.325,-1.42250471468116));
#14007=CARTESIAN_POINT('',(0.211364730982758,0.824999999999999,-1.42250471468116));
#14008=CARTESIAN_POINT('',(0.211364730982758,0.824999999999999,-0.922504714681159));
#14009=CARTESIAN_POINT('',(0.211364730982758,0.824999999999999,-5.12250471468116));
#14010=CARTESIAN_POINT('',(0.211364730982758,1.325,-5.12250471468116));
#14011=CARTESIAN_POINT('',(0.211364730982758,1.325,-5.62250471468116));
#14012=CARTESIAN_POINT('',(0.211364730982758,1.325,-6.12250471468116));
#14013=CARTESIAN_POINT('',(0.211364730982758,2.625,-9.22250471468116));
#14014=CARTESIAN_POINT('',(-0.188635269017242,1.32499999999999,-17.0225047146812));
#14015=CARTESIAN_POINT('',(-0.188635269017242,1.32499999999999,-17.5225047146812));
#14016=CARTESIAN_POINT('',(-0.188635269017242,0.824999999999995,-17.0225047146812));
#14017=CARTESIAN_POINT('',(-0.188635269017242,1.32499999999999,-17.5225047146812));
#14018=CARTESIAN_POINT('',(-0.188635269017242,0.824999999999995,-17.0225047146812));
#14019=CARTESIAN_POINT('',(-0.188635269017242,1.32499999999999,-17.0225047146812));
#14020=CARTESIAN_POINT('',(-0.188635269017242,0.824999999999995,-17.5225047146812));
#14021=CARTESIAN_POINT('',(-0.188635269017242,3.925,-17.5225047146812));
#14022=CARTESIAN_POINT('',(-0.188635269017242,3.925,-17.5225047146812));
#14023=CARTESIAN_POINT('',(-0.188635269017242,0.824999999999995,-17.5225047146812));
#14024=CARTESIAN_POINT('',(-0.188635269017242,3.925,-17.0225047146812));
#14025=CARTESIAN_POINT('',(-0.188635269017242,4.425,-17.0225047146812));
#14026=CARTESIAN_POINT('',(-0.188635269017242,4.425,-17.0225047146812));
#14027=CARTESIAN_POINT('',(-0.188635269017242,3.925,-17.0225047146812));
#14028=CARTESIAN_POINT('',(-0.188635269017242,4.425,-17.5225047146812));
#14029=CARTESIAN_POINT('',(-0.188635269017242,4.425,-5.12250471468116));
#14030=CARTESIAN_POINT('',(-0.188635269017242,4.425,-5.12250471468116));
#14031=CARTESIAN_POINT('',(-0.188635269017242,4.425,-17.5225047146812));
#14032=CARTESIAN_POINT('',(-0.188635269017242,3.925,-5.12250471468116));
#14033=CARTESIAN_POINT('',(-0.188635269017242,3.925,-4.62250471468116));
#14034=CARTESIAN_POINT('',(-0.188635269017242,3.925,-4.62250471468116));
#14035=CARTESIAN_POINT('',(-0.188635269017242,3.925,-5.12250471468116));
#14036=CARTESIAN_POINT('',(-0.188635269017242,3.925,-4.12250471468116));
#14037=CARTESIAN_POINT('',(-0.188635269017242,3.425,-4.12250471468116));
#14038=CARTESIAN_POINT('',(-0.188635269017242,3.425,-4.12250471468116));
#14039=CARTESIAN_POINT('',(-0.188635269017242,3.925,-4.12250471468116));
#14040=CARTESIAN_POINT('',(-0.188635269017242,3.425,-4.62250471468116));
#14041=CARTESIAN_POINT('',(-0.188635269017242,3.425,-2.62250471468116));
#14042=CARTESIAN_POINT('',(0.211364730982758,3.425,-2.62250471468116));
#14043=CARTESIAN_POINT('',(-0.188635269017242,3.425,-4.62250471468116));
#14044=CARTESIAN_POINT('',(-0.188635269017242,3.925,-2.62250471468116));
#14045=CARTESIAN_POINT('',(-0.188635269017242,3.925,-2.12250471468116));
#14046=CARTESIAN_POINT('',(-0.188635269017242,3.925,-2.12250471468116));
#14047=CARTESIAN_POINT('',(-0.188635269017242,3.925,-2.62250471468116));
#14048=CARTESIAN_POINT('',(-0.188635269017242,3.925,-1.62250471468116));
#14049=CARTESIAN_POINT('',(-0.188635269017242,4.425,-1.62250471468116));
#14050=CARTESIAN_POINT('',(-0.188635269017242,4.425,-1.62250471468116));
#14051=CARTESIAN_POINT('',(-0.188635269017242,3.925,-1.62250471468116));
#14052=CARTESIAN_POINT('',(-0.188635269017242,4.425,-2.12250471468116));
#14053=CARTESIAN_POINT('',(-0.188635269017242,4.425,-1.42250471468116));
#14054=CARTESIAN_POINT('',(-0.188635269017242,4.425,-1.42250471468116));
#14055=CARTESIAN_POINT('',(-0.188635269017242,4.425,-2.12250471468116));
#14056=CARTESIAN_POINT('',(-0.188635269017242,3.925,-1.42250471468116));
#14057=CARTESIAN_POINT('',(-0.188635269017242,3.925,-0.922504714681159));
#14058=CARTESIAN_POINT('',(-0.188635269017242,3.925,-0.922504714681159));
#14059=CARTESIAN_POINT('',(-0.188635269017242,3.925,-1.42250471468116));
#14060=CARTESIAN_POINT('',(-0.188635269017242,4.425,-0.922504714681159));
#14061=CARTESIAN_POINT('',(-0.188635269017242,1.325,-0.922504714681159));
#14062=CARTESIAN_POINT('',(-0.188635269017242,1.325,-0.922504714681159));
#14063=CARTESIAN_POINT('',(-0.188635269017242,4.425,-0.922504714681159));
#14064=CARTESIAN_POINT('',(-0.188635269017242,1.325,-1.42250471468116));
#14065=CARTESIAN_POINT('',(-0.188635269017242,0.824999999999999,-1.42250471468116));
#14066=CARTESIAN_POINT('',(-0.188635269017242,0.824999999999999,-1.42250471468116));
#14067=CARTESIAN_POINT('',(-0.188635269017242,1.325,-1.42250471468116));
#14068=CARTESIAN_POINT('',(-0.188635269017242,0.824999999999999,-0.922504714681159));
#14069=CARTESIAN_POINT('',(-0.188635269017242,0.824999999999999,-5.12250471468116));
#14070=CARTESIAN_POINT('',(-0.188635269017242,0.824999999999999,-5.12250471468116));
#14071=CARTESIAN_POINT('',(-0.188635269017242,0.824999999999999,-0.922504714681159));
#14072=CARTESIAN_POINT('',(-0.188635269017242,1.325,-5.12250471468116));
#14073=CARTESIAN_POINT('',(-0.188635269017242,1.325,-5.62250471468116));
#14074=CARTESIAN_POINT('',(-0.188635269017242,1.325,-5.62250471468116));
#14075=CARTESIAN_POINT('',(-0.188635269017242,1.325,-5.12250471468116));
#14076=CARTESIAN_POINT('',(-0.188635269017242,1.325,-6.12250471468116));
#14077=CARTESIAN_POINT('',(-0.188635269017242,1.825,-6.12250471468116));
#14078=CARTESIAN_POINT('',(-0.188635269017242,1.825,-6.12250471468116));
#14079=CARTESIAN_POINT('',(-0.188635269017242,1.325,-6.12250471468116));
#14080=CARTESIAN_POINT('',(-0.188635269017242,1.825,-5.62250471468116));
#14081=CARTESIAN_POINT('',(-0.188635269017242,1.825,-7.62250471468116));
#14082=CARTESIAN_POINT('',(0.211364730982758,1.825,-7.62250471468116));
#14083=CARTESIAN_POINT('',(-0.188635269017242,1.825,-5.62250471468116));
#14084=CARTESIAN_POINT('',(-0.188635269017242,1.325,-7.62250471468116));
#14085=CARTESIAN_POINT('',(-0.188635269017242,1.325,-8.12250471468116));
#14086=CARTESIAN_POINT('',(-0.188635269017242,1.325,-8.12250471468116));
#14087=CARTESIAN_POINT('',(-0.188635269017242,1.325,-7.62250471468116));
#14088=CARTESIAN_POINT('',(-0.188635269017242,1.325,-8.62250471468116));
#14089=CARTESIAN_POINT('',(-0.188635269017242,0.824999999999997,-8.62250471468116));
#14090=CARTESIAN_POINT('',(-0.188635269017242,0.824999999999997,-8.62250471468116));
#14091=CARTESIAN_POINT('',(-0.188635269017242,1.325,-8.62250471468116));
#14092=CARTESIAN_POINT('',(-0.188635269017242,0.824999999999997,-8.12250471468116));
#14093=CARTESIAN_POINT('',(-0.188635269017242,0.824999999999997,-8.12250471468116));
#14094=CARTESIAN_POINT('',(-0.488635269017242,-0.125000000000001,-0.197504714681163));
#14095=CARTESIAN_POINT('',(-0.488635269017242,-0.125000000000001,0.00249528531883619));
#14096=CARTESIAN_POINT('',(-0.688635269017242,-0.125000000000001,-0.197504714681163));
#14097=CARTESIAN_POINT('',(-0.488635269017242,-0.125000000000001,0.00249528531883619));
#14098=CARTESIAN_POINT('',(-0.488635269017242,0.675,0.00249528531883619));
#14099=CARTESIAN_POINT('',(-0.488635269017242,0.874999999999999,-0.197504714681163));
#14100=CARTESIAN_POINT('',(-0.688635269017242,0.874999999999999,-0.197504714681163));
#14101=CARTESIAN_POINT('',(-0.688635269017242,0.675,-0.197504714681163));
#14102=CARTESIAN_POINT('',(-0.488635269017242,4.175,-0.197504714681163));
#14103=CARTESIAN_POINT('',(-2.68863526901724,0.675,0.00249528531883619));
#14104=CARTESIAN_POINT('',(-0.188635269017242,0.675,0.00249528531883619));
#14105=CARTESIAN_POINT('',(-2.68863526901724,-0.125000000000001,0.00249528531883619));
#14106=CARTESIAN_POINT('',(-0.188635269017242,-0.125000000000001,0.00249528531883619));
#14107=CARTESIAN_POINT('',(-0.188635269017242,-0.125000000000001,0.00249528531883619));
#14108=CARTESIAN_POINT('',(0.211364730982758,-0.125000000000001,0.00249528531883619));
#14109=CARTESIAN_POINT('',(-2.68863526901724,0.675,0.252495285318836));
#14110=CARTESIAN_POINT('',(-0.488635269017242,0.675,0.252495285318836));
#14111=CARTESIAN_POINT('',(-0.188635269017242,0.675,0.252495285318836));
#14112=CARTESIAN_POINT('',(-0.488635269017242,0.675,0.00249528531883619));
#14113=CARTESIAN_POINT('',(-0.188635269017242,0.675,0.00249528531883619));
#14114=CARTESIAN_POINT('',(0.211364730982758,0.675,0.00249528531883619));
#14115=CARTESIAN_POINT('',(-0.488635269017242,0.874999999999999,0.252495285318836));
#14116=CARTESIAN_POINT('',(-0.688635269017242,0.874999999999999,0.252495285318836));
#14117=CARTESIAN_POINT('',(-0.688635269017242,0.874999999999999,0.252495285318836));
#14118=CARTESIAN_POINT('',(-0.488635269017242,0.874999999999999,0.252495285318836));
#14119=CARTESIAN_POINT('',(-0.688635269017242,-0.125000000000001,0.252495285318836));
#14120=CARTESIAN_POINT('',(-0.688635269017242,-0.125000000000001,-1.02250471468116));
#14121=CARTESIAN_POINT('',(-0.688635269017242,1.075,0.252495285318836));
#14122=CARTESIAN_POINT('',(-0.688635269017242,1.075,0.252495285318836));
#14123=CARTESIAN_POINT('',(-0.688635269017242,1.075,-0.522504714681163));
#14124=CARTESIAN_POINT('',(-0.688635269017242,1.075,-0.522504714681163));
#14125=CARTESIAN_POINT('',(-0.688635269017242,4.175,-0.522504714681163));
#14126=CARTESIAN_POINT('',(-0.688635269017242,2.175,-0.522504714681163));
#14127=CARTESIAN_POINT('',(-0.688635269017242,2.175,-0.272504714681163));
#14128=CARTESIAN_POINT('',(-0.688635269017242,2.175,-0.272504714681163));
#14129=CARTESIAN_POINT('',(-0.688635269017242,2.175,-0.272504714681163));
#14130=CARTESIAN_POINT('',(-0.688635269017242,3.075,-0.272504714681163));
#14131=CARTESIAN_POINT('',(-0.688635269017242,3.075,-0.272504714681163));
#14132=CARTESIAN_POINT('',(-0.688635269017242,3.075,-0.522504714681163));
#14133=CARTESIAN_POINT('',(-0.688635269017242,4.175,-0.522504714681163));
#14134=CARTESIAN_POINT('',(-0.688635269017242,4.175,-0.522504714681163));
#14135=CARTESIAN_POINT('',(-0.688635269017242,4.175,-0.272504714681163));
#14136=CARTESIAN_POINT('',(-0.688635269017242,4.175,-0.272504714681163));
#14137=CARTESIAN_POINT('',(-0.688635269017242,5.375,-0.272504714681163));
#14138=CARTESIAN_POINT('',(-0.688635269017242,5.375,-0.272504714681163));
#14139=CARTESIAN_POINT('',(-0.688635269017242,5.375,-0.772504714681163));
#14140=CARTESIAN_POINT('',(-0.688635269017242,5.375,-1.02250471468116));
#14141=CARTESIAN_POINT('',(-0.688635269017242,5.375,-1.02250471468116));
#14142=CARTESIAN_POINT('',(-0.688635269017242,4.175,-1.02250471468116));
#14143=CARTESIAN_POINT('',(-0.688635269017242,4.175,-0.772504714681163));
#14144=CARTESIAN_POINT('',(-0.688635269017242,4.175,-0.772504714681163));
#14145=CARTESIAN_POINT('',(-0.688635269017242,-0.125000000000001,-0.772504714681163));
#14146=CARTESIAN_POINT('',(-0.688635269017242,3.025,-0.772504714681163));
#14147=CARTESIAN_POINT('',(-0.688635269017242,3.025,-0.522504714681163));
#14148=CARTESIAN_POINT('',(-0.688635269017242,3.025,-1.02250471468116));
#14149=CARTESIAN_POINT('',(-0.688635269017242,2.225,-1.02250471468116));
#14150=CARTESIAN_POINT('',(-0.688635269017242,2.225,-1.02250471468116));
#14151=CARTESIAN_POINT('',(-0.688635269017242,2.225,-0.522504714681163));
#14152=CARTESIAN_POINT('',(-0.688635269017242,2.225,-0.772504714681163));
#14153=CARTESIAN_POINT('',(-0.688635269017242,-0.125000000000001,-0.772504714681163));
#14154=CARTESIAN_POINT('',(-0.688635269017242,1.075,-0.772504714681163));
#14155=CARTESIAN_POINT('',(-0.688635269017242,1.075,-0.772504714681163));
#14156=CARTESIAN_POINT('',(-0.688635269017242,1.075,-1.02250471468116));
#14157=CARTESIAN_POINT('',(-0.688635269017242,1.075,-1.02250471468116));
#14158=CARTESIAN_POINT('',(-0.688635269017242,4.175,0.252495285318836));
#14159=CARTESIAN_POINT('',(-0.488635269017242,0.874999999999998,-6.97250471468116));
#14160=CARTESIAN_POINT('',(-0.488635269017242,0.674999999999998,-6.97250471468116));
#14161=CARTESIAN_POINT('',(-0.688635269017242,0.874999999999998,-6.97250471468116));
#14162=CARTESIAN_POINT('',(-0.488635269017242,0.674999999999998,-6.77250471468116));
#14163=CARTESIAN_POINT('',(-0.488635269017242,0.674999999999998,-6.77250471468116));
#14164=CARTESIAN_POINT('',(-0.488635269017242,0.874999999999998,-6.57250471468116));
#14165=CARTESIAN_POINT('',(-0.688635269017242,0.874999999999998,-6.57250471468116));
#14166=CARTESIAN_POINT('',(-0.688635269017242,0.874999999999998,-3.04750471468116));
#14167=CARTESIAN_POINT('',(-0.488635269017242,0.874999999999998,-6.77250471468116));
#14168=CARTESIAN_POINT('',(0.211364730982758,0.674999999999998,-6.77250471468116));
#14169=CARTESIAN_POINT('',(-0.188635269017242,0.674999999999998,-6.77250471468116));
#14170=CARTESIAN_POINT('',(0.211364730982758,0.674999999999998,-6.97250471468116));
#14171=CARTESIAN_POINT('',(-0.188635269017242,0.674999999999998,-6.97250471468116));
#14172=CARTESIAN_POINT('',(-0.188635269017242,0.674999999999998,-6.77250471468116));
#14173=CARTESIAN_POINT('',(-2.68863526901724,0.674999999999998,-6.77250471468116));
#14174=CARTESIAN_POINT('',(0.211364730982758,-0.125000000000002,-6.77250471468116));
#14175=CARTESIAN_POINT('',(-0.188635269017242,-0.125000000000002,-6.77250471468116));
#14176=CARTESIAN_POINT('',(-0.488635269017242,-0.125000000000002,-6.77250471468116));
#14177=CARTESIAN_POINT('',(-0.488635269017242,-0.125000000000002,-6.77250471468116));
#14178=CARTESIAN_POINT('',(-0.188635269017242,-0.125000000000002,-6.77250471468116));
#14179=CARTESIAN_POINT('',(-2.68863526901724,-0.125000000000002,-6.77250471468116));
#14180=CARTESIAN_POINT('',(-0.488635269017242,-0.125000000000002,-6.57250471468116));
#14181=CARTESIAN_POINT('',(-0.688635269017242,-0.125000000000002,-6.57250471468116));
#14182=CARTESIAN_POINT('',(-0.688635269017242,-0.125000000000002,-6.57250471468116));
#14183=CARTESIAN_POINT('',(-0.488635269017242,-0.125000000000002,-6.57250471468116));
#14184=CARTESIAN_POINT('',(-0.788635269017242,4.225,-13.6225047146812));
#14185=CARTESIAN_POINT('',(-0.788635269017242,5.225,-13.6225047146812));
#14186=CARTESIAN_POINT('',(-0.788635269017242,4.225,-13.6225047146812));
#14187=CARTESIAN_POINT('',(-0.788635269017242,5.225,-17.6225047146812));
#14188=CARTESIAN_POINT('',(-0.788635269017242,5.225,-17.3225047146812));
#14189=CARTESIAN_POINT('',(-0.788635269017242,2.875,-17.3225047146812));
#14190=CARTESIAN_POINT('',(-0.788635269017242,2.875,-17.3225047146812));
#14191=CARTESIAN_POINT('',(-0.788635269017242,2.875,-16.0225047146812));
#14192=CARTESIAN_POINT('',(-0.788635269017242,2.875,-16.0225047146812));
#14193=CARTESIAN_POINT('',(-0.788635269017242,2.875,-16.0225047146812));
#14194=CARTESIAN_POINT('',(-0.788635269017242,4.225,-16.0225047146812));
#14195=CARTESIAN_POINT('',(-0.788635269017242,4.225,-13.6225047146812));
#14196=CARTESIAN_POINT('',(-0.788635269017242,5.725,-16.0225047146812));
#14197=CARTESIAN_POINT('',(-0.788635269017242,2.375,-17.3225047146812));
#14198=CARTESIAN_POINT('',(-0.788635269017242,2.375,-17.3225047146812));
#14199=CARTESIAN_POINT('',(-0.788635269017242,0.0249999999999994,-17.3225047146812));
#14200=CARTESIAN_POINT('',(-0.788635269017242,0.0249999999999994,-13.3225047146812));
#14201=CARTESIAN_POINT('',(-0.788635269017242,0.0249999999999994,-13.6225047146812));
#14202=CARTESIAN_POINT('',(-0.788635269017242,1.025,-13.6225047146812));
#14203=CARTESIAN_POINT('',(-0.788635269017242,1.025,-13.6225047146812));
#14204=CARTESIAN_POINT('',(-0.788635269017242,1.025,-13.6225047146812));
#14205=CARTESIAN_POINT('',(-0.788635269017242,1.025,-16.0225047146812));
#14206=CARTESIAN_POINT('',(-0.788635269017242,2.375,-16.0225047146812));
#14207=CARTESIAN_POINT('',(-0.788635269017242,2.375,-16.0225047146812));
#14208=CARTESIAN_POINT('',(-0.788635269017242,2.375,-16.0225047146812));
#14209=CARTESIAN_POINT('',(-0.788635269017242,-0.475000000000003,-16.0225047146812));
#14210=CARTESIAN_POINT('',(-1.48863526901725,4.175,-1.02250471468116));
#14211=CARTESIAN_POINT('',(-1.48863526901725,4.175,-0.772504714681163));
#14212=CARTESIAN_POINT('',(-1.48863526901725,4.175,-1.02250471468116));
#14213=CARTESIAN_POINT('',(-0.688635269017242,4.175,-0.772504714681163));
#14214=CARTESIAN_POINT('',(-0.688635269017242,4.175,-1.02250471468116));
#14215=CARTESIAN_POINT('',(-2.68863526901724,4.175,-1.02250471468116));
#14216=CARTESIAN_POINT('',(-1.48863526901725,5.375,-1.02250471468116));
#14217=CARTESIAN_POINT('',(-1.48863526901725,5.375,-1.02250471468116));
#14218=CARTESIAN_POINT('',(-0.688635269017242,5.375,-1.02250471468116));
#14219=CARTESIAN_POINT('',(-2.68863526901724,5.375,-1.02250471468116));
#14220=CARTESIAN_POINT('',(-0.688635269017242,4.175,-0.272504714681163));
#14221=CARTESIAN_POINT('',(-1.48863526901725,4.175,-0.272504714681163));
#14222=CARTESIAN_POINT('',(-1.48863526901725,5.375,-0.272504714681163));
#14223=CARTESIAN_POINT('',(-1.48863526901725,5.375,-0.272504714681163));
#14224=CARTESIAN_POINT('',(-0.688635269017242,5.375,-0.272504714681163));
#14225=CARTESIAN_POINT('',(-0.688635269017242,5.375,-0.272504714681163));
#14226=CARTESIAN_POINT('',(-1.48863526901725,5.375,-0.772504714681163));
#14227=CARTESIAN_POINT('',(-0.688635269017242,5.375,-0.772504714681163));
#14228=CARTESIAN_POINT('',(-0.688635269017242,4.175,-0.522504714681163));
#14229=CARTESIAN_POINT('',(-1.48863526901725,4.175,-0.522504714681163));
#14230=CARTESIAN_POINT('',(-1.48863526901725,4.175,-0.272504714681163));
#14231=CARTESIAN_POINT('',(-0.688635269017242,4.175,-0.272504714681163));
#14232=CARTESIAN_POINT('',(-1.48863526901725,1.075,-1.02250471468116));
#14233=CARTESIAN_POINT('',(-1.48863526901725,-0.125000000000001,-1.02250471468116));
#14234=CARTESIAN_POINT('',(-1.48863526901725,1.075,-1.02250471468116));
#14235=CARTESIAN_POINT('',(-0.688635269017242,-0.125000000000001,-1.02250471468116));
#14236=CARTESIAN_POINT('',(-0.688635269017242,1.075,-1.02250471468116));
#14237=CARTESIAN_POINT('',(-2.68863526901724,1.075,-1.02250471468116));
#14238=CARTESIAN_POINT('',(-1.48863526901725,1.075,-0.772504714681163));
#14239=CARTESIAN_POINT('',(-1.48863526901725,1.075,-0.772504714681163));
#14240=CARTESIAN_POINT('',(-0.688635269017242,1.075,-0.772504714681163));
#14241=CARTESIAN_POINT('',(-2.68863526901724,1.075,-0.772504714681163));
#14242=CARTESIAN_POINT('',(-1.48863526901725,2.225,-1.02250471468116));
#14243=CARTESIAN_POINT('',(-1.48863526901725,2.225,-0.772504714681163));
#14244=CARTESIAN_POINT('',(-1.48863526901725,2.225,-1.02250471468116));
#14245=CARTESIAN_POINT('',(-0.688635269017242,2.225,-0.772504714681163));
#14246=CARTESIAN_POINT('',(-0.688635269017242,2.225,-1.02250471468116));
#14247=CARTESIAN_POINT('',(-2.68863526901724,2.225,-1.02250471468116));
#14248=CARTESIAN_POINT('',(-1.48863526901725,3.025,-1.02250471468116));
#14249=CARTESIAN_POINT('',(-1.48863526901725,3.025,-1.02250471468116));
#14250=CARTESIAN_POINT('',(-0.688635269017242,3.025,-1.02250471468116));
#14251=CARTESIAN_POINT('',(-2.68863526901724,3.025,-1.02250471468116));
#14252=CARTESIAN_POINT('',(-1.48863526901725,3.025,-0.522504714681163));
#14253=CARTESIAN_POINT('',(-1.48863526901725,3.025,-0.772504714681163));
#14254=CARTESIAN_POINT('',(-0.688635269017242,3.025,-0.772504714681163));
#14255=CARTESIAN_POINT('',(-2.68863526901724,3.025,-0.522504714681163));
#14256=CARTESIAN_POINT('',(-1.48863526901725,-0.125000000000001,-0.772504714681163));
#14257=CARTESIAN_POINT('',(-0.688635269017242,-0.125000000000001,-0.772504714681163));
#14258=CARTESIAN_POINT('',(-1.48863526901725,2.175,-0.772504714681163));
#14259=CARTESIAN_POINT('',(-1.48863526901725,2.175,-0.272504714681163));
#14260=CARTESIAN_POINT('',(-1.48863526901725,2.175,-0.522504714681163));
#14261=CARTESIAN_POINT('',(-0.688635269017242,2.175,-0.272504714681163));
#14262=CARTESIAN_POINT('',(-0.688635269017242,2.175,-0.522504714681163));
#14263=CARTESIAN_POINT('',(-2.68863526901724,2.175,-0.772504714681163));
#14264=CARTESIAN_POINT('',(-1.48863526901725,3.075,-0.272504714681163));
#14265=CARTESIAN_POINT('',(-1.48863526901725,3.075,-0.522504714681163));
#14266=CARTESIAN_POINT('',(-1.48863526901725,3.075,-0.272504714681163));
#14267=CARTESIAN_POINT('',(-0.688635269017242,3.075,-0.522504714681163));
#14268=CARTESIAN_POINT('',(-0.688635269017242,3.075,-0.272504714681163));
#14269=CARTESIAN_POINT('',(-2.68863526901724,3.075,-0.272504714681163));
#14270=CARTESIAN_POINT('',(-1.48863526901725,2.175,-0.272504714681163));
#14271=CARTESIAN_POINT('',(-2.68863526901724,2.175,-0.272504714681163));
#14272=CARTESIAN_POINT('',(-0.688635269017242,1.075,0.252495285318836));
#14273=CARTESIAN_POINT('',(-1.48863526901725,1.075,0.252495285318836));
#14274=CARTESIAN_POINT('',(-1.48863526901725,1.075,-0.522504714681163));
#14275=CARTESIAN_POINT('',(-1.48863526901725,1.075,-0.522504714681163));
#14276=CARTESIAN_POINT('',(-0.688635269017242,1.075,-0.522504714681163));
#14277=CARTESIAN_POINT('',(-0.688635269017242,1.075,-0.522504714681163));
#14278=CARTESIAN_POINT('',(-1.48863526901725,4.175,-0.522504714681163));
#14279=CARTESIAN_POINT('',(-0.688635269017242,4.175,-0.522504714681163));
#14280=CARTESIAN_POINT('',(-1.48863526901725,0.675,0.252495285318836));
#14281=CARTESIAN_POINT('',(-1.48863526901725,-0.125000000000001,0.252495285318836));
#14282=CARTESIAN_POINT('',(-0.188635269017242,0.675,0.252495285318836));
#14283=CARTESIAN_POINT('',(-0.188635269017242,-0.125000000000001,0.252495285318836));
#14284=CARTESIAN_POINT('',(-2.68863526901724,-0.125000000000001,0.252495285318836));
#14285=CARTESIAN_POINT('',(0.211364730982758,0.675,0.252495285318836));
#14286=CARTESIAN_POINT('',(-1.48863526901725,-0.125000000000001,0.252495285318836));
#14287=CARTESIAN_POINT('',(-0.188635269017242,-0.125000000000001,0.252495285318836));
#14288=CARTESIAN_POINT('',(0.211364730982758,-0.125000000000001,0.252495285318836));
#14289=CARTESIAN_POINT('',(-1.48863526901725,4.175,-0.522504714681163));
#14290=CARTESIAN_POINT('',(-0.688635269017242,4.175,-0.522504714681163));
#14291=CARTESIAN_POINT('',(-1.48863526901725,-0.125000000000001,-0.772504714681163));
#14292=CARTESIAN_POINT('',(-0.688635269017242,-0.125000000000001,-0.772504714681163));
#14293=CARTESIAN_POINT('',(-0.688635269017242,-0.125000000000002,-3.04750471468116));
#14294=CARTESIAN_POINT('',(-0.688635269017242,-0.125000000000002,-3.04750471468116));
#14295=CARTESIAN_POINT('',(-0.688635269017242,-0.125000000000002,-3.04750471468116));
#14296=CARTESIAN_POINT('',(-0.688635269017242,2.125,-3.04750471468116));
#14297=CARTESIAN_POINT('',(-0.688635269017242,2.125,-3.27250471468116));
#14298=CARTESIAN_POINT('',(-0.688635269017242,2.125,-3.27250471468116));
#14299=CARTESIAN_POINT('',(-0.688635269017242,3.125,-3.27250471468116));
#14300=CARTESIAN_POINT('',(-0.688635269017242,3.125,-3.27250471468116));
#14301=CARTESIAN_POINT('',(-0.688635269017242,3.125,-3.27250471468116));
#14302=CARTESIAN_POINT('',(-0.688635269017242,3.125,-3.04750471468116));
#14303=CARTESIAN_POINT('',(-0.688635269017242,-0.125000000000002,-3.04750471468116));
#14304=CARTESIAN_POINT('',(-0.688635269017242,3.725,-3.04750471468116));
#14305=CARTESIAN_POINT('',(-0.688635269017242,3.725,-3.04750471468116));
#14306=CARTESIAN_POINT('',(-0.688635269017242,3.725,-3.27250471468116));
#14307=CARTESIAN_POINT('',(-0.688635269017242,4.725,-3.27250471468116));
#14308=CARTESIAN_POINT('',(-0.688635269017242,4.725,-3.27250471468116));
#14309=CARTESIAN_POINT('',(-0.688635269017242,4.725,-3.04750471468116));
#14310=CARTESIAN_POINT('',(-0.688635269017242,4.725,-3.04750471468116));
#14311=CARTESIAN_POINT('',(-0.688635269017242,-0.125000000000002,-3.04750471468116));
#14312=CARTESIAN_POINT('',(-0.688635269017242,5.375,-3.04750471468116));
#14313=CARTESIAN_POINT('',(-0.688635269017242,5.375,-3.04750471468116));
#14314=CARTESIAN_POINT('',(-0.688635269017242,5.375,-3.84750471468116));
#14315=CARTESIAN_POINT('',(-0.688635269017242,-0.125000000000001,-3.84750471468116));
#14316=CARTESIAN_POINT('',(-0.688635269017242,4.725,-3.84750471468116));
#14317=CARTESIAN_POINT('',(-0.688635269017242,4.725,-3.84750471468116));
#14318=CARTESIAN_POINT('',(-0.688635269017242,4.725,-3.62250471468116));
#14319=CARTESIAN_POINT('',(-0.688635269017242,4.725,-3.62250471468116));
#14320=CARTESIAN_POINT('',(-0.688635269017242,3.725,-3.62250471468116));
#14321=CARTESIAN_POINT('',(-0.688635269017242,3.725,-3.84750471468116));
#14322=CARTESIAN_POINT('',(-0.688635269017242,3.725,-3.84750471468116));
#14323=CARTESIAN_POINT('',(-0.688635269017242,-0.125000000000001,-3.84750471468116));
#14324=CARTESIAN_POINT('',(-0.688635269017242,3.125,-3.84750471468116));
#14325=CARTESIAN_POINT('',(-0.688635269017242,3.125,-3.62250471468116));
#14326=CARTESIAN_POINT('',(-0.688635269017242,3.125,-3.62250471468116));
#14327=CARTESIAN_POINT('',(-0.688635269017242,3.125,-3.62250471468116));
#14328=CARTESIAN_POINT('',(-0.688635269017242,2.125,-3.62250471468116));
#14329=CARTESIAN_POINT('',(-0.688635269017242,2.125,-3.62250471468116));
#14330=CARTESIAN_POINT('',(-0.688635269017242,2.125,-3.84750471468116));
#14331=CARTESIAN_POINT('',(-0.688635269017242,-0.125000000000001,-3.84750471468116));
#14332=CARTESIAN_POINT('',(-0.688635269017242,1.975,-3.84750471468116));
#14333=CARTESIAN_POINT('',(-0.688635269017242,1.975,-4.14750471468116));
#14334=CARTESIAN_POINT('',(-0.688635269017242,1.675,-4.14750471468116));
#14335=CARTESIAN_POINT('',(-0.688635269017242,1.675,-3.04750471468116));
#14336=CARTESIAN_POINT('',(-0.688635269017242,1.675,-6.97250471468116));
#14337=CARTESIAN_POINT('',(-0.688635269017242,-0.125000000000002,-6.97250471468116));
#14338=CARTESIAN_POINT('',(-0.688635269017242,-0.125000000000002,-3.04750471468116));
#14339=CARTESIAN_POINT('',(-1.48863526901725,5.375,-3.04750471468116));
#14340=CARTESIAN_POINT('',(-1.48863526901725,5.375,-3.84750471468116));
#14341=CARTESIAN_POINT('',(-1.48863526901725,5.375,-3.04750471468116));
#14342=CARTESIAN_POINT('',(-0.688635269017242,5.375,-3.84750471468116));
#14343=CARTESIAN_POINT('',(-0.688635269017242,5.375,-3.04750471468116));
#14344=CARTESIAN_POINT('',(-2.68863526901724,5.375,-3.04750471468116));
#14345=CARTESIAN_POINT('',(-2.68863526901724,3.725,-3.62250471468116));
#14346=CARTESIAN_POINT('',(-1.48863526901725,3.725,-3.62250471468116));
#14347=CARTESIAN_POINT('',(-1.48863526901725,3.725,-3.62250471468116));
#14348=CARTESIAN_POINT('',(-1.48863526901725,3.725,-3.84750471468116));
#14349=CARTESIAN_POINT('',(-2.68863526901724,3.725,-3.84750471468116));
#14350=CARTESIAN_POINT('',(-0.688635269017242,3.725,-3.62250471468116));
#14351=CARTESIAN_POINT('',(-2.68863526901724,4.725,-3.62250471468116));
#14352=CARTESIAN_POINT('',(-1.48863526901725,4.725,-3.62250471468116));
#14353=CARTESIAN_POINT('',(-1.48863526901725,4.725,-3.62250471468116));
#14354=CARTESIAN_POINT('',(-0.688635269017242,4.725,-3.62250471468116));
#14355=CARTESIAN_POINT('',(-2.68863526901724,4.725,-3.84750471468116));
#14356=CARTESIAN_POINT('',(-1.48863526901725,4.725,-3.84750471468116));
#14357=CARTESIAN_POINT('',(-1.48863526901725,4.725,-3.84750471468116));
#14358=CARTESIAN_POINT('',(-0.688635269017242,4.725,-3.84750471468116));
#14359=CARTESIAN_POINT('',(-0.688635269017242,3.125,-3.62250471468116));
#14360=CARTESIAN_POINT('',(-1.48863526901725,3.125,-3.62250471468116));
#14361=CARTESIAN_POINT('',(-1.48863526901725,3.125,-3.62250471468116));
#14362=CARTESIAN_POINT('',(-1.48863526901725,2.125,-3.62250471468116));
#14363=CARTESIAN_POINT('',(-0.688635269017242,2.125,-3.62250471468116));
#14364=CARTESIAN_POINT('',(-0.688635269017242,3.125,-3.62250471468116));
#14365=CARTESIAN_POINT('',(-0.688635269017242,3.125,-3.84750471468116));
#14366=CARTESIAN_POINT('',(-1.48863526901725,3.125,-3.84750471468116));
#14367=CARTESIAN_POINT('',(-1.48863526901725,3.125,-3.84750471468116));
#14368=CARTESIAN_POINT('',(-2.68863526901724,3.125,-3.84750471468116));
#14369=CARTESIAN_POINT('',(-1.48863526901725,2.125,-3.84750471468116));
#14370=CARTESIAN_POINT('',(-1.48863526901725,2.125,-3.84750471468116));
#14371=CARTESIAN_POINT('',(-0.688635269017242,2.125,-3.84750471468116));
#14372=CARTESIAN_POINT('',(-0.688635269017242,2.125,-3.84750471468116));
#14373=CARTESIAN_POINT('',(-1.48863526901725,5.375,-3.84750471468116));
#14374=CARTESIAN_POINT('',(-2.68863526901724,5.375,-3.84750471468116));
#14375=CARTESIAN_POINT('',(-2.68863526901724,1.975,-3.84750471468116));
#14376=CARTESIAN_POINT('',(-1.48863526901725,1.975,-3.84750471468116));
#14377=CARTESIAN_POINT('',(-1.48863526901725,1.975,-4.14750471468116));
#14378=CARTESIAN_POINT('',(-1.48863526901725,1.675,-4.14750471468116));
#14379=CARTESIAN_POINT('',(-2.68863526901724,1.675,-4.14750471468116));
#14380=CARTESIAN_POINT('',(-2.68863526901724,1.975,-4.14750471468116));
#14381=CARTESIAN_POINT('',(-1.48863526901725,1.675,-3.04750471468116));
#14382=CARTESIAN_POINT('',(-1.48863526901725,1.675,-6.97250471468116));
#14383=CARTESIAN_POINT('',(-0.688635269017242,1.675,-6.97250471468116));
#14384=CARTESIAN_POINT('',(-2.68863526901724,1.675,-3.04750471468116));
#14385=CARTESIAN_POINT('',(-1.48863526901725,-0.125000000000002,-6.97250471468116));
#14386=CARTESIAN_POINT('',(-1.48863526901725,-0.125000000000002,-3.04750471468116));
#14387=CARTESIAN_POINT('',(-1.48863526901725,-0.125000000000002,-6.97250471468116));
#14388=CARTESIAN_POINT('',(-0.688635269017242,-0.125000000000002,-3.04750471468116));
#14389=CARTESIAN_POINT('',(-0.188635269017242,-0.125000000000002,-6.97250471468116));
#14390=CARTESIAN_POINT('',(-0.188635269017242,-0.125000000000002,-6.97250471468116));
#14391=CARTESIAN_POINT('',(0.211364730982758,-0.125000000000002,-6.97250471468116));
#14392=CARTESIAN_POINT('',(-2.68863526901724,-0.125000000000002,-6.97250471468116));
#14393=CARTESIAN_POINT('',(-1.48863526901725,0.674999999999998,-6.97250471468116));
#14394=CARTESIAN_POINT('',(-0.188635269017242,0.674999999999998,-6.97250471468116));
#14395=CARTESIAN_POINT('',(-2.68863526901724,0.674999999999998,-6.97250471468116));
#14396=CARTESIAN_POINT('',(-1.48863526901725,5.375,-3.84750471468116));
#14397=CARTESIAN_POINT('',(-2.68863526901724,5.375,-3.84750471468116));
#14398=CARTESIAN_POINT('',(-1.48863526901725,5.375,-3.84750471468116));
#14399=CARTESIAN_POINT('',(-2.68863526901724,5.375,-3.84750471468116));
#14400=CARTESIAN_POINT('',(-0.688635269017242,2.125,-3.27250471468116));
#14401=CARTESIAN_POINT('',(-1.48863526901725,2.125,-3.27250471468116));
#14402=CARTESIAN_POINT('',(-1.48863526901725,3.125,-3.27250471468116));
#14403=CARTESIAN_POINT('',(-1.48863526901725,3.125,-3.27250471468116));
#14404=CARTESIAN_POINT('',(-0.688635269017242,3.125,-3.27250471468116));
#14405=CARTESIAN_POINT('',(-0.688635269017242,3.125,-3.27250471468116));
#14406=CARTESIAN_POINT('',(-1.48863526901725,3.125,-3.04750471468116));
#14407=CARTESIAN_POINT('',(-1.48863526901725,3.125,-3.04750471468116));
#14408=CARTESIAN_POINT('',(-0.688635269017242,3.125,-3.04750471468116));
#14409=CARTESIAN_POINT('',(-2.68863526901724,3.125,-3.04750471468116));
#14410=CARTESIAN_POINT('',(-0.688635269017242,2.125,-3.04750471468116));
#14411=CARTESIAN_POINT('',(-1.48863526901725,2.125,-3.04750471468116));
#14412=CARTESIAN_POINT('',(-1.48863526901725,2.125,-3.04750471468116));
#14413=CARTESIAN_POINT('',(-0.688635269017242,2.125,-3.04750471468116));
#14414=CARTESIAN_POINT('',(-2.68863526901724,3.725,-3.04750471468116));
#14415=CARTESIAN_POINT('',(-1.48863526901725,3.725,-3.04750471468116));
#14416=CARTESIAN_POINT('',(-1.48863526901725,3.725,-3.27250471468116));
#14417=CARTESIAN_POINT('',(-1.48863526901725,3.725,-3.27250471468116));
#14418=CARTESIAN_POINT('',(-2.68863526901724,3.725,-3.27250471468116));
#14419=CARTESIAN_POINT('',(-0.688635269017242,3.725,-3.27250471468116));
#14420=CARTESIAN_POINT('',(-1.48863526901725,4.725,-3.27250471468116));
#14421=CARTESIAN_POINT('',(-1.48863526901725,4.725,-3.27250471468116));
#14422=CARTESIAN_POINT('',(-2.68863526901724,4.725,-3.27250471468116));
#14423=CARTESIAN_POINT('',(-0.688635269017242,4.725,-3.27250471468116));
#14424=CARTESIAN_POINT('',(-1.48863526901725,4.725,-3.04750471468116));
#14425=CARTESIAN_POINT('',(-1.48863526901725,4.725,-3.04750471468116));
#14426=CARTESIAN_POINT('',(-2.68863526901724,4.725,-3.04750471468116));
#14427=CARTESIAN_POINT('',(-0.688635269017242,4.725,-3.04750471468116));
#14428=CARTESIAN_POINT('',(-1.48863526901725,-0.125000000000002,-3.04750471468116));
#14429=CARTESIAN_POINT('',(-2.68863526901724,-0.125000000000002,-3.04750471468116));
#14430=CARTESIAN_POINT('',(-1.48863526901725,-0.125000000000002,-3.04750471468116));
#14431=CARTESIAN_POINT('',(-2.68863526901724,-0.125000000000002,-3.04750471468116));
#14432=CARTESIAN_POINT('',(-1.48863526901725,-0.125000000000002,-3.04750471468116));
#14433=CARTESIAN_POINT('',(-2.68863526901724,-0.125000000000002,-3.04750471468116));
#14434=CARTESIAN_POINT('',(-0.188635269017242,4.975,-18.3725047146812));
#14435=CARTESIAN_POINT('',(-0.188635269017242,4.975,-18.8725047146812));
#14436=CARTESIAN_POINT('',(-0.188635269017242,0.275,-18.3725047146812));
#14437=CARTESIAN_POINT('',(-0.188635269017242,0.275,-18.8725047146812));
#14438=CARTESIAN_POINT('',(-0.188635269017242,-0.475000000000005,-19.0225047146812));
#14439=CARTESIAN_POINT('',(-0.188635269017242,-0.475000000000005,-18.7225047146812));
#14440=CARTESIAN_POINT('',(-0.188635269017242,-0.474999999999996,0.277495285318842));
#14441=CARTESIAN_POINT('',(-0.188635269017242,-0.175000000000001,-18.7225047146812));
#14442=CARTESIAN_POINT('',(-0.188635269017242,-0.175000000000001,-19.0225047146812));
#14443=CARTESIAN_POINT('',(-0.188635269017242,5.725,-19.0225047146812));
#14444=CARTESIAN_POINT('',(-0.188635269017242,5.425,-19.0225047146812));
#14445=CARTESIAN_POINT('',(-0.188635269017242,5.425,-18.7225047146812));
#14446=CARTESIAN_POINT('',(-0.188635269017242,5.725,-18.7225047146812));
#14447=CARTESIAN_POINT('',(-0.188635269017242,5.725,0.577495285318841));
#14448=CARTESIAN_POINT('',(-0.188635269017242,5.725,0.277495285318841));
#14449=CARTESIAN_POINT('',(-0.188635269017242,5.425,0.277495285318841));
#14450=CARTESIAN_POINT('',(-0.188635269017242,5.425,0.577495285318841));
#14451=CARTESIAN_POINT('',(-0.188635269017242,-0.474999999999996,0.577495285318841));
#14452=CARTESIAN_POINT('',(-0.188635269017242,-0.175000000000001,0.577495285318841));
#14453=CARTESIAN_POINT('',(-0.188635269017242,-0.175000000000001,0.277495285318841));
#14454=CARTESIAN_POINT('',(-0.188635269017242,5.725,0.577495285318841));
#14455=CARTESIAN_POINT('',(-0.688635269017242,1.925,0.577495285318841));
#14456=CARTESIAN_POINT('',(-0.688635269017242,1.725,0.577495285318841));
#14457=CARTESIAN_POINT('',(-0.688635269017242,5.125,0.577495285318841));
#14458=CARTESIAN_POINT('',(-0.688635269017242,5.125,0.37749528531884));
#14459=CARTESIAN_POINT('',(-0.688635269017242,4.925,0.37749528531884));
#14460=CARTESIAN_POINT('',(-0.688635269017242,4.925,0.577495285318841));
#14461=CARTESIAN_POINT('',(-0.688635269017242,4.925,0.277495285318841));
#14462=CARTESIAN_POINT('',(-0.688635269017242,1.925,0.277495285318841));
#14463=CARTESIAN_POINT('',(-0.688635269017242,1.925,0.277495285318841));
#14464=CARTESIAN_POINT('',(-0.688635269017242,1.925,0.577495285318841));
#14465=CARTESIAN_POINT('',(-0.688635269017242,1.925,0.37749528531884));
#14466=CARTESIAN_POINT('',(-0.688635269017242,1.725,0.37749528531884));
#14467=CARTESIAN_POINT('',(-0.688635269017242,1.925,0.577495285318841));
#14468=CARTESIAN_POINT('',(-0.708635269017242,5.425,-13.3225047146812));
#14469=CARTESIAN_POINT('',(-0.588635269017242,5.725,-13.3225047146812));
#14470=CARTESIAN_POINT('',(-0.708635269017242,5.425,-13.6225047146812));
#14471=CARTESIAN_POINT('',(-0.588635269017242,5.725,-13.3225047146812));
#14472=CARTESIAN_POINT('',(-0.588635269017242,5.725,-17.6225047146812));
#14473=CARTESIAN_POINT('',(-0.708635269017242,5.425,-17.6225047146812));
#14474=CARTESIAN_POINT('',(-0.708635269017242,5.425,-17.3225047146812));
#14475=CARTESIAN_POINT('',(-0.616221475913794,5.65603448275862,-17.3225047146812));
#14476=CARTESIAN_POINT('',(-0.781738717293104,5.24224137931034,-13.6225047146812));
#14477=CARTESIAN_POINT('',(-0.788635269017242,5.225,-16.0225047146812));
#14478=CARTESIAN_POINT('',(-0.781738717293103,0.00775862068965208,-13.6225047146812));
#14479=CARTESIAN_POINT('',(-0.708635269017242,-0.175000000000001,-13.6225047146812));
#14480=CARTESIAN_POINT('',(-0.616221475913793,-0.406034482758623,-17.3225047146812));
#14481=CARTESIAN_POINT('',(-0.708635269017242,-0.175000000000001,-17.3225047146812));
#14482=CARTESIAN_POINT('',(-0.708635269017242,-0.175000000000001,-17.6225047146812));
#14483=CARTESIAN_POINT('',(-0.588635269017242,-0.475000000000001,-17.6225047146812));
#14484=CARTESIAN_POINT('',(-0.588635269017242,-0.475000000000001,-17.6225047146812));
#14485=CARTESIAN_POINT('',(-0.588635269017242,-0.475000000000001,-13.3225047146812));
#14486=CARTESIAN_POINT('',(-0.708635269017242,-0.175000000000001,-13.3225047146812));
#14487=CARTESIAN_POINT('',(-0.588635269017242,-0.475000000000001,-9.22250471468116));
#14488=CARTESIAN_POINT('',(-0.788635269017242,5.725,-17.6225047146812));
#14489=CARTESIAN_POINT('',(-1.48863526901725,5.725,-17.6225047146812));
#14490=CARTESIAN_POINT('',(-1.48863526901725,5.425,-17.6225047146812));
#14491=CARTESIAN_POINT('',(-1.48863526901725,5.425,-17.3225047146812));
#14492=CARTESIAN_POINT('',(-1.58863526901724,5.425,-17.3225047146812));
#14493=CARTESIAN_POINT('',(-0.788635269017242,5.425,-17.6225047146812));
#14494=CARTESIAN_POINT('',(-0.788635269017242,5.425,-13.6225047146812));
#14495=CARTESIAN_POINT('',(-1.48863526901725,5.425,-13.6225047146812));
#14496=CARTESIAN_POINT('',(-1.48863526901725,5.425,-13.3225047146812));
#14497=CARTESIAN_POINT('',(-1.48863526901725,5.725,-13.3225047146812));
#14498=CARTESIAN_POINT('',(-1.98863526901724,5.725,-13.3225047146812));
#14499=CARTESIAN_POINT('',(0.211364730982758,5.425,-13.3225047146812));
#14500=CARTESIAN_POINT('',(-1.48863526901725,5.725,-13.6225047146812));
#14501=CARTESIAN_POINT('',(-1.48863526901725,4.225,-13.6225047146812));
#14502=CARTESIAN_POINT('',(-0.788635269017242,4.225,-13.6225047146812));
#14503=CARTESIAN_POINT('',(-1.98863526901724,5.725,-13.6225047146812));
#14504=CARTESIAN_POINT('',(-1.48863526901725,4.225,-13.6225047146812));
#14505=CARTESIAN_POINT('',(-1.48863526901725,4.225,-16.0225047146812));
#14506=CARTESIAN_POINT('',(-1.58863526901724,4.225,-16.0225047146812));
#14507=CARTESIAN_POINT('',(-0.788635269017242,4.225,-13.6225047146812));
#14508=CARTESIAN_POINT('',(-1.48863526901725,5.725,-16.0225047146812));
#14509=CARTESIAN_POINT('',(-1.48863526901725,2.875,-16.0225047146812));
#14510=CARTESIAN_POINT('',(-0.788635269017242,2.875,-16.0225047146812));
#14511=CARTESIAN_POINT('',(-1.58863526901724,5.725,-16.0225047146812));
#14512=CARTESIAN_POINT('',(-1.48863526901725,2.875,-16.0225047146812));
#14513=CARTESIAN_POINT('',(-1.48863526901725,2.875,-17.3225047146812));
#14514=CARTESIAN_POINT('',(-0.788635269017242,2.875,-17.3225047146812));
#14515=CARTESIAN_POINT('',(-0.788635269017242,2.875,-16.0225047146812));
#14516=CARTESIAN_POINT('',(-1.48863526901725,5.725,-17.3225047146812));
#14517=CARTESIAN_POINT('',(-0.788635269017242,5.725,-17.3225047146812));
#14518=CARTESIAN_POINT('',(0.211364730982758,5.425,-19.0225047146812));
#14519=CARTESIAN_POINT('',(-1.48863526901725,5.425,-19.0225047146812));
#14520=CARTESIAN_POINT('',(-1.48863526901725,5.425,-18.7225047146812));
#14521=CARTESIAN_POINT('',(-1.48863526901725,5.725,-18.7225047146812));
#14522=CARTESIAN_POINT('',(0.211364730982758,5.725,-18.7225047146812));
#14523=CARTESIAN_POINT('',(0.211364730982758,5.425,-18.7225047146812));
#14524=CARTESIAN_POINT('',(0.211364730982758,-0.475000000000001,-18.7225047146812));
#14525=CARTESIAN_POINT('',(-1.48863526901725,-0.475000000000001,-18.7225047146812));
#14526=CARTESIAN_POINT('',(-1.48863526901725,-0.175000000000001,-18.7225047146812));
#14527=CARTESIAN_POINT('',(-1.48863526901725,-0.175000000000001,-19.0225047146812));
#14528=CARTESIAN_POINT('',(0.211364730982758,-0.175000000000001,-19.0225047146812));
#14529=CARTESIAN_POINT('',(0.211364730982758,-0.175000000000001,-18.7225047146812));
#14530=CARTESIAN_POINT('',(-0.788635269017242,-0.475000000000001,-13.3225047146812));
#14531=CARTESIAN_POINT('',(-1.48863526901725,-0.475000000000001,-13.3225047146812));
#14532=CARTESIAN_POINT('',(-1.48863526901725,-0.175000000000001,-13.3225047146812));
#14533=CARTESIAN_POINT('',(-1.48863526901725,-0.175000000000001,-13.6225047146812));
#14534=CARTESIAN_POINT('',(-1.98863526901724,-0.175000000000001,-13.6225047146812));
#14535=CARTESIAN_POINT('',(-1.98863526901724,-0.175000000000001,-13.3225047146812));
#14536=CARTESIAN_POINT('',(-1.48863526901725,-0.475000000000003,-13.6225047146812));
#14537=CARTESIAN_POINT('',(-1.48863526901725,1.025,-13.6225047146812));
#14538=CARTESIAN_POINT('',(-0.788635269017242,1.025,-13.6225047146812));
#14539=CARTESIAN_POINT('',(-1.98863526901724,-0.475000000000003,-13.6225047146812));
#14540=CARTESIAN_POINT('',(-1.48863526901725,1.025,-13.6225047146812));
#14541=CARTESIAN_POINT('',(-1.48863526901725,1.025,-16.0225047146812));
#14542=CARTESIAN_POINT('',(-1.58863526901724,1.025,-16.0225047146812));
#14543=CARTESIAN_POINT('',(-0.788635269017242,1.025,-13.6225047146812));
#14544=CARTESIAN_POINT('',(-1.48863526901725,-0.475000000000003,-16.0225047146812));
#14545=CARTESIAN_POINT('',(-1.48863526901725,2.375,-16.0225047146812));
#14546=CARTESIAN_POINT('',(-0.788635269017242,2.375,-16.0225047146812));
#14547=CARTESIAN_POINT('',(-1.58863526901724,-0.475000000000003,-16.0225047146812));
#14548=CARTESIAN_POINT('',(-1.48863526901725,2.375,-16.0225047146812));
#14549=CARTESIAN_POINT('',(-1.48863526901725,2.375,-17.3225047146812));
#14550=CARTESIAN_POINT('',(-0.788635269017242,2.375,-17.3225047146812));
#14551=CARTESIAN_POINT('',(-0.788635269017242,2.375,-16.0225047146812));
#14552=CARTESIAN_POINT('',(-0.788635269017242,-0.175000000000001,-17.3225047146812));
#14553=CARTESIAN_POINT('',(-1.48863526901725,-0.175000000000001,-17.3225047146812));
#14554=CARTESIAN_POINT('',(-1.48863526901725,-0.175000000000001,-17.6225047146812));
#14555=CARTESIAN_POINT('',(-1.48863526901725,-0.475000000000001,-17.6225047146812));
#14556=CARTESIAN_POINT('',(-1.58863526901724,-0.475000000000001,-17.6225047146812));
#14557=CARTESIAN_POINT('',(0.211364730982758,-0.175000000000001,-17.6225047146812));
#14558=CARTESIAN_POINT('',(-1.48863526901725,-0.475000000000003,-17.3225047146812));
#14559=CARTESIAN_POINT('',(-0.788635269017242,-0.475000000000003,-17.3225047146812));
#14560=CARTESIAN_POINT('',(0.211364730982758,-0.175000000000001,0.577495285318841));
#14561=CARTESIAN_POINT('',(-1.48863526901725,-0.175000000000001,0.577495285318841));
#14562=CARTESIAN_POINT('',(-1.48863526901725,-0.175000000000001,0.277495285318841));
#14563=CARTESIAN_POINT('',(-1.48863526901725,-0.475000000000001,0.277495285318842));
#14564=CARTESIAN_POINT('',(0.211364730982758,-0.475000000000001,0.277495285318841));
#14565=CARTESIAN_POINT('',(0.211364730982758,-0.175000000000001,0.277495285318841));
#14566=CARTESIAN_POINT('',(-0.688635269017242,5.125,0.577495285318841));
#14567=CARTESIAN_POINT('',(-1.48863526901725,5.125,0.577495285318841));
#14568=CARTESIAN_POINT('',(-1.48863526901725,5.125,0.37749528531884));
#14569=CARTESIAN_POINT('',(-1.48863526901725,4.925,0.37749528531884));
#14570=CARTESIAN_POINT('',(-2.68863526901724,4.925,0.37749528531884));
#14571=CARTESIAN_POINT('',(0.211364730982758,5.125,0.37749528531884));
#14572=CARTESIAN_POINT('',(-0.688635269017242,1.925,0.37749528531884));
#14573=CARTESIAN_POINT('',(-1.48863526901725,1.925,0.37749528531884));
#14574=CARTESIAN_POINT('',(-1.48863526901725,1.725,0.37749528531884));
#14575=CARTESIAN_POINT('',(-1.48863526901725,1.725,0.577495285318841));
#14576=CARTESIAN_POINT('',(-2.68863526901724,1.725,0.577495285318841));
#14577=CARTESIAN_POINT('',(-2.68863526901724,1.725,0.37749528531884));
#14578=CARTESIAN_POINT('',(-1.48863526901725,1.925,0.277495285318841));
#14579=CARTESIAN_POINT('',(-1.48863526901725,1.925,0.277495285318841));
#14580=CARTESIAN_POINT('',(-0.688635269017242,1.925,0.277495285318841));
#14581=CARTESIAN_POINT('',(-2.68863526901724,1.925,0.277495285318841));
#14582=CARTESIAN_POINT('',(-1.48863526901725,4.925,0.277495285318841));
#14583=CARTESIAN_POINT('',(-1.48863526901725,4.925,0.277495285318841));
#14584=CARTESIAN_POINT('',(-0.688635269017242,4.925,0.277495285318841));
#14585=CARTESIAN_POINT('',(-2.68863526901724,4.925,0.277495285318841));
#14586=CARTESIAN_POINT('',(-1.48863526901725,4.925,0.577495285318841));
#14587=CARTESIAN_POINT('',(-2.68863526901724,4.925,0.577495285318841));
#14588=CARTESIAN_POINT('',(0.211364730982758,5.725,0.277495285318841));
#14589=CARTESIAN_POINT('',(-1.48863526901725,5.725,0.277495285318841));
#14590=CARTESIAN_POINT('',(-1.48863526901725,5.425,0.277495285318841));
#14591=CARTESIAN_POINT('',(-1.48863526901725,5.425,0.577495285318841));
#14592=CARTESIAN_POINT('',(0.211364730982758,5.425,0.577495285318841));
#14593=CARTESIAN_POINT('',(0.211364730982758,5.425,0.277495285318841));
#14594=CARTESIAN_POINT('',(-1.48863526901725,2.625,0.577495285318841));
#14595=CARTESIAN_POINT('',(-1.48863526901725,2.625,0.577495285318841));
#14596=CARTESIAN_POINT('',(0.211364730982758,2.625,0.577495285318841));
#14597=CARTESIAN_POINT('',(-1.48863526901725,-0.475000000000001,-9.22250471468116));
#14598=CARTESIAN_POINT('',(-1.48863526901725,-0.475000000000001,-9.22250471468116));
#14599=CARTESIAN_POINT('',(0.211364730982758,-0.475000000000001,-9.22250471468116));
#14600=CARTESIAN_POINT('',(-1.48863526901725,2.625,-19.0225047146812));
#14601=CARTESIAN_POINT('',(0.211364730982758,2.625,-19.0225047146812));
#14602=CARTESIAN_POINT('',(-1.48863526901725,5.725,-9.22250471468116));
#14603=CARTESIAN_POINT('',(-1.48863526901725,5.725,-9.22250471468116));
#14604=CARTESIAN_POINT('',(0.211364730982758,5.725,-9.22250471468116));
#14605=CARTESIAN_POINT('',(-0.488635269017242,0.275,-18.3725047146812));
#14606=CARTESIAN_POINT('',(-0.488635269017242,0.275,-18.5725047146812));
#14607=CARTESIAN_POINT('',(-0.488635269017242,0.275,-18.3725047146812));
#14608=CARTESIAN_POINT('',(-1.48863526901725,0.275,-18.3725047146812));
#14609=CARTESIAN_POINT('',(-1.48863526901725,0.275,-18.5725047146812));
#14610=CARTESIAN_POINT('',(0.211364730982758,0.275,-18.3725047146812));
#14611=CARTESIAN_POINT('',(-0.488635269017242,4.975,-18.3725047146812));
#14612=CARTESIAN_POINT('',(-0.488635269017242,4.975,-18.5725047146812));
#14613=CARTESIAN_POINT('',(-0.488635269017242,4.975,-18.3725047146812));
#14614=CARTESIAN_POINT('',(-1.48863526901725,4.975,-18.3725047146812));
#14615=CARTESIAN_POINT('',(-1.48863526901725,4.975,-18.5725047146812));
#14616=CARTESIAN_POINT('',(0.211364730982758,4.975,-18.3725047146812));
#14617=CARTESIAN_POINT('',(-1.48863526901725,5.125,-1.62250471468116));
#14618=CARTESIAN_POINT('',(-1.48863526901725,5.125,-2.42250471468116));
#14619=CARTESIAN_POINT('',(-1.48863526901725,5.125,-1.62250471468116));
#14620=CARTESIAN_POINT('',(-1.48863526901725,0.124999999999999,-1.62250471468116));
#14621=CARTESIAN_POINT('',(-1.48863526901725,2.925,-1.62250471468116));
#14622=CARTESIAN_POINT('',(-1.48863526901725,2.925,-2.62250471468116));
#14623=CARTESIAN_POINT('',(-1.48863526901725,2.925,-2.42250471468116));
#14624=CARTESIAN_POINT('',(-1.48863526901725,5.125,-2.42250471468116));
#14625=CARTESIAN_POINT('',(-1.48863526901725,0.124999999999999,-7.57250471468116));
#14626=CARTESIAN_POINT('',(-1.48863526901725,5.125,-7.57250471468116));
#14627=CARTESIAN_POINT('',(-1.48863526901725,2.925,-7.57250471468116));
#14628=CARTESIAN_POINT('',(-1.48863526901725,2.925,-8.57250471468116));
#14629=CARTESIAN_POINT('',(-1.48863526901725,2.925,-8.07250471468116));
#14630=CARTESIAN_POINT('',(-1.48863526901725,5.125,-8.07250471468116));
#14631=CARTESIAN_POINT('',(-1.48863526901725,5.125,-8.07250471468116));
#14632=CARTESIAN_POINT('',(-1.48863526901725,5.125,-7.57250471468116));
#14633=CARTESIAN_POINT('',(-1.48863526901725,0.0249999999999985,-12.8225047146812));
#14634=CARTESIAN_POINT('',(-1.48863526901725,0.0249999999999985,-11.7558380480145));
#14635=CARTESIAN_POINT('',(-1.48863526901725,0.0249999999999985,-12.8225047146812));
#14636=CARTESIAN_POINT('',(-1.48863526901725,1.725,-12.8225047146812));
#14637=CARTESIAN_POINT('',(-1.48863526901725,1.425,-12.8225047146812));
#14638=CARTESIAN_POINT('',(-1.48863526901725,1.425,-13.1225047146812));
#14639=CARTESIAN_POINT('',(-1.48863526901725,1.725,-13.1225047146812));
#14640=CARTESIAN_POINT('',(-1.48863526901725,1.725,-15.5725047146812));
#14641=CARTESIAN_POINT('',(-1.48863526901725,1.725,-15.5141245633907));
#14642=CARTESIAN_POINT('',(-1.48863526901725,0.374999999999999,-15.5141245633907));
#14643=CARTESIAN_POINT('',(-1.48863526901725,3.525,-15.5141245633907));
#14644=CARTESIAN_POINT('',(-1.48863526901725,3.525,-15.5725047146812));
#14645=CARTESIAN_POINT('',(-1.48863526901725,3.525,-13.1225047146812));
#14646=CARTESIAN_POINT('',(-1.48863526901725,3.825,-13.1225047146812));
#14647=CARTESIAN_POINT('',(-1.48863526901725,3.825,-12.8225047146812));
#14648=CARTESIAN_POINT('',(-1.48863526901725,3.525,-12.8225047146812));
#14649=CARTESIAN_POINT('',(-1.48863526901725,5.225,-12.8225047146812));
#14650=CARTESIAN_POINT('',(-1.48863526901725,5.225,-12.8225047146812));
#14651=CARTESIAN_POINT('',(-1.48863526901725,5.225,-11.7558380480145));
#14652=CARTESIAN_POINT('',(-1.48863526901725,5.225,-11.7558380480145));
#14653=CARTESIAN_POINT('',(-1.48863526901725,4.975,-11.7558380480145));
#14654=CARTESIAN_POINT('',(-1.48863526901725,4.975,-11.5557269677504));
#14655=CARTESIAN_POINT('',(-1.48863526901725,4.775,-11.5557269677504));
#14656=CARTESIAN_POINT('',(-1.48863526901725,4.775,-11.7225047146812));
#14657=CARTESIAN_POINT('',(-1.48863526901725,4.775,-9.62250471468116));
#14658=CARTESIAN_POINT('',(-1.48863526901725,4.875,-9.62250471468116));
#14659=CARTESIAN_POINT('',(-1.48863526901725,4.525,-9.62250471468116));
#14660=CARTESIAN_POINT('',(-1.48863526901725,4.525,-8.87250471468116));
#14661=CARTESIAN_POINT('',(-1.48863526901725,4.525,-9.11250471468116));
#14662=CARTESIAN_POINT('',(-1.48863526901725,5.125,-9.11250471468116));
#14663=CARTESIAN_POINT('',(-1.48863526901725,5.125,-9.11250471468116));
#14664=CARTESIAN_POINT('',(-1.48863526901725,5.125,-8.87250471468116));
#14665=CARTESIAN_POINT('',(-1.48863526901725,5.125,-8.87250471468116));
#14666=CARTESIAN_POINT('',(-1.48863526901725,0.124999999999999,-8.87250471468116));
#14667=CARTESIAN_POINT('',(-1.48863526901725,0.124999999999999,-8.87250471468116));
#14668=CARTESIAN_POINT('',(-1.48863526901725,0.124999999999999,-9.11250471468116));
#14669=CARTESIAN_POINT('',(-1.48863526901725,0.124999999999999,-9.11250471468116));
#14670=CARTESIAN_POINT('',(-1.48863526901725,5.125,-9.11250471468116));
#14671=CARTESIAN_POINT('',(-1.48863526901725,0.725,-9.11250471468116));
#14672=CARTESIAN_POINT('',(-1.48863526901725,0.725,-9.87250471468116));
#14673=CARTESIAN_POINT('',(-1.48863526901725,0.725,-9.62250471468116));
#14674=CARTESIAN_POINT('',(-1.48863526901725,4.875,-9.62250471468116));
#14675=CARTESIAN_POINT('',(-1.48863526901725,0.474999999999999,-9.62250471468116));
#14676=CARTESIAN_POINT('',(-1.48863526901725,0.474999999999999,-11.7225047146812));
#14677=CARTESIAN_POINT('',(-1.48863526901725,0.474999999999999,-11.5557269677504));
#14678=CARTESIAN_POINT('',(-1.48863526901725,0.275,-11.5557269677504));
#14679=CARTESIAN_POINT('',(-1.48863526901725,0.275,-11.7558380480145));
#14680=CARTESIAN_POINT('',(-1.48863526901725,0.374999999999999,-11.7558380480145));
#14681=CARTESIAN_POINT('',(-1.48863526901725,2.325,-4.47250471468116));
#14682=CARTESIAN_POINT('',(-1.48863526901725,5.125,-4.47250471468116));
#14683=CARTESIAN_POINT('',(-1.48863526901725,2.325,-4.47250471468116));
#14684=CARTESIAN_POINT('',(-1.48863526901725,2.325,-6.97250471468116));
#14685=CARTESIAN_POINT('',(-1.48863526901725,2.325,-6.97250471468116));
#14686=CARTESIAN_POINT('',(-1.48863526901725,5.125,-6.97250471468116));
#14687=CARTESIAN_POINT('',(-1.48863526901725,5.125,-6.97250471468116));
#14688=CARTESIAN_POINT('',(-1.48863526901725,5.125,-4.47250471468116));
#14689=CARTESIAN_POINT('',(-1.48863526901725,0.124999999999999,-8.07250471468116));
#14690=CARTESIAN_POINT('',(-1.48863526901725,0.124999999999999,-7.57250471468116));
#14691=CARTESIAN_POINT('',(-1.48863526901725,0.124999999999999,-8.07250471468116));
#14692=CARTESIAN_POINT('',(-1.48863526901725,5.125,-8.07250471468116));
#14693=CARTESIAN_POINT('',(-1.48863526901725,2.325,-8.07250471468116));
#14694=CARTESIAN_POINT('',(-1.48863526901725,2.325,-7.57250471468116));
#14695=CARTESIAN_POINT('',(-1.48863526901725,2.325,-7.57250471468116));
#14696=CARTESIAN_POINT('',(-1.48863526901725,0.124999999999999,-7.57250471468116));
#14697=CARTESIAN_POINT('',(-1.48863526901725,0.124999999999999,-2.42250471468116));
#14698=CARTESIAN_POINT('',(-1.48863526901725,0.124999999999999,-1.62250471468116));
#14699=CARTESIAN_POINT('',(-1.48863526901725,0.124999999999999,-2.42250471468116));
#14700=CARTESIAN_POINT('',(-1.48863526901725,5.125,-2.42250471468116));
#14701=CARTESIAN_POINT('',(-1.48863526901725,2.325,-2.42250471468116));
#14702=CARTESIAN_POINT('',(-1.48863526901725,2.325,-1.62250471468116));
#14703=CARTESIAN_POINT('',(-1.48863526901725,2.325,-1.62250471468116));
#14704=CARTESIAN_POINT('',(-1.48863526901725,0.124999999999999,-1.62250471468116));
#14705=CARTESIAN_POINT('',(-1.48863526901725,5.725,0.577495285318841));
#14706=CARTESIAN_POINT('',(-0.138635269017245,1.375,-9.77250471468116));
#14707=CARTESIAN_POINT('',(-0.138635269017245,1.375,-9.77250471468116));
#14708=CARTESIAN_POINT('',(-0.138635269017245,3.875,-9.77250471468116));
#14709=CARTESIAN_POINT('',(-0.138635269017245,3.875,-9.77250471468116));
#14710=CARTESIAN_POINT('',(-0.138635269017245,3.875,-11.2225047146812));
#14711=CARTESIAN_POINT('',(-0.138635269017245,1.375,-11.2225047146812));
#14712=CARTESIAN_POINT('',(-0.138635269017245,1.375,-11.2225047146812));
#14713=CARTESIAN_POINT('',(-0.138635269017245,1.375,-9.77250471468116));
#14714=CARTESIAN_POINT('',(-0.138635269017245,1.375,-9.77250471468116));
#14715=CARTESIAN_POINT('',(-0.138635269017245,1.375,-9.77250471468116));
#14716=CARTESIAN_POINT('',(-0.538635269017242,1.375,-9.77250471468116));
#14717=CARTESIAN_POINT('',(-0.138635269017245,1.375,-11.2225047146812));
#14718=CARTESIAN_POINT('',(-0.538635269017245,1.375,-11.2225047146812));
#14719=CARTESIAN_POINT('',(-0.538635269017245,1.375,-9.77250471468116));
#14720=CARTESIAN_POINT('',(-0.988635269017245,1.375,-11.2225047146812));
#14721=CARTESIAN_POINT('',(-0.538635269017242,4.875,-9.77250471468116));
#14722=CARTESIAN_POINT('',(-0.538635269017242,3.875,-9.77250471468116));
#14723=CARTESIAN_POINT('',(-0.138635269017245,3.875,-9.77250471468116));
#14724=CARTESIAN_POINT('',(-0.988635269017245,4.875,-9.77250471468116));
#14725=CARTESIAN_POINT('',(-0.138635269017245,3.875,-11.2225047146812));
#14726=CARTESIAN_POINT('',(-0.538635269017245,3.875,-11.2225047146812));
#14727=CARTESIAN_POINT('',(-0.538635269017245,3.875,-9.77250471468116));
#14728=CARTESIAN_POINT('',(-0.988635269017245,3.875,-9.77250471468116));
#14729=CARTESIAN_POINT('',(-0.538635269017245,0.374999999999999,-11.2225047146812));
#14730=CARTESIAN_POINT('',(-0.538635269017245,0.474999999999999,-11.2225047146812));
#14731=CARTESIAN_POINT('',(-0.538635269017245,0.374999999999999,-11.2225047146812));
#14732=CARTESIAN_POINT('',(-0.538635269017245,4.775,-11.2225047146812));
#14733=CARTESIAN_POINT('',(-0.988635269017245,4.775,-11.2225047146812));
#14734=CARTESIAN_POINT('',(-0.988635269017245,4.775,-11.2225047146812));
#14735=CARTESIAN_POINT('',(-0.988635269017245,0.374999999999999,-11.2225047146812));
#14736=CARTESIAN_POINT('',(-0.988635269017245,0.474999999999999,-11.2225047146812));
#14737=CARTESIAN_POINT('',(-0.988635269017245,0.474999999999999,-11.2225047146812));
#14738=CARTESIAN_POINT('',(-0.988635269017245,4.875,-11.2225047146812));
#14739=CARTESIAN_POINT('',(-1.08863526901724,0.124999999999999,-9.11250471468116));
#14740=CARTESIAN_POINT('',(-1.08863526901724,5.125,-9.11250471468116));
#14741=CARTESIAN_POINT('',(-1.08863526901724,4.525,-9.11250471468116));
#14742=CARTESIAN_POINT('',(-1.08863526901724,4.525,-8.87250471468116));
#14743=CARTESIAN_POINT('',(-1.08863526901724,4.525,-8.87250471468116));
#14744=CARTESIAN_POINT('',(-1.08863526901724,0.124999999999999,-8.87250471468116));
#14745=CARTESIAN_POINT('',(-1.08863526901724,5.125,-8.87250471468116));
#14746=CARTESIAN_POINT('',(-1.08863526901724,5.125,-8.87250471468116));
#14747=CARTESIAN_POINT('',(-1.08863526901724,0.124999999999999,-8.87250471468116));
#14748=CARTESIAN_POINT('',(-0.538635269017242,4.525,-8.87250471468116));
#14749=CARTESIAN_POINT('',(-0.538635269017242,4.525,-8.87250471468116));
#14750=CARTESIAN_POINT('',(-0.538635269017242,4.525,-9.62250471468116));
#14751=CARTESIAN_POINT('',(-0.538635269017245,0.374999999999999,-9.62250471468116));
#14752=CARTESIAN_POINT('',(-0.538635269017245,4.775,-9.62250471468116));
#14753=CARTESIAN_POINT('',(-0.538635269017245,4.775,-9.77250471468116));
#14754=CARTESIAN_POINT('',(-0.538635269017245,0.474999999999999,-9.77250471468116));
#14755=CARTESIAN_POINT('',(-0.538635269017245,0.474999999999999,-9.62250471468116));
#14756=CARTESIAN_POINT('',(-0.538635269017245,0.374999999999999,-9.62250471468116));
#14757=CARTESIAN_POINT('',(-0.538635269017242,0.725,-9.62250471468116));
#14758=CARTESIAN_POINT('',(-0.538635269017242,0.725,-8.87250471468116));
#14759=CARTESIAN_POINT('',(-0.538635269017242,0.725,-8.87250471468116));
#14760=CARTESIAN_POINT('',(-0.538635269017242,0.725,-8.87250471468116));
#14761=CARTESIAN_POINT('',(-0.538635269017245,0.374999999999999,-9.77250471468116));
#14762=CARTESIAN_POINT('',(-1.08863526901724,0.124999999999999,-8.87250471468116));
#14763=CARTESIAN_POINT('',(-1.08863526901724,0.725,-8.87250471468116));
#14764=CARTESIAN_POINT('',(-1.08863526901724,0.124999999999999,-8.87250471468116));
#14765=CARTESIAN_POINT('',(-1.08863526901724,0.725,-8.87250471468116));
#14766=CARTESIAN_POINT('',(-1.08863526901724,0.725,-9.11250471468116));
#14767=CARTESIAN_POINT('',(-1.08863526901724,0.124999999999999,-9.11250471468116));
#14768=CARTESIAN_POINT('',(-1.08863526901724,0.124999999999999,-9.11250471468116));
#14769=CARTESIAN_POINT('',(-1.08863526901724,0.124999999999999,-8.87250471468116));
#14770=CARTESIAN_POINT('',(-1.08863526901724,0.124999999999999,-8.87250471468116));
#14771=CARTESIAN_POINT('',(-0.988635269017245,0.0249999999999985,-12.8225047146812));
#14772=CARTESIAN_POINT('',(-0.988635269017245,0.0249999999999985,-11.7725047146812));
#14773=CARTESIAN_POINT('',(-0.988635269017245,0.0249999999999985,-12.8225047146812));
#14774=CARTESIAN_POINT('',(-0.988635269017245,0.374999999999999,-11.7725047146812));
#14775=CARTESIAN_POINT('',(-0.988635269017245,0.275,-11.7725047146812));
#14776=CARTESIAN_POINT('',(-0.988635269017245,0.275,-11.5723936344171));
#14777=CARTESIAN_POINT('',(-0.988635269017245,0.474999999999999,-11.5723936344171));
#14778=CARTESIAN_POINT('',(-0.988635269017245,0.474999999999999,-11.7225047146812));
#14779=CARTESIAN_POINT('',(-0.988635269017245,4.775,-11.7225047146812));
#14780=CARTESIAN_POINT('',(-0.988635269017245,4.775,-11.5723936344171));
#14781=CARTESIAN_POINT('',(-0.988635269017245,4.975,-11.5723936344171));
#14782=CARTESIAN_POINT('',(-0.988635269017245,4.975,-11.7725047146812));
#14783=CARTESIAN_POINT('',(-0.988635269017245,0.374999999999999,-11.7725047146812));
#14784=CARTESIAN_POINT('',(-0.988635269017245,5.225,-11.7725047146812));
#14785=CARTESIAN_POINT('',(-0.988635269017245,5.225,-12.8225047146812));
#14786=CARTESIAN_POINT('',(-0.988635269017245,5.225,-12.8225047146812));
#14787=CARTESIAN_POINT('',(-0.988635269017245,3.525,-12.8225047146812));
#14788=CARTESIAN_POINT('',(-0.988635269017245,3.825,-12.8225047146812));
#14789=CARTESIAN_POINT('',(-0.988635269017245,3.825,-13.1225047146812));
#14790=CARTESIAN_POINT('',(-0.988635269017245,3.525,-13.1225047146812));
#14791=CARTESIAN_POINT('',(-0.988635269017245,3.525,-15.5725047146812));
#14792=CARTESIAN_POINT('',(-0.988635269017245,3.525,-14.7725047146812));
#14793=CARTESIAN_POINT('',(-0.988635269017245,0.374999999999999,-14.7725047146812));
#14794=CARTESIAN_POINT('',(-0.988635269017245,1.725,-14.7725047146812));
#14795=CARTESIAN_POINT('',(-0.988635269017245,1.725,-15.5725047146812));
#14796=CARTESIAN_POINT('',(-0.988635269017245,1.725,-13.1225047146812));
#14797=CARTESIAN_POINT('',(-0.988635269017245,1.425,-13.1225047146812));
#14798=CARTESIAN_POINT('',(-0.988635269017245,1.425,-12.8225047146812));
#14799=CARTESIAN_POINT('',(-0.988635269017245,1.725,-12.8225047146812));
#14800=CARTESIAN_POINT('',(-0.988635269017245,0.374999999999999,-9.77250471468116));
#14801=CARTESIAN_POINT('',(-1.78863526901725,1.725,-14.7725047146812));
#14802=CARTESIAN_POINT('',(-1.78863526901725,3.525,-14.7725047146812));
#14803=CARTESIAN_POINT('',(-1.78863526901725,0.374999999999999,-14.7725047146812));
#14804=CARTESIAN_POINT('',(-0.988635269017245,1.725,-13.1225047146812));
#14805=CARTESIAN_POINT('',(-0.988635269017245,1.425,-12.8225047146812));
#14806=CARTESIAN_POINT('',(-0.988635269017245,1.425,-13.1225047146812));
#14807=CARTESIAN_POINT('',(-0.988635269017245,1.725,-15.5725047146812));
#14808=CARTESIAN_POINT('',(-0.988635269017245,3.825,-12.8225047146812));
#14809=CARTESIAN_POINT('',(-0.988635269017245,3.525,-13.1225047146812));
#14810=CARTESIAN_POINT('',(-0.988635269017245,3.825,-13.1225047146812));
#14811=CARTESIAN_POINT('',(-0.988635269017245,3.525,-15.5725047146812));
#14812=CARTESIAN_POINT('',(-0.988635269017245,0.275,-11.7725047146812));
#14813=CARTESIAN_POINT('',(-0.983637119840862,0.474999999999999,-11.5725602393897));
#14814=CARTESIAN_POINT('',(-0.983637119840862,0.275,-11.5725602393897));
#14815=CARTESIAN_POINT('',(-0.988635269017245,0.0249999999999985,-11.7725047146812));
#14816=CARTESIAN_POINT('',(-0.988635269017245,0.374999999999999,-11.7725047146812));
#14817=CARTESIAN_POINT('',(-2.68863526901724,0.725,-9.11250471468116));
#14818=CARTESIAN_POINT('',(-0.538635269017242,0.725,-8.87250471468116));
#14819=CARTESIAN_POINT('',(-0.988635269017245,0.725,-9.62250471468116));
#14820=CARTESIAN_POINT('',(-2.68863526901724,0.725,-9.87250471468116));
#14821=CARTESIAN_POINT('',(-1.08863526901724,0.124999999999999,-8.87250471468116));
#14822=CARTESIAN_POINT('',(-1.08863526901724,0.124999999999999,-9.11250471468116));
#14823=CARTESIAN_POINT('',(-2.68863526901724,0.124999999999999,-9.11250471468116));
#14824=CARTESIAN_POINT('',(-2.68863526901724,5.125,-9.11250471468116));
#14825=CARTESIAN_POINT('',(-0.988635269017245,4.525,-9.62250471468116));
#14826=CARTESIAN_POINT('',(-0.538635269017242,4.525,-8.87250471468116));
#14827=CARTESIAN_POINT('',(-2.68863526901724,4.525,-9.11250471468116));
#14828=CARTESIAN_POINT('',(-2.68863526901724,4.525,-8.87250471468116));
#14829=CARTESIAN_POINT('',(-1.08863526901724,5.125,-9.11250471468116));
#14830=CARTESIAN_POINT('',(-1.08863526901724,5.125,-8.87250471468116));
#14831=CARTESIAN_POINT('',(-2.68863526901724,5.125,-8.87250471468116));
#14832=CARTESIAN_POINT('',(-2.68863526901724,0.124999999999999,-8.87250471468116));
#14833=CARTESIAN_POINT('',(-0.988635269017245,0.475,-9.62250471468116));
#14834=CARTESIAN_POINT('',(-0.988635269017245,4.875,-9.62250471468116));
#14835=CARTESIAN_POINT('',(-0.988635269017245,0.474999999999999,-11.7225047146812));
#14836=CARTESIAN_POINT('',(-0.988635269017245,0.0249999999999985,-12.8225047146812));
#14837=CARTESIAN_POINT('',(-0.988635269017245,0.0249999999999985,-12.8225047146812));
#14838=CARTESIAN_POINT('',(-0.988635269017245,1.725,-12.8225047146812));
#14839=CARTESIAN_POINT('',(-0.988635269017245,5.225,-12.8225047146812));
#14840=CARTESIAN_POINT('',(-0.988635269017245,3.525,-12.8225047146812));
#14841=CARTESIAN_POINT('',(-0.981972302970718,4.775,-11.5726157332853));
#14842=CARTESIAN_POINT('',(-2.48863526901724,4.975,-11.7225047146812));
#14843=CARTESIAN_POINT('',(-0.983637119840862,4.975,-11.5725602393897));
#14844=CARTESIAN_POINT('',(-0.953674114744216,5.225,-11.7736700864903));
#14845=CARTESIAN_POINT('',(-2.48863526901725,5.225,-11.7225047146812));
#14846=CARTESIAN_POINT('',(-0.988635269017245,4.775,-9.62250471468116));
#14847=CARTESIAN_POINT('',(-0.988635269017245,4.775,-11.7225047146812));
#14848=CARTESIAN_POINT('',(-0.988635269017245,5.225,-12.8225047146812));
#14849=CARTESIAN_POINT('',(-2.68863526901724,5.125,-9.11250471468116));
#14850=CARTESIAN_POINT('',(-0.988635269017245,4.875,-9.62250471468116));
#14851=CARTESIAN_POINT('',(-0.688635269017242,2.325,-4.47250471468116));
#14852=CARTESIAN_POINT('',(-0.688635269017242,5.125,-4.47250471468116));
#14853=CARTESIAN_POINT('',(-0.688635269017242,2.325,-4.47250471468116));
#14854=CARTESIAN_POINT('',(-0.688635269017242,5.125,-4.47250471468116));
#14855=CARTESIAN_POINT('',(-0.688635269017242,5.125,-6.97250471468116));
#14856=CARTESIAN_POINT('',(-0.688635269017242,2.325,-6.97250471468116));
#14857=CARTESIAN_POINT('',(-0.688635269017242,2.325,-6.97250471468116));
#14858=CARTESIAN_POINT('',(-0.688635269017242,2.325,-4.47250471468116));
#14859=CARTESIAN_POINT('',(-0.688635269017242,2.325,-4.47250471468116));
#14860=CARTESIAN_POINT('',(-0.688635269017242,2.325,-4.47250471468116));
#14861=CARTESIAN_POINT('',(-0.688635269017242,2.325,-6.97250471468116));
#14862=CARTESIAN_POINT('',(-2.68863526901724,2.325,-6.97250471468116));
#14863=CARTESIAN_POINT('',(-0.688635269017242,5.125,-6.97250471468116));
#14864=CARTESIAN_POINT('',(-2.68863526901724,5.125,-6.97250471468116));
#14865=CARTESIAN_POINT('',(-0.688635269017242,5.125,-4.47250471468116));
#14866=CARTESIAN_POINT('',(-2.68863526901724,5.125,-4.47250471468116));
#14867=CARTESIAN_POINT('',(-2.68863526901724,2.325,-4.47250471468116));
#14868=CARTESIAN_POINT('',(-0.688635269017242,0.124999999999999,-8.07250471468116));
#14869=CARTESIAN_POINT('',(-0.688635269017242,5.125,-8.07250471468116));
#14870=CARTESIAN_POINT('',(-0.688635269017242,2.925,-8.07250471468116));
#14871=CARTESIAN_POINT('',(-0.688635269017242,2.925,-7.57250471468116));
#14872=CARTESIAN_POINT('',(-0.688635269017242,2.925,-7.57250471468116));
#14873=CARTESIAN_POINT('',(-0.688635269017242,0.124999999999999,-7.57250471468116));
#14874=CARTESIAN_POINT('',(-0.688635269017242,5.125,-7.57250471468116));
#14875=CARTESIAN_POINT('',(-0.688635269017242,5.125,-7.57250471468116));
#14876=CARTESIAN_POINT('',(-0.688635269017242,0.124999999999999,-7.57250471468116));
#14877=CARTESIAN_POINT('',(-2.68863526901724,2.925,-8.07250471468116));
#14878=CARTESIAN_POINT('',(-2.68863526901724,2.925,-7.57250471468116));
#14879=CARTESIAN_POINT('',(-0.688635269017242,2.925,-8.57250471468116));
#14880=CARTESIAN_POINT('',(-0.688635269017242,5.125,-8.07250471468116));
#14881=CARTESIAN_POINT('',(-2.68863526901724,5.125,-8.07250471468116));
#14882=CARTESIAN_POINT('',(-0.688635269017242,5.125,-7.57250471468116));
#14883=CARTESIAN_POINT('',(-2.68863526901724,5.125,-7.57250471468116));
#14884=CARTESIAN_POINT('',(-2.68863526901724,0.124999999999999,-7.57250471468116));
#14885=CARTESIAN_POINT('',(-0.688635269017242,0.124999999999999,-7.57250471468116));
#14886=CARTESIAN_POINT('',(-0.688635269017242,2.325,-7.57250471468116));
#14887=CARTESIAN_POINT('',(-0.688635269017242,0.124999999999999,-7.57250471468116));
#14888=CARTESIAN_POINT('',(-0.688635269017242,2.325,-7.57250471468116));
#14889=CARTESIAN_POINT('',(-0.688635269017242,2.325,-8.07250471468116));
#14890=CARTESIAN_POINT('',(-0.688635269017242,0.124999999999999,-8.07250471468116));
#14891=CARTESIAN_POINT('',(-0.688635269017242,0.124999999999999,-8.07250471468116));
#14892=CARTESIAN_POINT('',(-0.688635269017242,0.124999999999999,-7.57250471468116));
#14893=CARTESIAN_POINT('',(-0.688635269017242,0.124999999999999,-7.57250471468116));
#14894=CARTESIAN_POINT('',(-2.68863526901724,2.325,-7.57250471468116));
#14895=CARTESIAN_POINT('',(-2.68863526901724,2.325,-8.07250471468116));
#14896=CARTESIAN_POINT('',(-0.688635269017242,2.325,-7.57250471468116));
#14897=CARTESIAN_POINT('',(-0.688635269017242,0.124999999999999,-7.57250471468116));
#14898=CARTESIAN_POINT('',(-0.688635269017242,0.124999999999999,-8.07250471468116));
#14899=CARTESIAN_POINT('',(-2.68863526901724,0.124999999999999,-8.07250471468116));
#14900=CARTESIAN_POINT('',(-2.68863526901724,5.125,-8.07250471468116));
#14901=CARTESIAN_POINT('',(-2.68863526901724,0.124999999999999,-7.57250471468116));
#14902=CARTESIAN_POINT('',(-0.688635269017242,5.125,-2.42250471468116));
#14903=CARTESIAN_POINT('',(-0.688635269017242,2.925,-2.42250471468116));
#14904=CARTESIAN_POINT('',(-0.688635269017242,5.125,-2.42250471468116));
#14905=CARTESIAN_POINT('',(-0.688635269017242,2.925,-1.62250471468116));
#14906=CARTESIAN_POINT('',(-0.688635269017242,2.925,-1.62250471468116));
#14907=CARTESIAN_POINT('',(-0.688635269017242,5.125,-1.62250471468116));
#14908=CARTESIAN_POINT('',(-0.688635269017242,5.125,-1.62250471468116));
#14909=CARTESIAN_POINT('',(-0.688635269017242,5.125,-1.62250471468116));
#14910=CARTESIAN_POINT('',(-0.688635269017242,5.125,-1.62250471468116));
#14911=CARTESIAN_POINT('',(-2.68863526901724,2.925,-2.42250471468116));
#14912=CARTESIAN_POINT('',(-2.68863526901724,2.925,-1.62250471468116));
#14913=CARTESIAN_POINT('',(-0.688635269017242,2.925,-2.62250471468116));
#14914=CARTESIAN_POINT('',(-0.688635269017242,5.125,-1.62250471468116));
#14915=CARTESIAN_POINT('',(-2.68863526901724,0.124999999999999,-1.62250471468116));
#14916=CARTESIAN_POINT('',(-0.688635269017242,5.125,-2.42250471468116));
#14917=CARTESIAN_POINT('',(-2.68863526901724,5.125,-2.42250471468116));
#14918=CARTESIAN_POINT('',(-2.68863526901724,5.125,-1.62250471468116));
#14919=CARTESIAN_POINT('',(-0.688635269017242,0.124999999999999,-2.42250471468116));
#14920=CARTESIAN_POINT('',(-0.688635269017242,0.124999999999999,-2.42250471468116));
#14921=CARTESIAN_POINT('',(-0.688635269017242,5.125,-2.42250471468116));
#14922=CARTESIAN_POINT('',(-0.688635269017242,2.325,-2.42250471468116));
#14923=CARTESIAN_POINT('',(-2.68863526901724,2.325,-2.42250471468116));
#14924=CARTESIAN_POINT('',(-2.68863526901724,5.125,-2.42250471468116));
#14925=CARTESIAN_POINT('',(-2.68863526901724,2.325,-1.62250471468116));
#14926=CARTESIAN_POINT('',(-0.688635269017242,2.325,-1.62250471468116));
#14927=CARTESIAN_POINT('',(-0.688635269017242,5.125,-1.62250471468116));
#14928=CARTESIAN_POINT('',(-0.688635269017242,0.124999999999999,-1.62250471468116));
#14929=CARTESIAN_POINT('',(-0.688635269017242,0.124999999999999,-1.62250471468116));
#14930=CARTESIAN_POINT('',(-2.68863526901724,0.124999999999999,-1.62250471468116));
#14931=CARTESIAN_POINT('',(-0.688635269017242,0.124999999999999,-1.62250471468116));
#14932=CARTESIAN_POINT('',(-2.68863526901724,0.124999999999999,-2.42250471468116));
#14933=CARTESIAN_POINT('',(-0.688635269017242,2.325,-1.62250471468116));
#14934=CARTESIAN_POINT('',(-0.688635269017242,2.325,-1.62250471468116));
#14935=CARTESIAN_POINT('',(-0.688635269017242,5.125,-1.62250471468116));
#14936=CARTESIAN_POINT('',(10.2,6.7,15.));
#14937=CARTESIAN_POINT('',(20.1,6.7,15.));
#14938=CARTESIAN_POINT('',(2.5,6.7,15.));
#14939=CARTESIAN_POINT('',(2.5,4.7,15.));
#14940=CARTESIAN_POINT('',(2.5,4.5,15.));
#14941=CARTESIAN_POINT('',(0.3,4.5,15.));
#14942=CARTESIAN_POINT('',(0.3,4.5,15.));
#14943=CARTESIAN_POINT('',(0.3,3.5,15.));
#14944=CARTESIAN_POINT('',(0.3,2.4,15.));
#14945=CARTESIAN_POINT('',(2.1,2.4,15.));
#14946=CARTESIAN_POINT('',(1.8,2.4,15.));
#14947=CARTESIAN_POINT('',(1.8,1.8,15.));
#14948=CARTESIAN_POINT('',(2.4,1.8,15.));
#14949=CARTESIAN_POINT('',(2.4,0.,15.));
#14950=CARTESIAN_POINT('',(2.4,0.3,15.));
#14951=CARTESIAN_POINT('',(10.2,0.3,15.));
#14952=CARTESIAN_POINT('',(20.1,0.3,15.));
#14953=CARTESIAN_POINT('',(20.1,3.5,15.));
#14954=CARTESIAN_POINT('',(5.2,3.5,15.));
#14955=CARTESIAN_POINT('',(3.7,3.5,15.));
#14956=CARTESIAN_POINT('',(10.2,3.5,15.));
#14957=CARTESIAN_POINT('',(19.7,6.3,0.));
#14958=CARTESIAN_POINT('',(20.2,6.3,0.));
#14959=CARTESIAN_POINT('',(19.7,6.8,0.));
#14960=CARTESIAN_POINT('',(16.95,6.8,0.));
#14961=CARTESIAN_POINT('',(16.95,6.8,0.));
#14962=CARTESIAN_POINT('',(16.95,6.6,0.));
#14963=CARTESIAN_POINT('',(16.95,7.,0.));
#14964=CARTESIAN_POINT('',(10.2,7.,0.));
#14965=CARTESIAN_POINT('',(20.1,7.,0.));
#14966=CARTESIAN_POINT('',(20.1,6.7,0.));
#14967=CARTESIAN_POINT('',(20.4,6.7,0.));
#14968=CARTESIAN_POINT('',(20.4,3.5,0.));
#14969=CARTESIAN_POINT('',(20.4,0.3,0.));
#14970=CARTESIAN_POINT('',(20.1,0.3,0.));
#14971=CARTESIAN_POINT('',(20.1,0.,0.));
#14972=CARTESIAN_POINT('',(10.2,0.,0.));
#14973=CARTESIAN_POINT('',(16.95,0.,0.));
#14974=CARTESIAN_POINT('',(16.95,0.4,0.));
#14975=CARTESIAN_POINT('',(16.95,0.2,0.));
#14976=CARTESIAN_POINT('',(19.7,0.2,0.));
#14977=CARTESIAN_POINT('',(19.7,0.2,0.));
#14978=CARTESIAN_POINT('',(19.7,0.7,0.));
#14979=CARTESIAN_POINT('',(20.2,0.7,0.));
#14980=CARTESIAN_POINT('',(20.2,6.3,0.));
#14981=CARTESIAN_POINT('',(10.2,3.5,0.));
#14982=CARTESIAN_POINT('',(15.45,6.6,0.));
#14983=CARTESIAN_POINT('',(15.45,6.8,0.));
#14984=CARTESIAN_POINT('',(15.45,7.,0.));
#14985=CARTESIAN_POINT('',(4.95,6.8,0.));
#14986=CARTESIAN_POINT('',(4.95,6.8,0.));
#14987=CARTESIAN_POINT('',(4.95,6.6,0.));
#14988=CARTESIAN_POINT('',(4.95,7.,0.));
#14989=CARTESIAN_POINT('',(10.2,7.,0.));
#14990=CARTESIAN_POINT('',(10.2,3.5,0.));
#14991=CARTESIAN_POINT('',(3.45,6.6,0.));
#14992=CARTESIAN_POINT('',(3.45,6.8,0.));
#14993=CARTESIAN_POINT('',(3.45,7.,0.));
#14994=CARTESIAN_POINT('',(0.699999999999999,6.8,0.));
#14995=CARTESIAN_POINT('',(0.7,6.8,0.));
#14996=CARTESIAN_POINT('',(0.7,6.3,0.));
#14997=CARTESIAN_POINT('',(0.200000000000001,6.3,0.));
#14998=CARTESIAN_POINT('',(0.200000000000001,0.7,0.));
#14999=CARTESIAN_POINT('',(0.199999999999999,0.7,0.));
#15000=CARTESIAN_POINT('',(0.699999999999999,0.7,0.));
#15001=CARTESIAN_POINT('',(0.699999999999999,0.2,0.));
#15002=CARTESIAN_POINT('',(3.45,0.2,0.));
#15003=CARTESIAN_POINT('',(3.45,0.2,0.));
#15004=CARTESIAN_POINT('',(3.45,0.4,0.));
#15005=CARTESIAN_POINT('',(3.45,0.,0.));
#15006=CARTESIAN_POINT('',(10.2,0.,0.));
#15007=CARTESIAN_POINT('',(0.3,0.,0.));
#15008=CARTESIAN_POINT('',(0.3,0.3,0.));
#15009=CARTESIAN_POINT('',(0.,0.3,0.));
#15010=CARTESIAN_POINT('',(0.,3.5,0.));
#15011=CARTESIAN_POINT('',(0.,6.7,0.));
#15012=CARTESIAN_POINT('',(0.3,6.7,0.));
#15013=CARTESIAN_POINT('',(0.3,7.,0.));
#15014=CARTESIAN_POINT('',(10.2,7.,0.));
#15015=CARTESIAN_POINT('',(10.2,3.5,0.));
#15016=CARTESIAN_POINT('',(4.95,0.4,0.));
#15017=CARTESIAN_POINT('',(4.95,0.2,0.));
#15018=CARTESIAN_POINT('',(4.95,0.,0.));
#15019=CARTESIAN_POINT('',(15.45,0.2,0.));
#15020=CARTESIAN_POINT('',(15.45,0.2,0.));
#15021=CARTESIAN_POINT('',(15.45,0.4,0.));
#15022=CARTESIAN_POINT('',(15.45,0.,0.));
#15023=CARTESIAN_POINT('',(10.2,0.,0.));
#15024=CARTESIAN_POINT('',(10.2,3.5,0.));
#15025=CARTESIAN_POINT('',(1.0842021724855E-016,0.,14.5));
#15026=CARTESIAN_POINT('',(0.3,0.,14.5));
#15027=CARTESIAN_POINT('',(2.4,0.,14.5));
#15028=CARTESIAN_POINT('',(0.3,0.,0.));
#15029=CARTESIAN_POINT('',(3.45,0.,-0.5));
#15030=CARTESIAN_POINT('',(3.45,0.,-0.2));
#15031=CARTESIAN_POINT('',(6.725,0.,-3.475));
#15032=CARTESIAN_POINT('',(3.75,0.,-0.5));
#15033=CARTESIAN_POINT('',(3.45,0.,-0.5));
#15034=CARTESIAN_POINT('',(4.65,0.,-0.5));
#15035=CARTESIAN_POINT('',(7.675,0.,2.525));
#15036=CARTESIAN_POINT('',(4.95,0.,-0.2));
#15037=CARTESIAN_POINT('',(4.95,0.,-0.5));
#15038=CARTESIAN_POINT('',(15.45,0.,-0.5));
#15039=CARTESIAN_POINT('',(15.45,0.,-0.2));
#15040=CARTESIAN_POINT('',(12.725,0.,2.525));
#15041=CARTESIAN_POINT('',(15.75,0.,-0.5));
#15042=CARTESIAN_POINT('',(16.95,0.,-0.5));
#15043=CARTESIAN_POINT('',(16.65,0.,-0.5));
#15044=CARTESIAN_POINT('',(13.675,0.,-3.475));
#15045=CARTESIAN_POINT('',(16.95,0.,-0.2));
#15046=CARTESIAN_POINT('',(16.95,0.,-0.5));
#15047=CARTESIAN_POINT('',(20.1,0.,0.));
#15048=CARTESIAN_POINT('',(20.1,0.,14.7));
#15049=CARTESIAN_POINT('',(10.2,0.,14.7));
#15050=CARTESIAN_POINT('',(2.4,0.,14.7));
#15051=CARTESIAN_POINT('',(2.4,0.,14.5));
#15052=CARTESIAN_POINT('',(10.2,0.,0.));
#15053=CARTESIAN_POINT('',(0.,3.5,14.7));
#15054=CARTESIAN_POINT('',(0.,2.4,14.7));
#15055=CARTESIAN_POINT('',(0.,4.5,14.7));
#15056=CARTESIAN_POINT('',(0.,4.5,14.4));
#15057=CARTESIAN_POINT('',(5.42101086242752E-017,4.5,14.4));
#15058=CARTESIAN_POINT('',(5.42101086242752E-017,7.,14.4));
#15059=CARTESIAN_POINT('',(5.42101086242752E-017,6.7,14.4));
#15060=CARTESIAN_POINT('',(0.,6.7,0.));
#15061=CARTESIAN_POINT('',(0.,0.3,0.));
#15062=CARTESIAN_POINT('',(1.0842021724855E-016,0.3,14.5));
#15063=CARTESIAN_POINT('',(1.0842021724855E-016,2.1,14.5));
#15064=CARTESIAN_POINT('',(0.,2.4,14.5));
#15065=CARTESIAN_POINT('',(0.,2.4,15.));
#15066=CARTESIAN_POINT('',(0.,3.5,0.));
#15067=CARTESIAN_POINT('',(5.42101086242752E-017,7.,14.4));
#15068=CARTESIAN_POINT('',(0.3,7.,14.4));
#15069=CARTESIAN_POINT('',(2.5,7.,14.4));
#15070=CARTESIAN_POINT('',(2.5,7.,14.7));
#15071=CARTESIAN_POINT('',(2.5,7.,14.7));
#15072=CARTESIAN_POINT('',(10.2,7.,14.7));
#15073=CARTESIAN_POINT('',(20.1,7.,14.7));
#15074=CARTESIAN_POINT('',(20.1,7.,0.));
#15075=CARTESIAN_POINT('',(16.95,7.,-0.5));
#15076=CARTESIAN_POINT('',(16.95,7.,-0.199999999999999));
#15077=CARTESIAN_POINT('',(13.675,7.,-3.475));
#15078=CARTESIAN_POINT('',(16.65,7.,-0.5));
#15079=CARTESIAN_POINT('',(16.95,7.,-0.5));
#15080=CARTESIAN_POINT('',(15.75,7.,-0.5));
#15081=CARTESIAN_POINT('',(12.725,7.,2.525));
#15082=CARTESIAN_POINT('',(15.45,7.,-0.2));
#15083=CARTESIAN_POINT('',(15.45,7.,-0.5));
#15084=CARTESIAN_POINT('',(4.95,7.,-0.5));
#15085=CARTESIAN_POINT('',(4.95,7.,-0.200000000000001));
#15086=CARTESIAN_POINT('',(7.675,7.,2.525));
#15087=CARTESIAN_POINT('',(4.65,7.,-0.5));
#15088=CARTESIAN_POINT('',(3.45,7.,-0.5));
#15089=CARTESIAN_POINT('',(3.75,7.,-0.5));
#15090=CARTESIAN_POINT('',(6.725,7.,-3.475));
#15091=CARTESIAN_POINT('',(3.45,7.,-0.2));
#15092=CARTESIAN_POINT('',(3.45,7.,-0.5));
#15093=CARTESIAN_POINT('',(0.3,7.,0.));
#15094=CARTESIAN_POINT('',(10.2,7.,0.));
#15095=CARTESIAN_POINT('',(20.4,3.5,14.7));
#15096=CARTESIAN_POINT('',(20.4,6.7,14.7));
#15097=CARTESIAN_POINT('',(20.4,0.3,14.7));
#15098=CARTESIAN_POINT('',(20.4,0.3,0.));
#15099=CARTESIAN_POINT('',(20.4,6.7,0.));
#15100=CARTESIAN_POINT('',(20.4,3.5,0.));
#15101=CARTESIAN_POINT('',(5.2,3.5,14.6));
#15102=CARTESIAN_POINT('',(7.2171922964497,3.5,14.6));
#15103=CARTESIAN_POINT('',(0.4,2.5,14.6));
#15104=CARTESIAN_POINT('',(0.699999999999999,2.5,14.6));
#15105=CARTESIAN_POINT('',(2.2,2.5,14.6));
#15106=CARTESIAN_POINT('',(0.699999999999999,4.5,14.6));
#15107=CARTESIAN_POINT('',(0.699999999999999,4.5,14.6));
#15108=CARTESIAN_POINT('',(0.4,4.5,14.6));
#15109=CARTESIAN_POINT('',(2.2,4.5,14.6));
#15110=CARTESIAN_POINT('',(2.2,4.8,14.6));
#15111=CARTESIAN_POINT('',(2.5,4.8,14.6));
#15112=CARTESIAN_POINT('',(2.5,6.6,14.6));
#15113=CARTESIAN_POINT('',(2.5,6.3,14.6));
#15114=CARTESIAN_POINT('',(20.,6.3,14.6));
#15115=CARTESIAN_POINT('',(19.7,6.3,14.6));
#15116=CARTESIAN_POINT('',(19.7,0.4,14.6));
#15117=CARTESIAN_POINT('',(19.7,0.7,14.6));
#15118=CARTESIAN_POINT('',(2.5,0.7,14.6));
#15119=CARTESIAN_POINT('',(2.5,0.7,14.6));
#15120=CARTESIAN_POINT('',(2.5,2.5,14.6));
#15121=CARTESIAN_POINT('',(2.5,2.2,14.6));
#15122=CARTESIAN_POINT('',(2.2,2.2,14.6));
#15123=CARTESIAN_POINT('',(10.2,3.5,14.6));
#15124=CARTESIAN_POINT('',(4.65,0.4,-0.5));
#15125=CARTESIAN_POINT('',(4.95,0.4,-0.2));
#15126=CARTESIAN_POINT('',(4.85,0.4,-0.3));
#15127=CARTESIAN_POINT('',(3.75,0.4,-0.3));
#15128=CARTESIAN_POINT('',(3.55,0.4,-0.3));
#15129=CARTESIAN_POINT('',(3.45,0.4,-0.2));
#15130=CARTESIAN_POINT('',(3.45,0.4,-0.2));
#15131=CARTESIAN_POINT('',(3.45,0.4,-0.5));
#15132=CARTESIAN_POINT('',(3.45,0.4,0.2));
#15133=CARTESIAN_POINT('',(0.699999999999999,0.4,0.2));
#15134=CARTESIAN_POINT('',(0.699999999999999,0.4,0.200000000000001));
#15135=CARTESIAN_POINT('',(0.699999999999999,0.4,14.1));
#15136=CARTESIAN_POINT('',(0.699999999999999,0.4,14.1));
#15137=CARTESIAN_POINT('',(0.4,0.4,14.1));
#15138=CARTESIAN_POINT('',(2.5,0.4,14.1));
#15139=CARTESIAN_POINT('',(2.5,0.4,14.1));
#15140=CARTESIAN_POINT('',(2.5,0.4,14.3));
#15141=CARTESIAN_POINT('',(20.,0.4,14.3));
#15142=CARTESIAN_POINT('',(19.7,0.4,14.3));
#15143=CARTESIAN_POINT('',(19.7,0.4,0.));
#15144=CARTESIAN_POINT('',(19.7,0.4,0.2));
#15145=CARTESIAN_POINT('',(16.95,0.4,0.2));
#15146=CARTESIAN_POINT('',(16.95,0.4,0.2));
#15147=CARTESIAN_POINT('',(16.95,0.4,-0.5));
#15148=CARTESIAN_POINT('',(16.95,0.4,-0.2));
#15149=CARTESIAN_POINT('',(16.65,0.4,-0.5));
#15150=CARTESIAN_POINT('',(16.85,0.4,-0.3));
#15151=CARTESIAN_POINT('',(15.75,0.4,-0.3));
#15152=CARTESIAN_POINT('',(15.55,0.4,-0.3));
#15153=CARTESIAN_POINT('',(15.45,0.4,-0.2));
#15154=CARTESIAN_POINT('',(15.45,0.4,-0.2));
#15155=CARTESIAN_POINT('',(15.45,0.4,-0.5));
#15156=CARTESIAN_POINT('',(15.45,0.4,0.2));
#15157=CARTESIAN_POINT('',(4.95,0.4,0.2));
#15158=CARTESIAN_POINT('',(4.95,0.4,0.2));
#15159=CARTESIAN_POINT('',(4.95,0.4,-0.5));
#15160=CARTESIAN_POINT('',(10.2,0.4,0.));
#15161=CARTESIAN_POINT('',(0.4,0.7,0.));
#15162=CARTESIAN_POINT('',(0.4,0.7,14.1));
#15163=CARTESIAN_POINT('',(0.4,0.7,0.2));
#15164=CARTESIAN_POINT('',(0.4,6.3,0.2));
#15165=CARTESIAN_POINT('',(0.4,6.3,0.200000000000001));
#15166=CARTESIAN_POINT('',(0.4,6.3,14.));
#15167=CARTESIAN_POINT('',(0.4,6.3,14.));
#15168=CARTESIAN_POINT('',(0.4,6.6,14.));
#15169=CARTESIAN_POINT('',(0.4,4.5,14.));
#15170=CARTESIAN_POINT('',(0.4,4.5,14.));
#15171=CARTESIAN_POINT('',(0.4,4.5,14.3));
#15172=CARTESIAN_POINT('',(0.4,2.5,14.3));
#15173=CARTESIAN_POINT('',(0.4,2.5,14.3));
#15174=CARTESIAN_POINT('',(0.4,2.5,14.1));
#15175=CARTESIAN_POINT('',(0.4,2.5,14.1));
#15176=CARTESIAN_POINT('',(0.4,2.5,14.1));
#15177=CARTESIAN_POINT('',(0.4,3.5,0.));
#15178=CARTESIAN_POINT('',(15.75,6.6,-0.5));
#15179=CARTESIAN_POINT('',(15.45,6.6,-0.2));
#15180=CARTESIAN_POINT('',(15.55,6.6,-0.3));
#15181=CARTESIAN_POINT('',(16.65,6.6,-0.3));
#15182=CARTESIAN_POINT('',(16.85,6.6,-0.3));
#15183=CARTESIAN_POINT('',(16.95,6.6,-0.2));
#15184=CARTESIAN_POINT('',(16.95,6.6,-0.2));
#15185=CARTESIAN_POINT('',(16.95,6.6,-0.5));
#15186=CARTESIAN_POINT('',(16.95,6.6,0.2));
#15187=CARTESIAN_POINT('',(19.7,6.6,0.2));
#15188=CARTESIAN_POINT('',(19.7,6.6,0.200000000000001));
#15189=CARTESIAN_POINT('',(19.7,6.6,14.6));
#15190=CARTESIAN_POINT('',(19.7,6.6,14.3));
#15191=CARTESIAN_POINT('',(2.5,6.6,14.3));
#15192=CARTESIAN_POINT('',(2.5,6.6,14.3));
#15193=CARTESIAN_POINT('',(2.5,6.6,14.));
#15194=CARTESIAN_POINT('',(2.5,6.6,14.));
#15195=CARTESIAN_POINT('',(0.4,6.6,14.));
#15196=CARTESIAN_POINT('',(0.7,6.6,14.));
#15197=CARTESIAN_POINT('',(0.7,6.6,0.));
#15198=CARTESIAN_POINT('',(0.7,6.6,0.2));
#15199=CARTESIAN_POINT('',(3.45,6.6,0.2));
#15200=CARTESIAN_POINT('',(3.45,6.6,0.2));
#15201=CARTESIAN_POINT('',(3.45,6.6,-0.5));
#15202=CARTESIAN_POINT('',(3.45,6.6,-0.2));
#15203=CARTESIAN_POINT('',(3.75,6.6,-0.5));
#15204=CARTESIAN_POINT('',(3.55,6.6,-0.3));
#15205=CARTESIAN_POINT('',(4.65,6.6,-0.3));
#15206=CARTESIAN_POINT('',(4.85,6.6,-0.3));
#15207=CARTESIAN_POINT('',(4.95,6.6,-0.2));
#15208=CARTESIAN_POINT('',(4.95,6.6,-0.2));
#15209=CARTESIAN_POINT('',(4.95,6.6,-0.5));
#15210=CARTESIAN_POINT('',(4.95,6.6,0.2));
#15211=CARTESIAN_POINT('',(15.45,6.6,0.2));
#15212=CARTESIAN_POINT('',(15.45,6.6,0.2));
#15213=CARTESIAN_POINT('',(15.45,6.6,-0.5));
#15214=CARTESIAN_POINT('',(10.2,6.6,0.));
#15215=CARTESIAN_POINT('',(20.,6.3,0.));
#15216=CARTESIAN_POINT('',(20.,6.3,14.3));
#15217=CARTESIAN_POINT('',(20.,6.3,0.2));
#15218=CARTESIAN_POINT('',(20.,0.7,0.2));
#15219=CARTESIAN_POINT('',(20.,0.7,0.200000000000001));
#15220=CARTESIAN_POINT('',(20.,0.7,14.6));
#15221=CARTESIAN_POINT('',(20.,0.7,14.3));
#15222=CARTESIAN_POINT('',(20.,6.6,14.3));
#15223=CARTESIAN_POINT('',(20.,3.5,0.));
#15224=CARTESIAN_POINT('',(3.45,0.4,-0.2));
#15225=CARTESIAN_POINT('',(3.45,0.2,0.));
#15226=CARTESIAN_POINT('',(3.45,0.4,0.));
#15227=CARTESIAN_POINT('',(4.95,0.,-0.2));
#15228=CARTESIAN_POINT('',(4.95,0.2,0.));
#15229=CARTESIAN_POINT('',(4.95,0.,0.));
#15230=CARTESIAN_POINT('',(3.75,0.4,-0.5));
#15231=CARTESIAN_POINT('',(3.75,0.2,-0.5));
#15232=CARTESIAN_POINT('',(4.65,0.2,-0.5));
#15233=CARTESIAN_POINT('',(4.65,0.2,-0.5));
#15234=CARTESIAN_POINT('',(4.65,0.4,-0.5));
#15235=CARTESIAN_POINT('',(3.45,0.4,-0.5));
#15236=CARTESIAN_POINT('',(3.45,6.6,-0.2));
#15237=CARTESIAN_POINT('',(3.45,6.8,0.));
#15238=CARTESIAN_POINT('',(3.45,6.6,0.));
#15239=CARTESIAN_POINT('',(4.95,7.,-0.2));
#15240=CARTESIAN_POINT('',(4.95,6.8,0.));
#15241=CARTESIAN_POINT('',(4.95,7.,0.));
#15242=CARTESIAN_POINT('',(4.65,6.6,-0.5));
#15243=CARTESIAN_POINT('',(4.65,6.8,-0.5));
#15244=CARTESIAN_POINT('',(3.75,6.8,-0.5));
#15245=CARTESIAN_POINT('',(3.75,6.8,-0.5));
#15246=CARTESIAN_POINT('',(3.75,6.6,-0.5));
#15247=CARTESIAN_POINT('',(3.45,6.6,-0.5));
#15248=CARTESIAN_POINT('',(16.95,0.4,-0.2));
#15249=CARTESIAN_POINT('',(16.95,0.2,0.));
#15250=CARTESIAN_POINT('',(16.95,0.4,0.));
#15251=CARTESIAN_POINT('',(15.45,0.,-0.2));
#15252=CARTESIAN_POINT('',(15.45,0.2,0.));
#15253=CARTESIAN_POINT('',(15.45,0.,0.));
#15254=CARTESIAN_POINT('',(15.75,0.4,-0.5));
#15255=CARTESIAN_POINT('',(15.75,0.2,-0.5));
#15256=CARTESIAN_POINT('',(16.65,0.2,-0.5));
#15257=CARTESIAN_POINT('',(16.65,0.2,-0.5));
#15258=CARTESIAN_POINT('',(16.65,0.4,-0.5));
#15259=CARTESIAN_POINT('',(16.95,0.4,-0.5));
#15260=CARTESIAN_POINT('',(16.95,6.6,-0.2));
#15261=CARTESIAN_POINT('',(16.95,6.8,0.));
#15262=CARTESIAN_POINT('',(16.95,6.6,0.));
#15263=CARTESIAN_POINT('',(15.45,7.,-0.2));
#15264=CARTESIAN_POINT('',(15.45,6.8,0.));
#15265=CARTESIAN_POINT('',(15.45,7.,0.));
#15266=CARTESIAN_POINT('',(16.65,6.6,-0.5));
#15267=CARTESIAN_POINT('',(16.65,6.8,-0.5));
#15268=CARTESIAN_POINT('',(15.75,6.8,-0.5));
#15269=CARTESIAN_POINT('',(15.75,6.8,-0.5));
#15270=CARTESIAN_POINT('',(15.75,6.6,-0.5));
#15271=CARTESIAN_POINT('',(16.95,6.6,-0.5));
#15272=CARTESIAN_POINT('',(15.6166666666667,0.333333333333334,-0.366666666666666));
#15273=CARTESIAN_POINT('',(15.45,0.,-0.2));
#15274=CARTESIAN_POINT('',(16.7166666666667,0.266666666666666,-0.433333333333334));
#15275=CARTESIAN_POINT('',(16.65,0.4,-0.5));
#15276=CARTESIAN_POINT('',(16.9166666666667,6.53333333333333,-0.233333333333333));
#15277=CARTESIAN_POINT('',(16.95,6.6,-0.2));
#15278=CARTESIAN_POINT('',(15.6833333333333,6.73333333333333,-0.433333333333334));
#15279=CARTESIAN_POINT('',(15.75,6.6,-0.5));
#15280=CARTESIAN_POINT('',(4.78333333333333,6.66666666666667,-0.366666666666667));
#15281=CARTESIAN_POINT('',(4.95,7.,-0.2));
#15282=CARTESIAN_POINT('',(3.68333333333333,6.73333333333333,-0.433333333333334));
#15283=CARTESIAN_POINT('',(3.75,6.6,-0.5));
#15284=CARTESIAN_POINT('',(4.71666666666667,0.266666666666667,-0.433333333333333));
#15285=CARTESIAN_POINT('',(4.65,0.4,-0.5));
#15286=CARTESIAN_POINT('',(3.48333333333333,0.466666666666667,-0.233333333333333));
#15287=CARTESIAN_POINT('',(3.45,0.4,-0.2));
#15288=CARTESIAN_POINT('',(2.5,2.5,14.1));
#15289=CARTESIAN_POINT('',(2.5,2.2,14.1));
#15290=CARTESIAN_POINT('',(2.5,2.2,14.6));
#15291=CARTESIAN_POINT('',(2.5,0.7,14.3));
#15292=CARTESIAN_POINT('',(2.5,0.4,14.6));
#15293=CARTESIAN_POINT('',(0.699999999999999,2.5,14.3));
#15294=CARTESIAN_POINT('',(2.2,2.5,14.6));
#15295=CARTESIAN_POINT('',(2.2,2.5,14.1));
#15296=CARTESIAN_POINT('',(0.4,2.5,14.1));
#15297=CARTESIAN_POINT('',(2.5,2.5,14.6));
#15298=CARTESIAN_POINT('',(1.2,1.2,14.1));
#15299=CARTESIAN_POINT('',(1.4,1.2,14.1));
#15300=CARTESIAN_POINT('',(2.2,2.2,14.1));
#15301=CARTESIAN_POINT('',(0.699999999999999,0.7,14.1));
#15302=CARTESIAN_POINT('',(0.4,2.5,14.1));
#15303=CARTESIAN_POINT('',(0.699999999999999,4.5,14.3));
#15304=CARTESIAN_POINT('',(0.4,4.5,14.));
#15305=CARTESIAN_POINT('',(2.2,4.5,14.));
#15306=CARTESIAN_POINT('',(2.2,4.5,14.6));
#15307=CARTESIAN_POINT('',(0.4,4.5,14.6));
#15308=CARTESIAN_POINT('',(2.5,4.8,14.6));
#15309=CARTESIAN_POINT('',(2.5,4.8,14.));
#15310=CARTESIAN_POINT('',(2.5,6.6,14.));
#15311=CARTESIAN_POINT('',(2.5,6.3,14.3));
#15312=CARTESIAN_POINT('',(2.5,4.5,14.6));
#15313=CARTESIAN_POINT('',(1.2,5.8,14.));
#15314=CARTESIAN_POINT('',(0.758884404131407,5.8,14.));
#15315=CARTESIAN_POINT('',(2.2,4.8,14.));
#15316=CARTESIAN_POINT('',(0.7,6.3,14.));
#15317=CARTESIAN_POINT('',(0.4,6.6,14.));
#15318=CARTESIAN_POINT('',(2.1,2.1,14.5));
#15319=CARTESIAN_POINT('',(2.1,1.8,14.5));
#15320=CARTESIAN_POINT('',(2.1,0.3,14.5));
#15321=CARTESIAN_POINT('',(2.1,0.3,15.));
#15322=CARTESIAN_POINT('',(2.1,0.3,14.7));
#15323=CARTESIAN_POINT('',(2.1,2.1,14.7));
#15324=CARTESIAN_POINT('',(2.1,1.8,14.7));
#15325=CARTESIAN_POINT('',(2.1,1.8,14.5));
#15326=CARTESIAN_POINT('',(2.1,0.,15.));
#15327=CARTESIAN_POINT('',(1.2,1.2,14.5));
#15328=CARTESIAN_POINT('',(1.7,1.2,14.5));
#15329=CARTESIAN_POINT('',(1.8,1.8,14.5));
#15330=CARTESIAN_POINT('',(1.8,2.1,14.5));
#15331=CARTESIAN_POINT('',(1.0842021724855E-016,2.1,14.5));
#15332=CARTESIAN_POINT('',(0.3,2.1,14.5));
#15333=CARTESIAN_POINT('',(0.3,2.4,14.5));
#15334=CARTESIAN_POINT('',(0.3,0.3,14.5));
#15335=CARTESIAN_POINT('',(2.4,0.3,14.5));
#15336=CARTESIAN_POINT('',(1.0842021724855E-016,2.1,14.5));
#15337=CARTESIAN_POINT('',(0.,2.1,14.7));
#15338=CARTESIAN_POINT('',(1.8,2.1,14.7));
#15339=CARTESIAN_POINT('',(0.3,2.1,14.7));
#15340=CARTESIAN_POINT('',(0.3,2.1,14.5));
#15341=CARTESIAN_POINT('',(1.8,2.1,15.));
#15342=CARTESIAN_POINT('',(2.1,2.1,15.));
#15343=CARTESIAN_POINT('',(1.2,1.2,15.));
#15344=CARTESIAN_POINT('',(1.7,1.2,15.));
#15345=CARTESIAN_POINT('',(1.2,1.2,15.));
#15346=CARTESIAN_POINT('',(1.2,1.2,14.5));
#15347=CARTESIAN_POINT('',(1.2,1.2,14.7));
#15348=CARTESIAN_POINT('',(1.4,1.2,14.7));
#15349=CARTESIAN_POINT('',(1.2,1.2,14.7));
#15350=CARTESIAN_POINT('',(1.2,1.2,14.1));
#15351=CARTESIAN_POINT('',(0.699999999999999,3.5,14.3));
#15352=CARTESIAN_POINT('',(2.2,2.2,14.6));
#15353=CARTESIAN_POINT('',(2.2,4.8,14.6));
#15354=CARTESIAN_POINT('',(19.7,6.3,0.2));
#15355=CARTESIAN_POINT('',(19.7,6.3,14.3));
#15356=CARTESIAN_POINT('',(19.7,6.3,0.));
#15357=CARTESIAN_POINT('',(19.7,6.3,14.3));
#15358=CARTESIAN_POINT('',(10.2,6.3,14.3));
#15359=CARTESIAN_POINT('',(19.7,0.7,14.3));
#15360=CARTESIAN_POINT('',(10.2,0.7,14.3));
#15361=CARTESIAN_POINT('',(19.7,0.7,0.2));
#15362=CARTESIAN_POINT('',(19.7,0.7,14.3));
#15363=CARTESIAN_POINT('',(19.7,0.7,0.));
#15364=CARTESIAN_POINT('',(19.7,6.3,14.3));
#15365=CARTESIAN_POINT('',(19.7,6.3,14.3));
#15366=CARTESIAN_POINT('',(19.7,0.7,14.3));
#15367=CARTESIAN_POINT('',(19.7,0.7,14.3));
#15368=CARTESIAN_POINT('',(19.7,3.5,14.3));
#15369=CARTESIAN_POINT('',(0.7,6.3,0.2));
#15370=CARTESIAN_POINT('',(0.7,6.3,0.));
#15371=CARTESIAN_POINT('',(0.699999999999999,0.7,0.2));
#15372=CARTESIAN_POINT('',(0.699999999999999,0.7,0.));
#15373=CARTESIAN_POINT('',(0.3,6.7,14.4));
#15374=CARTESIAN_POINT('',(0.3,6.7,0.));
#15375=CARTESIAN_POINT('',(0.3,2.4,14.7));
#15376=CARTESIAN_POINT('',(0.3,2.4,15.));
#15377=CARTESIAN_POINT('',(0.3,4.5,14.7));
#15378=CARTESIAN_POINT('',(0.3,2.4,14.7));
#15379=CARTESIAN_POINT('',(0.3,3.5,14.7));
#15380=CARTESIAN_POINT('',(2.5,6.7,14.7));
#15381=CARTESIAN_POINT('',(20.1,6.7,14.7));
#15382=CARTESIAN_POINT('',(10.2,6.7,14.7));
#15383=CARTESIAN_POINT('',(20.1,6.7,14.7));
#15384=CARTESIAN_POINT('',(20.1,6.7,0.));
#15385=CARTESIAN_POINT('',(0.3,2.4,14.7));
#15386=CARTESIAN_POINT('',(0.3,2.4,14.7));
#15387=CARTESIAN_POINT('',(20.1,6.7,14.7));
#15388=CARTESIAN_POINT('',(20.1,6.7,14.7));
#15389=CARTESIAN_POINT('',(1.8,1.8,14.7));
#15390=CARTESIAN_POINT('',(1.8,1.8,15.));
#15391=CARTESIAN_POINT('',(1.8,2.4,14.7));
#15392=CARTESIAN_POINT('',(10.2,2.4,14.7));
#15393=CARTESIAN_POINT('',(20.1,0.3,14.7));
#15394=CARTESIAN_POINT('',(20.1,3.5,14.7));
#15395=CARTESIAN_POINT('',(20.1,0.3,14.7));
#15396=CARTESIAN_POINT('',(20.1,0.3,0.));
#15397=CARTESIAN_POINT('',(2.4,1.8,14.7));
#15398=CARTESIAN_POINT('',(1.8,1.8,14.7));
#15399=CARTESIAN_POINT('',(20.1,0.3,14.7));
#15400=CARTESIAN_POINT('',(20.1,0.3,14.7));
#15401=CARTESIAN_POINT('',(2.4,0.3,14.7));
#15402=CARTESIAN_POINT('',(2.4,3.5,14.7));
#15403=CARTESIAN_POINT('',(2.4,0.3,14.7));
#15404=CARTESIAN_POINT('',(10.2,0.3,14.7));
#15405=CARTESIAN_POINT('',(2.4,0.3,14.7));
#15406=CARTESIAN_POINT('',(2.4,0.3,14.7));
#15407=CARTESIAN_POINT('',(2.4,0.3,0.));
#15408=CARTESIAN_POINT('',(0.3,0.3,0.));
#15409=CARTESIAN_POINT('',(19.7,0.2,0.));
#15410=CARTESIAN_POINT('',(10.2,0.2,0.));
#15411=CARTESIAN_POINT('',(20.2,0.7,0.));
#15412=CARTESIAN_POINT('',(19.7,0.7,0.));
#15413=CARTESIAN_POINT('',(20.2,6.3,0.));
#15414=CARTESIAN_POINT('',(20.2,3.5,0.));
#15415=CARTESIAN_POINT('',(19.7,6.6,0.2));
#15416=CARTESIAN_POINT('',(10.2,6.8,0.));
#15417=CARTESIAN_POINT('',(19.7,6.3,0.));
#15418=CARTESIAN_POINT('',(10.2,6.8,0.));
#15419=CARTESIAN_POINT('',(0.699999999999999,0.4,0.2));
#15420=CARTESIAN_POINT('',(10.2,0.2,0.));
#15421=CARTESIAN_POINT('',(0.399999999999999,0.7,0.2));
#15422=CARTESIAN_POINT('',(0.699999999999999,0.7,0.));
#15423=CARTESIAN_POINT('',(0.4,6.3,0.2));
#15424=CARTESIAN_POINT('',(0.200000000000001,3.5,0.));
#15425=CARTESIAN_POINT('',(0.7,6.6,0.2));
#15426=CARTESIAN_POINT('',(0.7,6.3,0.));
#15427=CARTESIAN_POINT('',(10.2,6.8,0.));
#15428=CARTESIAN_POINT('',(10.2,0.2,0.));
#15429=CARTESIAN_POINT('',(3.45,0.2,-0.5));
#15430=CARTESIAN_POINT('',(10.2,0.4,-0.3));
#15431=CARTESIAN_POINT('',(16.95,6.8,-0.5));
#15432=CARTESIAN_POINT('',(10.2,6.6,-0.3));
#15433=CARTESIAN_POINT('',(5.2,3.5,14.4025880281054));
#15434=CARTESIAN_POINT('',(6.8191464633509,3.5,14.4025880281054));
#15435=CARTESIAN_POINT('',(5.2,3.5,13.6));
#15436=CARTESIAN_POINT('',(6.8191464633509,3.5,14.4025880281053));
#15437=CARTESIAN_POINT('',(6.8191464633509,6.73829292670181,14.4025880281053));
#15438=CARTESIAN_POINT('',(3.5808535366491,6.73829292670181,14.4025880281053));
#15439=CARTESIAN_POINT('',(3.5808535366491,3.5,14.4025880281053));
#15440=CARTESIAN_POINT('',(3.5808535366491,0.261707073298194,14.4025880281053));
#15441=CARTESIAN_POINT('',(6.8191464633509,0.261707073298193,14.4025880281053));
#15442=CARTESIAN_POINT('',(6.8191464633509,3.5,14.4025880281053));
#15443=CARTESIAN_POINT('',(6.42737825829705,3.5,13.8872282416039));
#15444=CARTESIAN_POINT('',(6.42737825829706,5.95475651659411,13.8872282416039));
#15445=CARTESIAN_POINT('',(3.97262174170294,5.95475651659411,13.8872282416039));
#15446=CARTESIAN_POINT('',(3.97262174170294,3.5,13.8872282416039));
#15447=CARTESIAN_POINT('',(3.97262174170294,1.04524348340589,13.8872282416039));
#15448=CARTESIAN_POINT('',(6.42737825829706,1.04524348340589,13.8872282416039));
#15449=CARTESIAN_POINT('',(6.42737825829705,3.5,13.8872282416039));
#15450=CARTESIAN_POINT('',(5.84736230894612,3.5,13.5997225294302));
#15451=CARTESIAN_POINT('',(5.84736230894612,4.79472461789224,13.5997225294302));
#15452=CARTESIAN_POINT('',(4.55263769105388,4.79472461789224,13.5997225294302));
#15453=CARTESIAN_POINT('',(4.55263769105388,3.5,13.5997225294302));
#15454=CARTESIAN_POINT('',(4.55263769105388,2.20527538210776,13.5997225294302));
#15455=CARTESIAN_POINT('',(5.84736230894612,2.20527538210776,13.5997225294302));
#15456=CARTESIAN_POINT('',(5.84736230894612,3.5,13.5997225294302));
#15457=CARTESIAN_POINT('',(5.2,3.5,13.6));
#15458=CARTESIAN_POINT('',(5.2,3.5,13.6));
#15459=CARTESIAN_POINT('',(5.2,3.5,13.6));
#15460=CARTESIAN_POINT('',(5.2,3.5,13.6));
#15461=CARTESIAN_POINT('',(5.2,3.5,13.6));
#15462=CARTESIAN_POINT('',(5.2,3.5,13.6));
#15463=CARTESIAN_POINT('',(5.2,3.5,13.6));
#15464=CARTESIAN_POINT('',(5.2,3.5,16.00625));
#15465=CARTESIAN_POINT('',(5.2,3.5,14.1));
#15466=CARTESIAN_POINT('',(5.42101086242752E-017,4.7,14.4));
#15467=CARTESIAN_POINT('',(2.3,4.7,14.4));
#15468=CARTESIAN_POINT('',(0.2,4.7,14.4));
#15469=CARTESIAN_POINT('',(0.2,4.7,14.7));
#15470=CARTESIAN_POINT('',(0.2,4.7,14.7));
#15471=CARTESIAN_POINT('',(0.3,4.7,14.7));
#15472=CARTESIAN_POINT('',(0.3,4.7,14.8));
#15473=CARTESIAN_POINT('',(2.3,4.7,14.8));
#15474=CARTESIAN_POINT('',(2.3,4.7,14.8));
#15475=CARTESIAN_POINT('',(2.3,4.7,14.4));
#15476=CARTESIAN_POINT('',(5.42101086242752E-017,4.7,15.));
#15477=CARTESIAN_POINT('',(2.3,6.7,14.7));
#15478=CARTESIAN_POINT('',(2.3,6.7,14.8));
#15479=CARTESIAN_POINT('',(2.3,6.8,14.7));
#15480=CARTESIAN_POINT('',(2.3,6.8,14.4));
#15481=CARTESIAN_POINT('',(2.3,6.8,14.4));
#15482=CARTESIAN_POINT('',(2.3,7.,14.4));
#15483=CARTESIAN_POINT('',(2.3,6.7,14.8));
#15484=CARTESIAN_POINT('',(2.3,4.7,15.));
#15485=CARTESIAN_POINT('',(1.2,5.8,14.4));
#15486=CARTESIAN_POINT('',(1.8,5.8,14.4));
#15487=CARTESIAN_POINT('',(0.2,4.5,14.4));
#15488=CARTESIAN_POINT('',(2.5,6.8,14.4));
#15489=CARTESIAN_POINT('',(5.42101086242752E-017,7.,14.4));
#15490=CARTESIAN_POINT('',(1.2,5.8,14.9));
#15491=CARTESIAN_POINT('',(1.40909090909091,5.8,14.9));
#15492=CARTESIAN_POINT('',(1.2,5.8,14.9));
#15493=CARTESIAN_POINT('',(1.7,5.8,14.9));
#15494=CARTESIAN_POINT('',(1.2,5.8,14.9));
#15495=CARTESIAN_POINT('',(1.2,5.8,14.9));
#15496=CARTESIAN_POINT('',(1.2,5.8,14.1909184678163));
#15497=CARTESIAN_POINT('',(1.44132188782653,5.8,14.1909184678163));
#15498=CARTESIAN_POINT('',(1.2,5.8,15.1));
#15499=CARTESIAN_POINT('',(2.5,6.8,14.7));
#15500=CARTESIAN_POINT('',(2.5,6.8,15.));
#15501=CARTESIAN_POINT('',(2.5,6.7,14.8));
#15502=CARTESIAN_POINT('',(2.5,7.,14.7));
#15503=CARTESIAN_POINT('',(2.5,7.,14.8757359312881));
#15504=CARTESIAN_POINT('',(2.5,6.87573593128807,15.));
#15505=CARTESIAN_POINT('',(2.5,6.7,15.));
#15506=CARTESIAN_POINT('',(2.38284271247462,7.,14.7));
#15507=CARTESIAN_POINT('',(2.38284271247462,7.,14.8757359312881));
#15508=CARTESIAN_POINT('',(2.38284271247462,6.87573593128807,15.));
#15509=CARTESIAN_POINT('',(2.38284271247462,6.7,15.));
#15510=CARTESIAN_POINT('',(2.3,6.91715728752538,14.7));
#15511=CARTESIAN_POINT('',(2.3,6.91715728752538,14.8272077938642));
#15512=CARTESIAN_POINT('',(2.3,6.82720779386421,14.9171572875254));
#15513=CARTESIAN_POINT('',(2.3,6.7,14.9171572875254));
#15514=CARTESIAN_POINT('',(2.3,6.8,14.7));
#15515=CARTESIAN_POINT('',(2.3,6.8,14.7585786437627));
#15516=CARTESIAN_POINT('',(2.3,6.75857864376269,14.8));
#15517=CARTESIAN_POINT('',(2.3,6.7,14.8));
#15518=CARTESIAN_POINT('',(2.5,4.5,14.8));
#15519=CARTESIAN_POINT('',(2.5,3.5,14.8));
#15520=CARTESIAN_POINT('',(0.2,4.5,14.7));
#15521=CARTESIAN_POINT('',(0.2,4.5,0.));
#15522=CARTESIAN_POINT('',(0.3,4.5,14.8));
#15523=CARTESIAN_POINT('',(5.42101086242752E-017,4.5,14.8));
#15524=CARTESIAN_POINT('',(0.3,4.5,15.));
#15525=CARTESIAN_POINT('',(0.124264068711929,4.5,15.));
#15526=CARTESIAN_POINT('',(0.,4.5,14.8757359312881));
#15527=CARTESIAN_POINT('',(0.,4.5,14.7));
#15528=CARTESIAN_POINT('',(0.3,4.61715728752538,15.));
#15529=CARTESIAN_POINT('',(0.124264068711929,4.61715728752538,15.));
#15530=CARTESIAN_POINT('',(0.,4.61715728752538,14.8757359312881));
#15531=CARTESIAN_POINT('',(0.,4.61715728752538,14.7));
#15532=CARTESIAN_POINT('',(0.3,4.7,14.9171572875254));
#15533=CARTESIAN_POINT('',(0.172792206135785,4.7,14.9171572875254));
#15534=CARTESIAN_POINT('',(0.0828427124746189,4.7,14.8272077938642));
#15535=CARTESIAN_POINT('',(0.0828427124746189,4.7,14.7));
#15536=CARTESIAN_POINT('',(0.3,4.7,14.8));
#15537=CARTESIAN_POINT('',(0.24142135623731,4.7,14.8));
#15538=CARTESIAN_POINT('',(0.200000000000001,4.7,14.7585786437627));
#15539=CARTESIAN_POINT('',(0.200000000000001,4.7,14.7));
#15540=CARTESIAN_POINT('',(1.2,5.8,14.2));
#15541=CARTESIAN_POINT('',(0.211364730982758,-0.875000000000001,-19.4225047146812));
#15542=(
GEOMETRIC_REPRESENTATION_CONTEXT(3)
GLOBAL_UNCERTAINTY_ASSIGNED_CONTEXT((#15544))
GLOBAL_UNIT_ASSIGNED_CONTEXT((#15551,#15547,#15546))
REPRESENTATION_CONTEXT('45274461000_c','TOP_LEVEL_ASSEMBLY_PART')
);
#15543=(
GEOMETRIC_REPRESENTATION_CONTEXT(3)
GLOBAL_UNCERTAINTY_ASSIGNED_CONTEXT((#15545))
GLOBAL_UNIT_ASSIGNED_CONTEXT((#15551,#15547,#15546))
REPRESENTATION_CONTEXT('86340536000_a','COMPONENT_PART')
);
#15544=UNCERTAINTY_MEASURE_WITH_UNIT(LENGTH_MEASURE(0.0508),#15551,
'DISTANCE_ACCURACY_VALUE','Maximum Tolerance applied to model');
#15545=UNCERTAINTY_MEASURE_WITH_UNIT(LENGTH_MEASURE(0.0254),#15551,
'DISTANCE_ACCURACY_VALUE','Maximum Tolerance applied to model');
#15546=(
NAMED_UNIT(*)
SI_UNIT($,.STERADIAN.)
SOLID_ANGLE_UNIT()
);
#15547=(
CONVERSION_BASED_UNIT('DEGREE',#15549)
NAMED_UNIT(#15548)
PLANE_ANGLE_UNIT()
);
#15548=DIMENSIONAL_EXPONENTS(0.,0.,0.,0.,0.,0.,0.);
#15549=PLANE_ANGLE_MEASURE_WITH_UNIT(PLANE_ANGLE_MEASURE(0.0174532925),
#15550);
#15550=(
NAMED_UNIT(*)
PLANE_ANGLE_UNIT()
SI_UNIT($,.RADIAN.)
);
#15551=(
LENGTH_UNIT()
NAMED_UNIT(*)
SI_UNIT(.MILLI.,.METRE.)
);
ENDSEC;
END-ISO-10303-21;
